{"type":"FeatureCollection","name":"Departamento de Santa Cruz","features":[{"type":"Feature","geometry":{"type":"Polygon","coordinates":[[[-57.64,-17.98],[-57.62,-18.01],[-57.62,-18.01],[-57.62,-18.01],[-57.62,-18.01],[-57.62,-18.01],[-57.62,-18.01],[-57.61,-18.01],[-57.61,-18.01],[-57.61,-18.02],[-57.61,-18.02],[-57.61,-18.02],[-57.61,-18.02],[-57.61,-18.02],[-57.61,-18.02],[-57.61,-18.02],[-57.61,-18.02],[-57.61,-18.02],[-57.61,-18.02],[-57.61,-18.03],[-57.61,-18.03],[-57.61,-18.03],[-57.61,-18.03],[-57.61,-18.03],[-57.61,-18.03],[-57.6,-18.03],[-57.6,-18.03],[-57.6,-18.03],[-57.6,-18.03],[-57.6,-18.03],[-57.6,-18.04],[-57.6,-18.04],[-57.6,-18.04],[-57.6,-18.04],[-57.6,-18.04],[-57.6,-18.04],[-57.6,-18.04],[-57.6,-18.04],[-57.6,-18.04],[-57.6,-18.04],[-57.6,-18.04],[-57.6,-18.05],[-57.6,-18.05],[-57.6,-18.05],[-57.6,-18.05],[-57.6,-18.05],[-57.6,-18.05],[-57.6,-18.05],[-57.6,-18.05],[-57.6,-18.05],[-57.6,-18.05],[-57.6,-18.05],[-57.6,-18.06],[-57.59,-18.06],[-57.59,-18.06],[-57.59,-18.06],[-57.59,-18.06],[-57.59,-18.06],[-57.59,-18.06],[-57.59,-18.06],[-57.59,-18.06],[-57.59,-18.06],[-57.59,-18.07],[-57.59,-18.07],[-57.59,-18.07],[-57.59,-18.07],[-57.59,-18.07],[-57.59,-18.07],[-57.59,-18.07],[-57.59,-18.07],[-57.59,-18.07],[-57.59,-18.07],[-57.59,-18.07],[-57.59,-18.08],[-57.59,-18.08],[-57.59,-18.08],[-57.59,-18.08],[-57.59,-18.08],[-57.59,-18.08],[-57.59,-18.08],[-57.59,-18.08],[-57.59,-18.08],[-57.59,-18.08],[-57.59,-18.08],[-57.59,-18.09],[-57.59,-18.09],[-57.59,-18.09],[-57.59,-18.09],[-57.59,-18.09],[-57.59,-18.09],[-57.59,-18.09],[-57.59,-18.09],[-57.58,-18.09],[-57.58,-18.09],[-57.58,-18.09],[-57.58,-18.1],[-57.58,-18.1],[-57.58,-18.1],[-57.58,-18.1],[-57.58,-18.1],[-57.58,-18.1],[-57.58,-18.1],[-57.58,-18.1],[-57.58,-18.1],[-57.58,-18.1],[-57.58,-18.1],[-57.58,-18.11],[-57.58,-18.11],[-57.58,-18.11],[-57.58,-18.11],[-57.58,-18.11],[-57.58,-18.11],[-57.58,-18.11],[-57.58,-18.11],[-57.58,-18.11],[-57.58,-18.11],[-57.58,-18.11],[-57.58,-18.12],[-57.58,-18.12],[-57.58,-18.12],[-57.58,-18.12],[-57.58,-18.12],[-57.58,-18.12],[-57.58,-18.12],[-57.57,-18.12],[-57.57,-18.12],[-57.57,-18.12],[-57.57,-18.12],[-57.57,-18.12],[-57.57,-18.12],[-57.57,-18.13],[-57.57,-18.13],[-57.57,-18.13],[-57.57,-18.13],[-57.57,-18.13],[-57.57,-18.13],[-57.56,-18.13],[-57.56,-18.13],[-57.56,-18.13],[-57.56,-18.13],[-57.56,-18.13],[-57.56,-18.14],[-57.56,-18.14],[-57.56,-18.14],[-57.56,-18.14],[-57.56,-18.14],[-57.56,-18.14],[-57.56,-18.14],[-57.56,-18.14],[-57.55,-18.14],[-57.55,-18.14],[-57.55,-18.14],[-57.55,-18.14],[-57.55,-18.15],[-57.55,-18.15],[-57.55,-18.15],[-57.55,-18.15],[-57.55,-18.15],[-57.55,-18.15],[-57.55,-18.15],[-57.55,-18.15],[-57.55,-18.15],[-57.54,-18.15],[-57.54,-18.15],[-57.54,-18.15],[-57.54,-18.16],[-57.54,-18.16],[-57.54,-18.16],[-57.54,-18.16],[-57.54,-18.16],[-57.54,-18.16],[-57.54,-18.16],[-57.54,-18.16],[-57.54,-18.16],[-57.54,-18.16],[-57.53,-18.16],[-57.53,-18.16],[-57.53,-18.17],[-57.53,-18.17],[-57.53,-18.17],[-57.53,-18.17],[-57.53,-18.17],[-57.53,-18.17],[-57.53,-18.17],[-57.52,-18.18],[-57.52,-18.18],[-57.52,-18.18],[-57.52,-18.18],[-57.51,-18.19],[-57.51,-18.19],[-57.51,-18.2],[-57.51,-18.2],[-57.51,-18.2],[-57.51,-18.2],[-57.5,-18.2],[-57.5,-18.2],[-57.5,-18.2],[-57.5,-18.2],[-57.5,-18.19],[-57.5,-18.19],[-57.5,-18.19],[-57.5,-18.19],[-57.5,-18.19],[-57.5,-18.19],[-57.5,-18.19],[-57.5,-18.19],[-57.5,-18.19],[-57.5,-18.19],[-57.5,-18.19],[-57.49,-18.2],[-57.49,-18.2],[-57.48,-18.2],[-57.48,-18.2],[-57.48,-18.2],[-57.48,-18.2],[-57.47,-18.21],[-57.47,-18.21],[-57.47,-18.22],[-57.46,-18.22],[-57.46,-18.22],[-57.45,-18.23],[-57.46,-18.23],[-57.5,-18.23],[-57.5,-18.23],[-57.5,-18.23],[-57.51,-18.23],[-57.52,-18.23],[-57.52,-18.24],[-57.52,-18.24],[-57.53,-18.24],[-57.53,-18.24],[-57.54,-18.24],[-57.54,-18.24],[-57.55,-18.24],[-57.55,-18.24],[-57.55,-18.24],[-57.56,-18.24],[-57.56,-18.24],[-57.56,-18.24],[-57.56,-18.24],[-57.56,-18.24],[-57.56,-18.24],[-57.56,-18.24],[-57.56,-18.25],[-57.56,-18.25],[-57.56,-18.25],[-57.56,-18.25],[-57.56,-18.25],[-57.56,-18.26],[-57.57,-18.26],[-57.57,-18.26],[-57.57,-18.27],[-57.57,-18.27],[-57.57,-18.27],[-57.57,-18.28],[-57.57,-18.28],[-57.57,-18.28],[-57.57,-18.28],[-57.57,-18.28],[-57.57,-18.29],[-57.58,-18.29],[-57.58,-18.3],[-57.58,-18.3],[-57.58,-18.3],[-57.58,-18.3],[-57.58,-18.3],[-57.58,-18.31],[-57.58,-18.32],[-57.58,-18.32],[-57.58,-18.32],[-57.59,-18.32],[-57.59,-18.33],[-57.59,-18.33],[-57.59,-18.33],[-57.59,-18.33],[-57.65,-18.52],[-57.65,-18.52],[-57.65,-18.53],[-57.65,-18.54],[-57.65,-18.54],[-57.65,-18.54],[-57.65,-18.55],[-57.66,-18.55],[-57.66,-18.55],[-57.66,-18.56],[-57.66,-18.56],[-57.66,-18.56],[-57.66,-18.57],[-57.66,-18.57],[-57.67,-18.58],[-57.67,-18.58],[-57.67,-18.59],[-57.67,-18.59],[-57.67,-18.59],[-57.67,-18.6],[-57.67,-18.6],[-57.67,-18.6],[-57.68,-18.61],[-57.68,-18.62],[-57.68,-18.62],[-57.68,-18.62],[-57.68,-18.63],[-57.68,-18.63],[-57.68,-18.64],[-57.68,-18.64],[-57.68,-18.64],[-57.69,-18.64],[-57.69,-18.65],[-57.69,-18.65],[-57.69,-18.66],[-57.69,-18.66],[-57.69,-18.66],[-57.69,-18.67],[-57.69,-18.67],[-57.69,-18.67],[-57.69,-18.67],[-57.69,-18.67],[-57.7,-18.68],[-57.7,-18.68],[-57.7,-18.68],[-57.7,-18.68],[-57.7,-18.69],[-57.7,-18.7],[-57.7,-18.7],[-57.71,-18.71],[-57.71,-18.71],[-57.71,-18.71],[-57.71,-18.72],[-57.71,-18.72],[-57.71,-18.73],[-57.71,-18.73],[-57.71,-18.73],[-57.72,-18.74],[-57.72,-18.75],[-57.72,-18.75],[-57.72,-18.76],[-57.72,-18.76],[-57.72,-18.76],[-57.73,-18.77],[-57.73,-18.78],[-57.73,-18.79],[-57.73,-18.8],[-57.73,-18.8],[-57.74,-18.8],[-57.74,-18.82],[-57.74,-18.82],[-57.74,-18.83],[-57.74,-18.83],[-57.74,-18.83],[-57.74,-18.83],[-57.75,-18.83],[-57.75,-18.83],[-57.75,-18.84],[-57.75,-18.84],[-57.75,-18.84],[-57.75,-18.84],[-57.75,-18.85],[-57.75,-18.85],[-57.75,-18.85],[-57.75,-18.85],[-57.75,-18.85],[-57.75,-18.85],[-57.75,-18.85],[-57.75,-18.85],[-57.75,-18.85],[-57.75,-18.85],[-57.75,-18.85],[-57.75,-18.85],[-57.75,-18.85],[-57.75,-18.86],[-57.75,-18.86],[-57.75,-18.86],[-57.75,-18.86],[-57.75,-18.86],[-57.75,-18.86],[-57.75,-18.87],[-57.76,-18.87],[-57.76,-18.87],[-57.76,-18.87],[-57.76,-18.87],[-57.76,-18.87],[-57.76,-18.87],[-57.76,-18.87],[-57.76,-18.88],[-57.76,-18.88],[-57.76,-18.88],[-57.76,-18.88],[-57.76,-18.88],[-57.76,-18.89],[-57.76,-18.89],[-57.76,-18.89],[-57.76,-18.89],[-57.76,-18.89],[-57.76,-18.89],[-57.77,-18.89],[-57.77,-18.9],[-57.77,-18.9],[-57.76,-18.9],[-57.76,-18.9],[-57.76,-18.9],[-57.75,-18.9],[-57.75,-18.9],[-57.75,-18.9],[-57.75,-18.9],[-57.75,-18.9],[-57.74,-18.9],[-57.74,-18.9],[-57.74,-18.9],[-57.74,-18.9],[-57.74,-18.9],[-57.73,-18.9],[-57.73,-18.9],[-57.73,-18.9],[-57.72,-18.9],[-57.72,-18.89],[-57.72,-18.89],[-57.72,-18.9],[-57.72,-18.9],[-57.72,-18.9],[-57.72,-18.9],[-57.72,-18.91],[-57.72,-18.91],[-57.72,-18.91],[-57.72,-18.91],[-57.72,-18.92],[-57.72,-18.92],[-57.72,-18.92],[-57.72,-18.92],[-57.72,-18.93],[-57.72,-18.93],[-57.72,-18.93],[-57.72,-18.93],[-57.72,-18.94],[-57.72,-18.94],[-57.72,-18.94],[-57.72,-18.95],[-57.72,-18.95],[-57.72,-18.95],[-57.72,-18.95],[-57.72,-18.96],[-57.72,-18.96],[-57.72,-18.96],[-57.72,-18.96],[-57.72,-18.97],[-57.72,-18.97],[-57.72,-18.97],[-57.72,-18.97],[-57.72,-18.97],[-57.72,-18.97],[-57.72,-18.97],[-57.71,-18.97],[-57.71,-18.97],[-57.71,-18.97],[-57.71,-18.97],[-57.71,-18.97],[-57.71,-18.97],[-57.71,-18.98],[-57.71,-18.98],[-57.71,-18.98],[-57.71,-18.98],[-57.71,-18.98],[-57.71,-18.98],[-57.7,-18.98],[-57.7,-18.98],[-57.7,-18.98],[-57.7,-18.98],[-57.7,-18.98],[-57.7,-18.98],[-57.7,-18.99],[-57.7,-18.99],[-57.7,-18.99],[-57.7,-18.99],[-57.7,-18.99],[-57.7,-18.99],[-57.7,-18.99],[-57.7,-18.99],[-57.7,-18.99],[-57.7,-18.99],[-57.7,-18.99],[-57.7,-18.99],[-57.7,-18.99],[-57.7,-18.99],[-57.7,-19],[-57.7,-19],[-57.7,-19],[-57.7,-19],[-57.7,-19],[-57.7,-19],[-57.7,-19],[-57.7,-19],[-57.7,-19],[-57.7,-19],[-57.69,-19],[-57.69,-19],[-57.69,-19],[-57.69,-19.01],[-57.69,-19.01],[-57.69,-19.01],[-57.69,-19.01],[-57.69,-19.01],[-57.69,-19.01],[-57.69,-19.01],[-57.69,-19.01],[-57.7,-19.01],[-57.7,-19.01],[-57.7,-19.01],[-57.7,-19.01],[-57.7,-19.01],[-57.7,-19.01],[-57.7,-19.01],[-57.7,-19.01],[-57.7,-19.01],[-57.7,-19.02],[-57.7,-19.02],[-57.7,-19.02],[-57.7,-19.02],[-57.7,-19.02],[-57.7,-19.02],[-57.7,-19.02],[-57.7,-19.02],[-57.71,-19.02],[-57.71,-19.02],[-57.71,-19.02],[-57.71,-19.03],[-57.71,-19.03],[-57.71,-19.03],[-57.71,-19.03],[-57.71,-19.03],[-57.73,-19.03],[-57.74,-19.03],[-57.75,-19.03],[-57.75,-19.03],[-57.75,-19.03],[-57.76,-19.03],[-57.77,-19.03],[-57.78,-19.03],[-57.78,-19.04],[-57.79,-19.04],[-57.79,-19.05],[-57.79,-19.06],[-57.8,-19.06],[-57.8,-19.07],[-57.8,-19.07],[-57.8,-19.08],[-57.81,-19.08],[-57.81,-19.09],[-57.81,-19.1],[-57.82,-19.1],[-57.82,-19.11],[-57.82,-19.11],[-57.82,-19.12],[-57.82,-19.12],[-57.83,-19.13],[-57.83,-19.13],[-57.83,-19.14],[-57.84,-19.14],[-57.84,-19.15],[-57.84,-19.16],[-57.84,-19.16],[-57.85,-19.17],[-57.85,-19.17],[-57.85,-19.17],[-57.85,-19.18],[-57.85,-19.18],[-57.85,-19.18],[-57.86,-19.19],[-57.86,-19.19],[-57.86,-19.2],[-57.86,-19.2],[-57.87,-19.21],[-57.87,-19.21],[-57.87,-19.22],[-57.87,-19.22],[-57.87,-19.22],[-57.88,-19.23],[-57.88,-19.23],[-57.88,-19.24],[-57.88,-19.24],[-57.89,-19.25],[-57.89,-19.25],[-57.89,-19.26],[-57.89,-19.26],[-57.89,-19.26],[-57.9,-19.27],[-57.9,-19.27],[-57.9,-19.28],[-57.9,-19.28],[-57.9,-19.29],[-57.91,-19.29],[-57.91,-19.3],[-57.91,-19.3],[-57.91,-19.3],[-57.91,-19.31],[-57.92,-19.31],[-57.92,-19.32],[-57.92,-19.32],[-57.92,-19.33],[-57.93,-19.33],[-57.93,-19.33],[-57.93,-19.33],[-57.93,-19.33],[-57.93,-19.34],[-57.93,-19.34],[-57.93,-19.34],[-57.93,-19.34],[-57.93,-19.34],[-57.93,-19.34],[-57.93,-19.35],[-57.93,-19.35],[-57.93,-19.35],[-57.94,-19.35],[-57.94,-19.35],[-57.94,-19.35],[-57.94,-19.36],[-57.94,-19.36],[-57.94,-19.36],[-57.94,-19.36],[-57.94,-19.36],[-57.94,-19.37],[-57.94,-19.37],[-57.94,-19.37],[-57.94,-19.37],[-57.95,-19.37],[-57.95,-19.37],[-57.95,-19.38],[-57.95,-19.38],[-57.95,-19.38],[-57.95,-19.38],[-57.95,-19.38],[-57.95,-19.38],[-57.95,-19.39],[-57.95,-19.39],[-57.95,-19.39],[-57.95,-19.39],[-57.96,-19.39],[-57.96,-19.4],[-57.96,-19.4],[-57.96,-19.4],[-57.96,-19.4],[-57.96,-19.4],[-57.96,-19.4],[-57.96,-19.41],[-57.96,-19.41],[-57.96,-19.41],[-57.96,-19.41],[-57.97,-19.41],[-57.97,-19.42],[-57.97,-19.42],[-57.97,-19.42],[-57.97,-19.42],[-57.97,-19.42],[-57.97,-19.42],[-57.97,-19.43],[-57.97,-19.43],[-57.97,-19.43],[-57.97,-19.43],[-57.97,-19.43],[-57.98,-19.43],[-57.98,-19.44],[-57.98,-19.44],[-57.98,-19.44],[-57.98,-19.44],[-57.98,-19.44],[-57.98,-19.45],[-57.98,-19.45],[-57.98,-19.45],[-57.98,-19.45],[-57.98,-19.45],[-57.99,-19.45],[-57.99,-19.46],[-57.99,-19.46],[-57.99,-19.46],[-57.99,-19.46],[-57.99,-19.46],[-57.99,-19.47],[-57.99,-19.47],[-57.99,-19.47],[-57.99,-19.47],[-57.99,-19.47],[-57.99,-19.47],[-58,-19.48],[-58,-19.48],[-58,-19.48],[-58,-19.48],[-58,-19.48],[-58,-19.49],[-58.01,-19.5],[-58.01,-19.5],[-58.09,-19.67],[-58.09,-19.67],[-58.09,-19.67],[-58.09,-19.67],[-58.09,-19.68],[-58.09,-19.68],[-58.1,-19.69],[-58.1,-19.69],[-58.1,-19.69],[-58.1,-19.7],[-58.1,-19.7],[-58.11,-19.71],[-58.11,-19.71],[-58.11,-19.71],[-58.11,-19.72],[-58.11,-19.72],[-58.12,-19.73],[-58.12,-19.73],[-58.12,-19.73],[-58.12,-19.74],[-58.12,-19.74],[-58.13,-19.75],[-58.13,-19.75],[-58.13,-19.75],[-58.13,-19.75],[-58.13,-19.76],[-58.12,-19.76],[-58.12,-19.77],[-58.11,-19.77],[-58.1,-19.78],[-58.1,-19.78],[-58.09,-19.78],[-58.09,-19.79],[-58.08,-19.79],[-58.08,-19.8],[-58.07,-19.8],[-58.07,-19.8],[-58.06,-19.81],[-58.06,-19.81],[-58.06,-19.81],[-58.05,-19.82],[-58.05,-19.82],[-58.04,-19.82],[-58.04,-19.83],[-58.04,-19.83],[-58.04,-19.83],[-58.04,-19.83],[-58.04,-19.83],[-58.03,-19.83],[-58.03,-19.83],[-58,-19.86],[-58,-19.86],[-58,-19.86],[-57.99,-19.86],[-57.99,-19.87],[-57.99,-19.87],[-57.98,-19.87],[-57.98,-19.87],[-57.97,-19.88],[-57.97,-19.88],[-57.96,-19.89],[-57.96,-19.89],[-57.95,-19.9],[-57.95,-19.9],[-57.94,-19.9],[-57.94,-19.91],[-57.93,-19.91],[-57.92,-19.92],[-57.92,-19.92],[-57.91,-19.93],[-57.91,-19.93],[-57.9,-19.93],[-57.9,-19.94],[-57.89,-19.94],[-57.88,-19.95],[-57.88,-19.95],[-57.87,-19.96],[-57.87,-19.96],[-57.86,-19.97],[-57.86,-19.97],[-57.86,-19.97],[-57.86,-19.97],[-57.86,-19.97],[-57.86,-19.97],[-57.86,-19.98],[-57.86,-19.98],[-57.87,-19.99],[-57.87,-19.99],[-57.87,-20],[-57.88,-20],[-57.88,-20],[-57.88,-20],[-57.88,-20],[-57.88,-20],[-57.88,-20],[-57.88,-20],[-57.88,-20.01],[-57.88,-20.01],[-57.88,-20.01],[-57.89,-20.01],[-57.89,-20.01],[-57.89,-20.01],[-57.89,-20.02],[-57.89,-20.02],[-57.89,-20.02],[-57.89,-20.02],[-57.89,-20.02],[-57.89,-20.03],[-57.89,-20.03],[-57.9,-20.03],[-57.9,-20.03],[-57.9,-20.03],[-57.9,-20.03],[-57.9,-20.03],[-57.9,-20.04],[-57.9,-20.04],[-57.9,-20.04],[-57.9,-20.04],[-57.9,-20.04],[-57.9,-20.04],[-57.9,-20.04],[-57.9,-20.04],[-57.9,-20.04],[-57.9,-20.04],[-57.9,-20.04],[-57.91,-20.04],[-57.91,-20.04],[-57.91,-20.04],[-57.91,-20.04],[-57.91,-20.03],[-57.91,-20.03],[-57.91,-20.03],[-57.92,-20.03],[-57.92,-20.03],[-57.92,-20.03],[-57.92,-20.03],[-57.92,-20.02],[-57.92,-20.02],[-57.93,-20.02],[-57.93,-20.02],[-57.93,-20.02],[-57.94,-20.02],[-57.94,-20.02],[-57.94,-20.02],[-57.94,-20.02],[-57.95,-20.02],[-57.95,-20.02],[-57.95,-20.02],[-57.95,-20.02],[-57.96,-20.02],[-57.96,-20.02],[-57.96,-20.02],[-57.96,-20.02],[-57.96,-20.03],[-57.97,-20.03],[-57.97,-20.03],[-57.97,-20.03],[-57.97,-20.04],[-57.97,-20.04],[-57.97,-20.04],[-57.97,-20.04],[-57.97,-20.04],[-57.97,-20.05],[-57.97,-20.05],[-57.98,-20.05],[-57.98,-20.05],[-57.98,-20.05],[-57.98,-20.06],[-57.99,-20.06],[-57.99,-20.05],[-57.99,-20.05],[-58,-20.05],[-58,-20.05],[-58,-20.05],[-58,-20.05],[-58.01,-20.05],[-58.01,-20.05],[-58.01,-20.05],[-58.02,-20.05],[-58.02,-20.05],[-58.02,-20.05],[-58.03,-20.06],[-58.03,-20.06],[-58.04,-20.07],[-58.04,-20.07],[-58.04,-20.08],[-58.04,-20.09],[-58.04,-20.09],[-58.04,-20.1],[-58.05,-20.1],[-58.05,-20.1],[-58.06,-20.1],[-58.06,-20.1],[-58.06,-20.1],[-58.07,-20.1],[-58.07,-20.1],[-58.07,-20.1],[-58.08,-20.1],[-58.09,-20.1],[-58.09,-20.1],[-58.1,-20.11],[-58.1,-20.11],[-58.1,-20.12],[-58.1,-20.12],[-58.11,-20.12],[-58.11,-20.13],[-58.11,-20.13],[-58.11,-20.14],[-58.11,-20.14],[-58.12,-20.14],[-58.12,-20.15],[-58.13,-20.15],[-58.14,-20.15],[-58.14,-20.15],[-58.14,-20.15],[-58.15,-20.15],[-58.15,-20.15],[-58.15,-20.15],[-58.16,-20.16],[-58.16,-20.16],[-58.17,-20.16],[-58.17,-20.16],[-58.17,-20.15],[-58.17,-20.15],[-58.16,-20.15],[-58.16,-20.14],[-58.16,-20.14],[-58.16,-20.14],[-58.15,-20.14],[-58.14,-20.14],[-58.14,-20.13],[-58.14,-20.13],[-58.14,-20.13],[-58.14,-20.12],[-58.14,-20.12],[-58.14,-20.12],[-58.14,-20.12],[-58.14,-20.11],[-58.14,-20.11],[-58.14,-20.11],[-58.14,-20.11],[-58.14,-20.11],[-58.14,-20.1],[-58.14,-20.1],[-58.14,-20.1],[-58.14,-20.09],[-58.15,-20.09],[-58.15,-20.09],[-58.15,-20.08],[-58.15,-20.08],[-58.15,-20.08],[-58.15,-20.08],[-58.15,-20.08],[-58.15,-20.07],[-58.16,-20.07],[-58.16,-20.07],[-58.16,-20.07],[-58.16,-20.07],[-58.16,-20.07],[-58.16,-20.07],[-58.16,-20.07],[-58.16,-20.07],[-58.16,-20.06],[-58.16,-20.06],[-58.16,-20.06],[-58.16,-20.06],[-58.16,-20.05],[-58.16,-20.05],[-58.16,-20.05],[-58.17,-20.05],[-58.16,-20.05],[-58.16,-20.05],[-58.16,-20.05],[-58.16,-20.04],[-58.16,-20.04],[-58.16,-20.04],[-58.16,-20.04],[-58.16,-20.04],[-58.16,-20.03],[-58.17,-20.03],[-58.17,-20.03],[-58.17,-20.03],[-58.17,-20.02],[-58.17,-20.02],[-58.17,-20.02],[-58.17,-20.01],[-58.17,-20.01],[-58.18,-20.01],[-58.18,-20.01],[-58.18,-20],[-58.18,-20],[-58.18,-19.99],[-58.18,-19.98],[-58.18,-19.98],[-58.18,-19.97],[-58.19,-19.96],[-58.19,-19.96],[-58.19,-19.96],[-58.19,-19.96],[-58.2,-19.96],[-58.2,-19.96],[-58.2,-19.96],[-58.21,-19.95],[-58.21,-19.95],[-58.21,-19.95],[-58.21,-19.95],[-58.21,-19.94],[-58.2,-19.94],[-58.2,-19.93],[-58.2,-19.93],[-58.2,-19.93],[-58.19,-19.92],[-58.2,-19.92],[-58.2,-19.92],[-58.2,-19.91],[-58.2,-19.91],[-58.2,-19.9],[-58.2,-19.9],[-58.2,-19.89],[-58.2,-19.89],[-58.2,-19.88],[-58.2,-19.88],[-58.2,-19.88],[-58.2,-19.87],[-58.2,-19.87],[-58.2,-19.87],[-58.2,-19.86],[-58.2,-19.86],[-58.19,-19.85],[-58.19,-19.85],[-58.19,-19.85],[-58.18,-19.84],[-58.18,-19.84],[-58.17,-19.84],[-58.17,-19.83],[-58.17,-19.83],[-58.17,-19.83],[-58.17,-19.83],[-58.17,-19.83],[-58.17,-19.83],[-58.17,-19.83],[-58.17,-19.83],[-58.17,-19.83],[-58.17,-19.83],[-58.17,-19.83],[-58.17,-19.83],[-58.17,-19.83],[-58.16,-19.83],[-58.16,-19.82],[-58.16,-19.82],[-58.16,-19.82],[-58.17,-19.82],[-58.17,-19.82],[-58.17,-19.82],[-58.18,-19.81],[-58.18,-19.81],[-58.18,-19.81],[-58.19,-19.81],[-58.19,-19.8],[-58.19,-19.8],[-58.2,-19.8],[-58.2,-19.8],[-58.2,-19.8],[-58.2,-19.79],[-58.21,-19.79],[-58.21,-19.79],[-58.21,-19.79],[-58.22,-19.78],[-58.22,-19.78],[-58.22,-19.78],[-58.23,-19.78],[-58.23,-19.78],[-58.23,-19.77],[-58.23,-19.77],[-58.23,-19.77],[-58.24,-19.77],[-58.24,-19.77],[-58.24,-19.77],[-58.25,-19.77],[-58.25,-19.77],[-58.25,-19.76],[-58.25,-19.76],[-58.25,-19.76],[-58.26,-19.76],[-58.26,-19.76],[-58.26,-19.76],[-58.27,-19.76],[-58.27,-19.76],[-58.27,-19.75],[-58.28,-19.75],[-58.28,-19.75],[-58.28,-19.75],[-58.29,-19.75],[-58.29,-19.75],[-58.29,-19.74],[-58.3,-19.74],[-58.3,-19.74],[-58.3,-19.74],[-58.31,-19.74],[-58.31,-19.74],[-58.31,-19.73],[-58.32,-19.73],[-58.32,-19.73],[-58.32,-19.73],[-58.33,-19.73],[-58.33,-19.73],[-58.33,-19.72],[-58.34,-19.72],[-58.34,-19.72],[-58.34,-19.72],[-58.35,-19.72],[-58.35,-19.72],[-58.35,-19.72],[-58.36,-19.71],[-58.36,-19.71],[-58.36,-19.71],[-58.37,-19.71],[-58.37,-19.71],[-58.37,-19.71],[-58.38,-19.7],[-58.38,-19.7],[-58.38,-19.7],[-58.39,-19.7],[-58.39,-19.7],[-58.39,-19.7],[-58.4,-19.7],[-58.4,-19.69],[-58.4,-19.69],[-58.4,-19.69],[-58.41,-19.69],[-58.41,-19.69],[-58.41,-19.69],[-58.42,-19.69],[-58.42,-19.68],[-58.42,-19.68],[-58.43,-19.68],[-58.43,-19.68],[-58.43,-19.68],[-58.43,-19.68],[-58.44,-19.68],[-58.44,-19.67],[-58.44,-19.67],[-58.45,-19.67],[-58.45,-19.67],[-58.45,-19.67],[-58.45,-19.67],[-58.45,-19.67],[-58.45,-19.67],[-58.46,-19.67],[-58.46,-19.67],[-58.46,-19.67],[-58.46,-19.67],[-58.46,-19.67],[-58.46,-19.67],[-58.5,-19.65],[-58.5,-19.65],[-58.64,-19.58],[-58.74,-19.53],[-58.75,-19.53],[-58.75,-19.53],[-58.75,-19.53],[-58.81,-19.5],[-58.81,-19.5],[-58.82,-19.49],[-58.82,-19.49],[-58.83,-19.49],[-58.83,-19.49],[-58.84,-19.49],[-58.85,-19.48],[-58.85,-19.48],[-58.85,-19.48],[-58.86,-19.47],[-58.87,-19.47],[-58.87,-19.47],[-58.88,-19.46],[-58.88,-19.46],[-58.89,-19.46],[-58.89,-19.46],[-58.89,-19.46],[-58.9,-19.45],[-58.92,-19.44],[-58.92,-19.44],[-58.92,-19.44],[-58.93,-19.43],[-58.94,-19.43],[-58.95,-19.42],[-58.96,-19.42],[-58.96,-19.42],[-58.96,-19.42],[-58.97,-19.42],[-58.97,-19.41],[-58.97,-19.41],[-59,-19.4],[-59,-19.4],[-59,-19.4],[-59,-19.4],[-59.01,-19.39],[-59.01,-19.39],[-59.03,-19.38],[-59.05,-19.37],[-59.05,-19.37],[-59.06,-19.36],[-59.08,-19.36],[-59.08,-19.35],[-59.09,-19.35],[-59.09,-19.35],[-59.1,-19.35],[-59.1,-19.35],[-59.1,-19.35],[-59.11,-19.34],[-59.15,-19.34],[-59.25,-19.34],[-59.64,-19.31],[-59.88,-19.3],[-59.93,-19.3],[-59.98,-19.29],[-60,-19.3],[-60.03,-19.31],[-60.05,-19.31],[-60.09,-19.32],[-60.12,-19.33],[-60.14,-19.33],[-60.18,-19.34],[-60.2,-19.35],[-60.25,-19.36],[-60.27,-19.37],[-60.3,-19.37],[-60.34,-19.39],[-60.39,-19.4],[-60.4,-19.4],[-60.43,-19.41],[-60.46,-19.42],[-60.5,-19.43],[-60.51,-19.43],[-60.52,-19.43],[-60.53,-19.43],[-60.54,-19.44],[-60.55,-19.44],[-60.56,-19.44],[-60.57,-19.44],[-60.58,-19.45],[-60.59,-19.45],[-60.59,-19.45],[-60.6,-19.45],[-60.6,-19.45],[-60.61,-19.45],[-60.61,-19.45],[-60.62,-19.45],[-60.63,-19.46],[-60.64,-19.46],[-60.64,-19.46],[-60.66,-19.46],[-60.66,-19.46],[-60.67,-19.46],[-60.67,-19.46],[-60.69,-19.47],[-60.72,-19.47],[-60.73,-19.47],[-60.74,-19.47],[-60.76,-19.48],[-60.77,-19.48],[-60.81,-19.49],[-60.83,-19.49],[-60.83,-19.49],[-60.85,-19.49],[-60.87,-19.49],[-60.88,-19.5],[-60.9,-19.5],[-61,-19.52],[-61.01,-19.52],[-61.02,-19.52],[-61.04,-19.52],[-61.05,-19.52],[-61.06,-19.53],[-61.07,-19.53],[-61.08,-19.53],[-61.09,-19.53],[-61.1,-19.53],[-61.12,-19.54],[-61.13,-19.54],[-61.16,-19.54],[-61.17,-19.54],[-61.19,-19.55],[-61.21,-19.55],[-61.22,-19.55],[-61.24,-19.55],[-61.25,-19.56],[-61.27,-19.56],[-61.28,-19.56],[-61.29,-19.56],[-61.3,-19.56],[-61.33,-19.57],[-61.34,-19.57],[-61.36,-19.57],[-61.38,-19.58],[-61.4,-19.58],[-61.42,-19.58],[-61.45,-19.59],[-61.48,-19.59],[-61.5,-19.59],[-61.5,-19.59],[-61.54,-19.6],[-61.6,-19.61],[-61.64,-19.62],[-61.66,-19.62],[-61.68,-19.62],[-61.7,-19.62],[-61.71,-19.63],[-61.72,-19.63],[-61.73,-19.63],[-61.73,-19.63],[-61.74,-19.64],[-61.74,-19.64],[-61.74,-19.64],[-61.74,-19.65],[-61.74,-19.65],[-61.74,-19.65],[-61.74,-19.65],[-61.74,-19.66],[-61.74,-19.66],[-61.74,-19.66],[-61.75,-19.66],[-61.75,-19.67],[-61.76,-19.69],[-61.77,-19.72],[-61.79,-19.76],[-61.8,-19.79],[-61.81,-19.83],[-61.82,-19.83],[-61.82,-19.83],[-61.82,-19.84],[-61.83,-19.87],[-61.85,-19.91],[-61.86,-19.95],[-61.87,-19.97],[-61.89,-20.01],[-61.89,-20.02],[-61.9,-20.04],[-61.9,-20.05],[-61.91,-20.06],[-61.91,-20.07],[-61.92,-20.08],[-61.92,-20.09],[-61.92,-20.09],[-61.93,-20.1],[-61.94,-20.11],[-61.94,-20.12],[-61.94,-20.12],[-61.95,-20.12],[-61.96,-20.14],[-61.96,-20.14],[-61.97,-20.15],[-61.97,-20.15],[-61.97,-20.15],[-61.97,-20.15],[-61.97,-20.16],[-61.97,-20.16],[-61.98,-20.16],[-61.98,-20.17],[-61.98,-20.17],[-61.98,-20.17],[-62,-20.19],[-62.03,-20.23],[-62.04,-20.25],[-62.06,-20.28],[-62.08,-20.3],[-62.1,-20.33],[-62.11,-20.35],[-62.12,-20.36],[-62.14,-20.39],[-62.15,-20.41],[-62.16,-20.42],[-62.18,-20.44],[-62.19,-20.46],[-62.21,-20.46],[-62.25,-20.46],[-62.25,-20.46],[-62.29,-20.46],[-62.31,-20.46],[-62.35,-20.46],[-62.37,-20.46],[-62.39,-20.46],[-62.43,-20.46],[-62.47,-20.46],[-62.5,-20.46],[-62.51,-20.46],[-62.55,-20.46],[-62.58,-20.46],[-62.62,-20.46],[-62.66,-20.46],[-62.68,-20.46],[-62.7,-20.46],[-62.75,-20.46],[-62.78,-20.46],[-62.82,-20.46],[-62.86,-20.46],[-62.87,-20.46],[-62.94,-20.46],[-62.97,-20.46],[-63,-20.46],[-63.01,-20.46],[-63.03,-20.46],[-63.07,-20.46],[-63.13,-20.46],[-63.21,-20.46],[-63.25,-20.46],[-63.25,-20.46],[-63.29,-20.46],[-63.31,-20.46],[-63.33,-20.46],[-63.36,-20.46],[-63.36,-20.46],[-63.36,-20.46],[-63.36,-20.45],[-63.36,-20.45],[-63.36,-20.45],[-63.36,-20.45],[-63.36,-20.45],[-63.36,-20.45],[-63.36,-20.45],[-63.36,-20.45],[-63.36,-20.44],[-63.36,-20.44],[-63.36,-20.44],[-63.36,-20.44],[-63.36,-20.44],[-63.36,-20.44],[-63.36,-20.44],[-63.36,-20.44],[-63.36,-20.44],[-63.36,-20.43],[-63.36,-20.43],[-63.36,-20.43],[-63.36,-20.43],[-63.36,-20.43],[-63.36,-20.43],[-63.36,-20.43],[-63.36,-20.43],[-63.36,-20.43],[-63.36,-20.43],[-63.35,-20.43],[-63.35,-20.43],[-63.35,-20.42],[-63.35,-20.42],[-63.35,-20.42],[-63.35,-20.42],[-63.35,-20.42],[-63.35,-20.42],[-63.35,-20.41],[-63.35,-20.41],[-63.35,-20.4],[-63.35,-20.4],[-63.35,-20.4],[-63.35,-20.4],[-63.35,-20.4],[-63.35,-20.4],[-63.36,-20.4],[-63.36,-20.4],[-63.35,-20.4],[-63.35,-20.4],[-63.35,-20.4],[-63.35,-20.4],[-63.35,-20.4],[-63.35,-20.39],[-63.36,-20.39],[-63.36,-20.39],[-63.36,-20.39],[-63.36,-20.39],[-63.35,-20.39],[-63.35,-20.39],[-63.36,-20.39],[-63.36,-20.39],[-63.36,-20.39],[-63.36,-20.39],[-63.36,-20.39],[-63.36,-20.39],[-63.36,-20.39],[-63.36,-20.39],[-63.36,-20.39],[-63.36,-20.39],[-63.36,-20.39],[-63.36,-20.39],[-63.36,-20.39],[-63.36,-20.39],[-63.36,-20.39],[-63.37,-20.39],[-63.37,-20.39],[-63.37,-20.39],[-63.37,-20.39],[-63.37,-20.39],[-63.37,-20.39],[-63.37,-20.39],[-63.37,-20.39],[-63.37,-20.39],[-63.37,-20.39],[-63.37,-20.39],[-63.37,-20.39],[-63.37,-20.39],[-63.37,-20.39],[-63.37,-20.39],[-63.37,-20.39],[-63.37,-20.39],[-63.37,-20.39],[-63.37,-20.39],[-63.37,-20.39],[-63.37,-20.39],[-63.37,-20.39],[-63.37,-20.39],[-63.37,-20.39],[-63.37,-20.39],[-63.37,-20.39],[-63.38,-20.39],[-63.38,-20.39],[-63.38,-20.39],[-63.38,-20.39],[-63.38,-20.39],[-63.38,-20.39],[-63.38,-20.39],[-63.38,-20.39],[-63.38,-20.39],[-63.38,-20.39],[-63.38,-20.39],[-63.38,-20.39],[-63.38,-20.39],[-63.39,-20.4],[-63.39,-20.4],[-63.39,-20.4],[-63.39,-20.4],[-63.39,-20.4],[-63.39,-20.4],[-63.39,-20.4],[-63.39,-20.4],[-63.39,-20.39],[-63.39,-20.39],[-63.39,-20.39],[-63.39,-20.39],[-63.39,-20.39],[-63.39,-20.39],[-63.39,-20.39],[-63.39,-20.39],[-63.39,-20.39],[-63.39,-20.39],[-63.39,-20.39],[-63.39,-20.39],[-63.39,-20.38],[-63.39,-20.38],[-63.39,-20.38],[-63.39,-20.38],[-63.39,-20.38],[-63.39,-20.38],[-63.39,-20.38],[-63.39,-20.38],[-63.39,-20.38],[-63.39,-20.38],[-63.39,-20.38],[-63.39,-20.38],[-63.39,-20.38],[-63.39,-20.38],[-63.39,-20.38],[-63.39,-20.38],[-63.39,-20.37],[-63.39,-20.37],[-63.39,-20.37],[-63.39,-20.37],[-63.39,-20.37],[-63.39,-20.37],[-63.39,-20.37],[-63.39,-20.37],[-63.39,-20.37],[-63.39,-20.37],[-63.39,-20.37],[-63.39,-20.37],[-63.39,-20.37],[-63.39,-20.37],[-63.39,-20.37],[-63.39,-20.37],[-63.39,-20.37],[-63.39,-20.37],[-63.39,-20.37],[-63.39,-20.37],[-63.39,-20.37],[-63.39,-20.37],[-63.39,-20.37],[-63.39,-20.37],[-63.39,-20.38],[-63.39,-20.38],[-63.39,-20.38],[-63.39,-20.38],[-63.4,-20.38],[-63.39,-20.38],[-63.39,-20.38],[-63.39,-20.38],[-63.39,-20.38],[-63.39,-20.38],[-63.4,-20.38],[-63.4,-20.38],[-63.4,-20.38],[-63.4,-20.38],[-63.4,-20.38],[-63.4,-20.38],[-63.4,-20.38],[-63.4,-20.38],[-63.4,-20.38],[-63.4,-20.38],[-63.4,-20.39],[-63.4,-20.39],[-63.4,-20.39],[-63.4,-20.39],[-63.4,-20.39],[-63.4,-20.39],[-63.4,-20.39],[-63.4,-20.39],[-63.4,-20.39],[-63.4,-20.39],[-63.4,-20.39],[-63.4,-20.39],[-63.4,-20.39],[-63.4,-20.39],[-63.4,-20.39],[-63.4,-20.39],[-63.4,-20.39],[-63.4,-20.39],[-63.4,-20.39],[-63.4,-20.39],[-63.4,-20.4],[-63.4,-20.4],[-63.4,-20.4],[-63.4,-20.4],[-63.4,-20.4],[-63.4,-20.4],[-63.4,-20.4],[-63.4,-20.4],[-63.4,-20.4],[-63.4,-20.4],[-63.4,-20.4],[-63.4,-20.4],[-63.4,-20.4],[-63.4,-20.4],[-63.4,-20.4],[-63.4,-20.4],[-63.4,-20.4],[-63.4,-20.4],[-63.4,-20.4],[-63.4,-20.4],[-63.4,-20.4],[-63.4,-20.4],[-63.4,-20.4],[-63.4,-20.4],[-63.4,-20.4],[-63.4,-20.4],[-63.4,-20.41],[-63.4,-20.41],[-63.4,-20.41],[-63.4,-20.41],[-63.4,-20.41],[-63.4,-20.41],[-63.4,-20.41],[-63.4,-20.41],[-63.4,-20.41],[-63.4,-20.41],[-63.4,-20.41],[-63.4,-20.41],[-63.4,-20.41],[-63.4,-20.41],[-63.4,-20.41],[-63.4,-20.41],[-63.4,-20.41],[-63.4,-20.41],[-63.4,-20.41],[-63.4,-20.41],[-63.4,-20.41],[-63.4,-20.41],[-63.4,-20.41],[-63.4,-20.41],[-63.41,-20.41],[-63.41,-20.41],[-63.41,-20.41],[-63.41,-20.42],[-63.41,-20.42],[-63.41,-20.42],[-63.41,-20.42],[-63.41,-20.42],[-63.41,-20.42],[-63.41,-20.42],[-63.41,-20.42],[-63.41,-20.42],[-63.4,-20.42],[-63.41,-20.42],[-63.41,-20.42],[-63.41,-20.42],[-63.41,-20.42],[-63.41,-20.42],[-63.41,-20.42],[-63.41,-20.42],[-63.41,-20.42],[-63.41,-20.42],[-63.41,-20.43],[-63.41,-20.43],[-63.41,-20.43],[-63.41,-20.43],[-63.41,-20.43],[-63.41,-20.43],[-63.41,-20.43],[-63.41,-20.43],[-63.41,-20.43],[-63.41,-20.43],[-63.41,-20.43],[-63.41,-20.43],[-63.41,-20.43],[-63.41,-20.43],[-63.41,-20.43],[-63.41,-20.43],[-63.41,-20.43],[-63.41,-20.43],[-63.41,-20.43],[-63.42,-20.43],[-63.42,-20.43],[-63.42,-20.44],[-63.42,-20.44],[-63.42,-20.44],[-63.42,-20.44],[-63.42,-20.44],[-63.42,-20.44],[-63.42,-20.44],[-63.42,-20.44],[-63.42,-20.44],[-63.42,-20.44],[-63.42,-20.44],[-63.42,-20.44],[-63.42,-20.44],[-63.42,-20.44],[-63.42,-20.44],[-63.42,-20.44],[-63.42,-20.44],[-63.42,-20.44],[-63.42,-20.44],[-63.42,-20.44],[-63.42,-20.44],[-63.43,-20.44],[-63.43,-20.44],[-63.43,-20.44],[-63.43,-20.44],[-63.43,-20.44],[-63.43,-20.44],[-63.43,-20.44],[-63.43,-20.44],[-63.43,-20.44],[-63.43,-20.44],[-63.43,-20.44],[-63.43,-20.44],[-63.43,-20.44],[-63.43,-20.43],[-63.43,-20.43],[-63.43,-20.43],[-63.43,-20.43],[-63.43,-20.43],[-63.43,-20.43],[-63.43,-20.43],[-63.43,-20.43],[-63.44,-20.43],[-63.44,-20.43],[-63.44,-20.43],[-63.44,-20.43],[-63.44,-20.43],[-63.44,-20.43],[-63.44,-20.43],[-63.44,-20.43],[-63.44,-20.43],[-63.44,-20.43],[-63.44,-20.44],[-63.44,-20.44],[-63.44,-20.44],[-63.44,-20.44],[-63.44,-20.44],[-63.44,-20.44],[-63.44,-20.44],[-63.44,-20.44],[-63.44,-20.44],[-63.45,-20.44],[-63.45,-20.44],[-63.45,-20.44],[-63.45,-20.44],[-63.45,-20.44],[-63.45,-20.44],[-63.45,-20.44],[-63.45,-20.44],[-63.45,-20.44],[-63.45,-20.44],[-63.45,-20.44],[-63.45,-20.44],[-63.45,-20.44],[-63.45,-20.44],[-63.45,-20.44],[-63.45,-20.44],[-63.45,-20.44],[-63.45,-20.44],[-63.45,-20.44],[-63.45,-20.44],[-63.45,-20.44],[-63.46,-20.44],[-63.46,-20.44],[-63.46,-20.44],[-63.46,-20.44],[-63.46,-20.44],[-63.46,-20.44],[-63.46,-20.45],[-63.46,-20.45],[-63.46,-20.45],[-63.46,-20.45],[-63.46,-20.45],[-63.46,-20.45],[-63.46,-20.45],[-63.46,-20.45],[-63.46,-20.45],[-63.46,-20.45],[-63.46,-20.45],[-63.46,-20.45],[-63.47,-20.45],[-63.47,-20.45],[-63.47,-20.45],[-63.47,-20.45],[-63.47,-20.45],[-63.47,-20.45],[-63.47,-20.45],[-63.47,-20.45],[-63.47,-20.45],[-63.47,-20.45],[-63.47,-20.45],[-63.47,-20.45],[-63.48,-20.45],[-63.48,-20.45],[-63.48,-20.45],[-63.48,-20.45],[-63.48,-20.45],[-63.48,-20.45],[-63.48,-20.45],[-63.48,-20.45],[-63.48,-20.45],[-63.48,-20.45],[-63.48,-20.45],[-63.48,-20.45],[-63.48,-20.45],[-63.48,-20.45],[-63.48,-20.45],[-63.48,-20.45],[-63.48,-20.45],[-63.49,-20.45],[-63.49,-20.45],[-63.49,-20.45],[-63.49,-20.45],[-63.49,-20.45],[-63.49,-20.45],[-63.49,-20.45],[-63.49,-20.45],[-63.49,-20.45],[-63.49,-20.45],[-63.49,-20.45],[-63.49,-20.45],[-63.49,-20.46],[-63.49,-20.46],[-63.49,-20.46],[-63.49,-20.46],[-63.49,-20.46],[-63.5,-20.46],[-63.5,-20.46],[-63.5,-20.46],[-63.5,-20.46],[-63.5,-20.46],[-63.5,-20.45],[-63.5,-20.45],[-63.5,-20.45],[-63.5,-20.45],[-63.5,-20.45],[-63.5,-20.45],[-63.5,-20.45],[-63.5,-20.46],[-63.5,-20.45],[-63.5,-20.45],[-63.5,-20.45],[-63.5,-20.45],[-63.5,-20.45],[-63.5,-20.45],[-63.5,-20.45],[-63.5,-20.45],[-63.51,-20.45],[-63.51,-20.45],[-63.51,-20.45],[-63.51,-20.45],[-63.51,-20.45],[-63.51,-20.45],[-63.51,-20.45],[-63.51,-20.45],[-63.51,-20.46],[-63.51,-20.46],[-63.51,-20.46],[-63.51,-20.46],[-63.51,-20.46],[-63.51,-20.46],[-63.51,-20.46],[-63.51,-20.46],[-63.51,-20.46],[-63.51,-20.46],[-63.51,-20.46],[-63.52,-20.46],[-63.52,-20.46],[-63.52,-20.46],[-63.52,-20.46],[-63.52,-20.46],[-63.52,-20.46],[-63.52,-20.46],[-63.52,-20.46],[-63.52,-20.46],[-63.52,-20.46],[-63.52,-20.46],[-63.52,-20.46],[-63.52,-20.46],[-63.52,-20.46],[-63.53,-20.45],[-63.53,-20.45],[-63.53,-20.45],[-63.53,-20.45],[-63.53,-20.45],[-63.53,-20.45],[-63.53,-20.45],[-63.53,-20.45],[-63.53,-20.45],[-63.53,-20.45],[-63.53,-20.45],[-63.53,-20.45],[-63.53,-20.45],[-63.53,-20.45],[-63.53,-20.45],[-63.54,-20.45],[-63.54,-20.45],[-63.54,-20.45],[-63.54,-20.45],[-63.54,-20.45],[-63.54,-20.45],[-63.54,-20.45],[-63.54,-20.45],[-63.54,-20.45],[-63.54,-20.45],[-63.54,-20.45],[-63.54,-20.45],[-63.54,-20.45],[-63.54,-20.45],[-63.54,-20.45],[-63.54,-20.45],[-63.54,-20.45],[-63.54,-20.45],[-63.54,-20.45],[-63.55,-20.45],[-63.55,-20.45],[-63.55,-20.45],[-63.55,-20.45],[-63.55,-20.45],[-63.55,-20.45],[-63.55,-20.45],[-63.55,-20.45],[-63.55,-20.45],[-63.55,-20.45],[-63.55,-20.45],[-63.55,-20.45],[-63.55,-20.45],[-63.55,-20.45],[-63.55,-20.45],[-63.56,-20.45],[-63.56,-20.45],[-63.56,-20.45],[-63.56,-20.45],[-63.56,-20.45],[-63.56,-20.45],[-63.56,-20.45],[-63.56,-20.45],[-63.56,-20.45],[-63.56,-20.45],[-63.56,-20.45],[-63.56,-20.45],[-63.56,-20.45],[-63.57,-20.45],[-63.57,-20.45],[-63.57,-20.45],[-63.57,-20.45],[-63.57,-20.45],[-63.57,-20.45],[-63.57,-20.44],[-63.57,-20.44],[-63.57,-20.44],[-63.57,-20.44],[-63.57,-20.44],[-63.57,-20.44],[-63.57,-20.44],[-63.57,-20.44],[-63.57,-20.44],[-63.58,-20.44],[-63.58,-20.44],[-63.58,-20.44],[-63.58,-20.44],[-63.58,-20.44],[-63.58,-20.44],[-63.58,-20.44],[-63.58,-20.44],[-63.58,-20.44],[-63.58,-20.44],[-63.58,-20.44],[-63.58,-20.44],[-63.58,-20.44],[-63.58,-20.44],[-63.58,-20.44],[-63.58,-20.44],[-63.58,-20.44],[-63.58,-20.44],[-63.58,-20.44],[-63.58,-20.44],[-63.58,-20.44],[-63.58,-20.44],[-63.58,-20.44],[-63.58,-20.44],[-63.58,-20.44],[-63.58,-20.44],[-63.58,-20.44],[-63.58,-20.44],[-63.58,-20.44],[-63.58,-20.44],[-63.59,-20.44],[-63.59,-20.44],[-63.59,-20.44],[-63.59,-20.44],[-63.59,-20.44],[-63.59,-20.44],[-63.59,-20.44],[-63.59,-20.44],[-63.59,-20.44],[-63.59,-20.44],[-63.59,-20.44],[-63.59,-20.44],[-63.59,-20.44],[-63.59,-20.44],[-63.59,-20.44],[-63.59,-20.44],[-63.59,-20.44],[-63.59,-20.44],[-63.59,-20.44],[-63.59,-20.44],[-63.59,-20.44],[-63.59,-20.44],[-63.59,-20.44],[-63.59,-20.44],[-63.59,-20.44],[-63.59,-20.44],[-63.59,-20.44],[-63.59,-20.44],[-63.59,-20.44],[-63.59,-20.44],[-63.59,-20.44],[-63.59,-20.44],[-63.59,-20.44],[-63.59,-20.44],[-63.59,-20.44],[-63.59,-20.45],[-63.59,-20.45],[-63.59,-20.45],[-63.59,-20.45],[-63.59,-20.45],[-63.59,-20.45],[-63.6,-20.45],[-63.6,-20.45],[-63.6,-20.45],[-63.6,-20.45],[-63.6,-20.45],[-63.6,-20.45],[-63.6,-20.45],[-63.6,-20.45],[-63.6,-20.45],[-63.6,-20.45],[-63.6,-20.45],[-63.6,-20.45],[-63.6,-20.45],[-63.6,-20.45],[-63.6,-20.45],[-63.6,-20.45],[-63.6,-20.45],[-63.6,-20.45],[-63.6,-20.45],[-63.6,-20.45],[-63.6,-20.45],[-63.6,-20.45],[-63.6,-20.45],[-63.6,-20.45],[-63.6,-20.45],[-63.6,-20.45],[-63.6,-20.45],[-63.61,-20.45],[-63.61,-20.46],[-63.61,-20.46],[-63.61,-20.46],[-63.61,-20.46],[-63.61,-20.46],[-63.61,-20.46],[-63.61,-20.46],[-63.61,-20.46],[-63.61,-20.46],[-63.61,-20.46],[-63.61,-20.46],[-63.61,-20.46],[-63.61,-20.46],[-63.61,-20.46],[-63.61,-20.46],[-63.61,-20.46],[-63.61,-20.46],[-63.61,-20.46],[-63.61,-20.46],[-63.61,-20.46],[-63.61,-20.46],[-63.62,-20.46],[-63.62,-20.46],[-63.62,-20.46],[-63.62,-20.46],[-63.62,-20.46],[-63.62,-20.46],[-63.62,-20.46],[-63.62,-20.46],[-63.62,-20.46],[-63.62,-20.46],[-63.62,-20.46],[-63.62,-20.46],[-63.62,-20.46],[-63.62,-20.46],[-63.62,-20.46],[-63.62,-20.46],[-63.62,-20.46],[-63.62,-20.46],[-63.62,-20.46],[-63.62,-20.46],[-63.62,-20.46],[-63.62,-20.46],[-63.62,-20.46],[-63.62,-20.46],[-63.62,-20.46],[-63.62,-20.46],[-63.62,-20.46],[-63.62,-20.46],[-63.62,-20.46],[-63.62,-20.46],[-63.62,-20.46],[-63.62,-20.46],[-63.62,-20.46],[-63.62,-20.46],[-63.62,-20.46],[-63.62,-20.46],[-63.62,-20.46],[-63.63,-20.46],[-63.63,-20.46],[-63.63,-20.46],[-63.63,-20.46],[-63.63,-20.46],[-63.63,-20.46],[-63.63,-20.46],[-63.63,-20.46],[-63.63,-20.46],[-63.63,-20.46],[-63.63,-20.46],[-63.63,-20.46],[-63.63,-20.46],[-63.63,-20.46],[-63.63,-20.46],[-63.64,-20.46],[-63.65,-20.46],[-63.65,-20.47],[-63.65,-20.47],[-63.65,-20.47],[-63.66,-20.47],[-63.66,-20.47],[-63.68,-20.47],[-63.68,-20.47],[-63.69,-20.47],[-63.69,-20.46],[-63.69,-20.44],[-63.69,-20.43],[-63.69,-20.43],[-63.69,-20.43],[-63.69,-20.43],[-63.69,-20.43],[-63.69,-20.43],[-63.69,-20.43],[-63.69,-20.42],[-63.69,-20.42],[-63.69,-20.42],[-63.69,-20.42],[-63.69,-20.42],[-63.69,-20.42],[-63.69,-20.42],[-63.69,-20.42],[-63.69,-20.42],[-63.69,-20.42],[-63.69,-20.42],[-63.69,-20.42],[-63.69,-20.42],[-63.69,-20.42],[-63.69,-20.42],[-63.69,-20.42],[-63.69,-20.42],[-63.69,-20.42],[-63.69,-20.42],[-63.69,-20.42],[-63.69,-20.42],[-63.69,-20.42],[-63.69,-20.42],[-63.69,-20.42],[-63.69,-20.42],[-63.69,-20.42],[-63.69,-20.42],[-63.69,-20.41],[-63.69,-20.41],[-63.69,-20.41],[-63.69,-20.41],[-63.69,-20.41],[-63.69,-20.41],[-63.69,-20.41],[-63.69,-20.41],[-63.69,-20.41],[-63.69,-20.41],[-63.69,-20.41],[-63.69,-20.41],[-63.69,-20.41],[-63.69,-20.41],[-63.69,-20.41],[-63.69,-20.41],[-63.69,-20.41],[-63.69,-20.41],[-63.69,-20.41],[-63.69,-20.41],[-63.69,-20.41],[-63.69,-20.41],[-63.69,-20.41],[-63.69,-20.41],[-63.69,-20.41],[-63.69,-20.41],[-63.69,-20.4],[-63.69,-20.4],[-63.69,-20.4],[-63.69,-20.4],[-63.69,-20.4],[-63.69,-20.4],[-63.69,-20.4],[-63.69,-20.4],[-63.69,-20.4],[-63.69,-20.4],[-63.69,-20.4],[-63.69,-20.4],[-63.69,-20.4],[-63.69,-20.4],[-63.69,-20.4],[-63.69,-20.4],[-63.69,-20.4],[-63.69,-20.4],[-63.69,-20.4],[-63.69,-20.4],[-63.69,-20.4],[-63.69,-20.4],[-63.69,-20.39],[-63.69,-20.39],[-63.69,-20.39],[-63.69,-20.39],[-63.69,-20.39],[-63.69,-20.39],[-63.69,-20.39],[-63.69,-20.39],[-63.69,-20.39],[-63.69,-20.39],[-63.69,-20.39],[-63.69,-20.39],[-63.69,-20.39],[-63.69,-20.39],[-63.69,-20.39],[-63.69,-20.39],[-63.69,-20.39],[-63.69,-20.39],[-63.69,-20.39],[-63.69,-20.39],[-63.69,-20.39],[-63.69,-20.39],[-63.69,-20.39],[-63.69,-20.39],[-63.69,-20.39],[-63.69,-20.38],[-63.69,-20.38],[-63.69,-20.38],[-63.69,-20.38],[-63.69,-20.38],[-63.69,-20.38],[-63.69,-20.38],[-63.69,-20.38],[-63.69,-20.38],[-63.69,-20.38],[-63.69,-20.38],[-63.69,-20.38],[-63.69,-20.38],[-63.69,-20.38],[-63.69,-20.38],[-63.69,-20.38],[-63.69,-20.38],[-63.69,-20.38],[-63.69,-20.38],[-63.69,-20.38],[-63.69,-20.38],[-63.69,-20.38],[-63.69,-20.38],[-63.69,-20.38],[-63.69,-20.37],[-63.69,-20.37],[-63.69,-20.37],[-63.69,-20.37],[-63.69,-20.37],[-63.69,-20.37],[-63.69,-20.37],[-63.69,-20.37],[-63.69,-20.37],[-63.69,-20.37],[-63.69,-20.37],[-63.69,-20.37],[-63.69,-20.37],[-63.69,-20.37],[-63.69,-20.37],[-63.69,-20.37],[-63.69,-20.37],[-63.69,-20.37],[-63.69,-20.37],[-63.69,-20.37],[-63.69,-20.37],[-63.69,-20.37],[-63.69,-20.37],[-63.69,-20.37],[-63.69,-20.37],[-63.69,-20.37],[-63.69,-20.37],[-63.69,-20.37],[-63.69,-20.37],[-63.69,-20.37],[-63.69,-20.37],[-63.69,-20.37],[-63.69,-20.37],[-63.69,-20.37],[-63.69,-20.37],[-63.69,-20.37],[-63.69,-20.37],[-63.69,-20.37],[-63.69,-20.37],[-63.69,-20.36],[-63.69,-20.36],[-63.69,-20.36],[-63.69,-20.35],[-63.69,-20.35],[-63.69,-20.34],[-63.69,-20.34],[-63.69,-20.34],[-63.69,-20.34],[-63.69,-20.33],[-63.69,-20.33],[-63.69,-20.33],[-63.69,-20.33],[-63.69,-20.33],[-63.69,-20.33],[-63.69,-20.33],[-63.69,-20.33],[-63.69,-20.33],[-63.69,-20.33],[-63.69,-20.33],[-63.69,-20.33],[-63.69,-20.33],[-63.69,-20.33],[-63.69,-20.33],[-63.69,-20.33],[-63.69,-20.33],[-63.69,-20.33],[-63.69,-20.33],[-63.69,-20.33],[-63.69,-20.33],[-63.7,-20.33],[-63.7,-20.33],[-63.7,-20.33],[-63.7,-20.33],[-63.7,-20.33],[-63.7,-20.33],[-63.7,-20.33],[-63.69,-20.32],[-63.69,-20.32],[-63.69,-20.32],[-63.69,-20.32],[-63.69,-20.32],[-63.69,-20.32],[-63.69,-20.32],[-63.69,-20.32],[-63.69,-20.32],[-63.69,-20.32],[-63.7,-20.32],[-63.7,-20.32],[-63.7,-20.32],[-63.7,-20.32],[-63.7,-20.32],[-63.7,-20.32],[-63.7,-20.32],[-63.7,-20.32],[-63.7,-20.32],[-63.7,-20.32],[-63.7,-20.32],[-63.7,-20.32],[-63.7,-20.32],[-63.7,-20.32],[-63.69,-20.32],[-63.69,-20.32],[-63.69,-20.32],[-63.69,-20.32],[-63.69,-20.31],[-63.69,-20.31],[-63.7,-20.31],[-63.7,-20.3],[-63.7,-20.3],[-63.7,-20.3],[-63.7,-20.3],[-63.7,-20.3],[-63.7,-20.3],[-63.7,-20.3],[-63.7,-20.3],[-63.7,-20.3],[-63.7,-20.3],[-63.7,-20.3],[-63.7,-20.3],[-63.7,-20.3],[-63.7,-20.3],[-63.7,-20.3],[-63.7,-20.3],[-63.7,-20.3],[-63.7,-20.3],[-63.7,-20.3],[-63.7,-20.3],[-63.7,-20.3],[-63.7,-20.3],[-63.7,-20.3],[-63.7,-20.3],[-63.7,-20.3],[-63.69,-20.3],[-63.69,-20.3],[-63.69,-20.3],[-63.69,-20.3],[-63.69,-20.29],[-63.7,-20.29],[-63.7,-20.29],[-63.7,-20.29],[-63.7,-20.29],[-63.7,-20.29],[-63.7,-20.29],[-63.7,-20.29],[-63.7,-20.29],[-63.7,-20.29],[-63.7,-20.29],[-63.7,-20.29],[-63.7,-20.29],[-63.7,-20.29],[-63.7,-20.29],[-63.7,-20.29],[-63.7,-20.29],[-63.7,-20.29],[-63.7,-20.28],[-63.7,-20.28],[-63.7,-20.28],[-63.7,-20.28],[-63.7,-20.28],[-63.7,-20.28],[-63.7,-20.28],[-63.7,-20.28],[-63.7,-20.28],[-63.7,-20.28],[-63.7,-20.28],[-63.7,-20.28],[-63.7,-20.28],[-63.69,-20.28],[-63.69,-20.28],[-63.69,-20.27],[-63.69,-20.27],[-63.69,-20.27],[-63.69,-20.27],[-63.69,-20.27],[-63.69,-20.27],[-63.7,-20.27],[-63.7,-20.27],[-63.7,-20.27],[-63.7,-20.27],[-63.7,-20.27],[-63.7,-20.27],[-63.7,-20.27],[-63.7,-20.27],[-63.7,-20.27],[-63.7,-20.27],[-63.7,-20.27],[-63.7,-20.27],[-63.7,-20.26],[-63.7,-20.26],[-63.7,-20.26],[-63.7,-20.26],[-63.7,-20.26],[-63.7,-20.26],[-63.7,-20.26],[-63.7,-20.26],[-63.7,-20.26],[-63.7,-20.26],[-63.7,-20.26],[-63.7,-20.26],[-63.7,-20.26],[-63.7,-20.26],[-63.7,-20.26],[-63.7,-20.26],[-63.7,-20.26],[-63.7,-20.26],[-63.7,-20.26],[-63.7,-20.26],[-63.7,-20.26],[-63.7,-20.26],[-63.7,-20.26],[-63.7,-20.25],[-63.7,-20.25],[-63.7,-20.25],[-63.7,-20.25],[-63.7,-20.25],[-63.7,-20.25],[-63.7,-20.25],[-63.7,-20.25],[-63.7,-20.25],[-63.71,-20.25],[-63.71,-20.25],[-63.71,-20.25],[-63.71,-20.25],[-63.71,-20.25],[-63.71,-20.25],[-63.7,-20.25],[-63.7,-20.25],[-63.7,-20.25],[-63.7,-20.25],[-63.7,-20.25],[-63.71,-20.21],[-63.71,-20.2],[-63.71,-20.2],[-63.71,-20.2],[-63.71,-20.2],[-63.71,-20.2],[-63.71,-20.2],[-63.71,-20.2],[-63.71,-20.2],[-63.71,-20.2],[-63.71,-20.2],[-63.71,-20.2],[-63.71,-20.2],[-63.71,-20.2],[-63.71,-20.2],[-63.71,-20.2],[-63.71,-20.2],[-63.71,-20.2],[-63.71,-20.2],[-63.71,-20.2],[-63.71,-20.19],[-63.71,-20.19],[-63.71,-20.19],[-63.7,-20.19],[-63.7,-20.19],[-63.7,-20.19],[-63.7,-20.19],[-63.7,-20.19],[-63.7,-20.19],[-63.7,-20.19],[-63.7,-20.19],[-63.7,-20.18],[-63.7,-20.18],[-63.7,-20.18],[-63.7,-20.18],[-63.7,-20.18],[-63.7,-20.18],[-63.7,-20.18],[-63.7,-20.18],[-63.7,-20.18],[-63.7,-20.18],[-63.7,-20.18],[-63.7,-20.17],[-63.7,-20.17],[-63.7,-20.17],[-63.7,-20.17],[-63.7,-20.17],[-63.7,-20.17],[-63.7,-20.17],[-63.7,-20.17],[-63.7,-20.17],[-63.7,-20.17],[-63.7,-20.17],[-63.7,-20.17],[-63.7,-20.17],[-63.7,-20.17],[-63.7,-20.17],[-63.7,-20.17],[-63.7,-20.16],[-63.7,-20.16],[-63.7,-20.16],[-63.7,-20.16],[-63.7,-20.16],[-63.7,-20.16],[-63.7,-20.16],[-63.7,-20.16],[-63.7,-20.16],[-63.7,-20.16],[-63.7,-20.16],[-63.7,-20.16],[-63.7,-20.16],[-63.7,-20.16],[-63.7,-20.16],[-63.7,-20.16],[-63.7,-20.15],[-63.69,-20.15],[-63.69,-20.15],[-63.69,-20.15],[-63.69,-20.15],[-63.69,-20.15],[-63.69,-20.15],[-63.69,-20.15],[-63.69,-20.15],[-63.69,-20.15],[-63.69,-20.15],[-63.69,-20.15],[-63.69,-20.15],[-63.69,-20.15],[-63.69,-20.15],[-63.69,-20.14],[-63.69,-20.14],[-63.69,-20.14],[-63.69,-20.14],[-63.69,-20.14],[-63.7,-20.14],[-63.7,-20.14],[-63.7,-20.14],[-63.7,-20.14],[-63.7,-20.14],[-63.7,-20.14],[-63.7,-20.14],[-63.7,-20.14],[-63.7,-20.14],[-63.7,-20.14],[-63.7,-20.14],[-63.7,-20.14],[-63.7,-20.13],[-63.7,-20.13],[-63.7,-20.13],[-63.7,-20.13],[-63.7,-20.13],[-63.7,-20.13],[-63.7,-20.13],[-63.7,-20.13],[-63.7,-20.13],[-63.7,-20.13],[-63.7,-20.13],[-63.7,-20.13],[-63.7,-20.13],[-63.7,-20.13],[-63.7,-20.13],[-63.7,-20.13],[-63.7,-20.13],[-63.7,-20.13],[-63.71,-20.13],[-63.71,-20.13],[-63.71,-20.12],[-63.71,-20.12],[-63.71,-20.12],[-63.71,-20.12],[-63.71,-20.12],[-63.71,-20.12],[-63.71,-20.12],[-63.71,-20.12],[-63.71,-20.12],[-63.71,-20.12],[-63.71,-20.12],[-63.71,-20.12],[-63.71,-20.12],[-63.71,-20.12],[-63.72,-20.12],[-63.72,-20.12],[-63.72,-20.12],[-63.72,-20.12],[-63.72,-20.12],[-63.72,-20.12],[-63.72,-20.12],[-63.72,-20.12],[-63.72,-20.12],[-63.72,-20.12],[-63.72,-20.11],[-63.72,-20.11],[-63.72,-20.11],[-63.72,-20.11],[-63.72,-20.11],[-63.72,-20.11],[-63.72,-20.11],[-63.72,-20.11],[-63.72,-20.11],[-63.72,-20.11],[-63.73,-20.11],[-63.73,-20.11],[-63.73,-20.11],[-63.72,-20.11],[-63.72,-20.11],[-63.72,-20.11],[-63.72,-20.11],[-63.72,-20.11],[-63.72,-20.11],[-63.72,-20.1],[-63.72,-20.1],[-63.72,-20.1],[-63.72,-20.1],[-63.72,-20.1],[-63.72,-20.1],[-63.72,-20.1],[-63.72,-20.1],[-63.73,-20.1],[-63.73,-20.1],[-63.73,-20.1],[-63.73,-20.1],[-63.73,-20.1],[-63.73,-20.1],[-63.73,-20.1],[-63.73,-20.1],[-63.73,-20.1],[-63.73,-20.1],[-63.73,-20.1],[-63.73,-20.1],[-63.73,-20.1],[-63.73,-20.1],[-63.72,-20.09],[-63.72,-20.09],[-63.72,-20.09],[-63.72,-20.09],[-63.72,-20.09],[-63.72,-20.09],[-63.72,-20.09],[-63.73,-20.09],[-63.73,-20.09],[-63.73,-20.09],[-63.73,-20.09],[-63.73,-20.09],[-63.73,-20.09],[-63.72,-20.09],[-63.72,-20.09],[-63.72,-20.08],[-63.72,-20.08],[-63.72,-20.08],[-63.72,-20.08],[-63.72,-20.08],[-63.72,-20.08],[-63.73,-20.08],[-63.73,-20.08],[-63.73,-20.08],[-63.73,-20.08],[-63.73,-20.08],[-63.73,-20.08],[-63.73,-20.08],[-63.73,-20.08],[-63.73,-20.07],[-63.73,-20.07],[-63.73,-20.07],[-63.73,-20.07],[-63.73,-20.07],[-63.73,-20.07],[-63.73,-20.07],[-63.73,-20.07],[-63.73,-20.07],[-63.73,-20.07],[-63.73,-20.07],[-63.73,-20.07],[-63.73,-20.07],[-63.73,-20.07],[-63.73,-20.06],[-63.72,-20.06],[-63.72,-20.06],[-63.72,-20.06],[-63.72,-20.06],[-63.72,-20.06],[-63.72,-20.06],[-63.72,-20.06],[-63.72,-20.06],[-63.72,-20.06],[-63.73,-20.06],[-63.73,-20.06],[-63.73,-20.06],[-63.73,-20.06],[-63.73,-20.06],[-63.73,-20.06],[-63.73,-20.05],[-63.73,-20.05],[-63.73,-20.05],[-63.73,-20.05],[-63.73,-20.05],[-63.73,-20.05],[-63.73,-20.05],[-63.73,-20.05],[-63.73,-20.05],[-63.73,-20.05],[-63.73,-20.05],[-63.73,-20.05],[-63.73,-20.05],[-63.73,-20.05],[-63.73,-20.05],[-63.73,-20.04],[-63.73,-20.04],[-63.73,-20.04],[-63.73,-20.04],[-63.73,-20.04],[-63.73,-20.04],[-63.73,-20.04],[-63.73,-20.04],[-63.73,-20.04],[-63.73,-20.04],[-63.73,-20.04],[-63.73,-20.04],[-63.73,-20.04],[-63.73,-20.04],[-63.73,-20.04],[-63.73,-20.03],[-63.73,-20.03],[-63.73,-20.03],[-63.73,-20.03],[-63.73,-20.03],[-63.73,-20.03],[-63.73,-20.03],[-63.73,-20.03],[-63.73,-20.03],[-63.73,-20.03],[-63.73,-20.03],[-63.73,-20.03],[-63.73,-20.02],[-63.73,-20.02],[-63.73,-20.02],[-63.73,-20.02],[-63.73,-20.02],[-63.73,-20.02],[-63.73,-20.02],[-63.73,-20.02],[-63.73,-20.02],[-63.73,-20.02],[-63.73,-20.02],[-63.73,-20.02],[-63.73,-20.02],[-63.73,-20.02],[-63.73,-20.02],[-63.73,-20.02],[-63.73,-20.02],[-63.73,-20.01],[-63.73,-20.01],[-63.73,-20.01],[-63.73,-20.01],[-63.73,-20.01],[-63.73,-20.01],[-63.73,-20.01],[-63.73,-20.01],[-63.73,-20.01],[-63.73,-20.01],[-63.73,-20.01],[-63.73,-20.01],[-63.73,-20.01],[-63.73,-20.01],[-63.73,-20.01],[-63.73,-20],[-63.73,-20],[-63.73,-20],[-63.73,-20],[-63.73,-20],[-63.73,-20],[-63.73,-20],[-63.73,-20],[-63.73,-20],[-63.73,-20],[-63.73,-20],[-63.73,-20],[-63.73,-20],[-63.73,-20],[-63.73,-20],[-63.73,-20],[-63.73,-20],[-63.73,-20],[-63.73,-20],[-63.73,-20],[-63.73,-20],[-63.73,-20],[-63.73,-20],[-63.73,-20],[-63.73,-20],[-63.73,-20],[-63.73,-19.99],[-63.73,-19.99],[-63.73,-19.99],[-63.73,-19.99],[-63.73,-19.99],[-63.73,-19.99],[-63.73,-19.99],[-63.73,-19.99],[-63.73,-19.99],[-63.73,-19.99],[-63.73,-19.99],[-63.73,-19.99],[-63.73,-19.99],[-63.73,-19.99],[-63.73,-19.98],[-63.73,-19.98],[-63.73,-19.98],[-63.73,-19.98],[-63.73,-19.98],[-63.73,-19.98],[-63.73,-19.98],[-63.72,-19.98],[-63.72,-19.98],[-63.72,-19.98],[-63.72,-19.98],[-63.72,-19.98],[-63.72,-19.98],[-63.72,-19.97],[-63.72,-19.97],[-63.72,-19.97],[-63.72,-19.97],[-63.72,-19.97],[-63.72,-19.97],[-63.72,-19.97],[-63.72,-19.97],[-63.72,-19.97],[-63.72,-19.97],[-63.72,-19.96],[-63.72,-19.96],[-63.72,-19.96],[-63.72,-19.96],[-63.72,-19.96],[-63.72,-19.96],[-63.72,-19.96],[-63.72,-19.96],[-63.72,-19.96],[-63.72,-19.96],[-63.72,-19.95],[-63.72,-19.95],[-63.72,-19.95],[-63.72,-19.95],[-63.72,-19.95],[-63.72,-19.95],[-63.72,-19.95],[-63.72,-19.95],[-63.71,-19.95],[-63.71,-19.95],[-63.71,-19.95],[-63.71,-19.95],[-63.72,-19.94],[-63.72,-19.94],[-63.71,-19.94],[-63.71,-19.94],[-63.71,-19.94],[-63.71,-19.94],[-63.71,-19.94],[-63.71,-19.94],[-63.71,-19.94],[-63.71,-19.94],[-63.71,-19.94],[-63.71,-19.94],[-63.71,-19.93],[-63.71,-19.93],[-63.71,-19.93],[-63.71,-19.93],[-63.71,-19.93],[-63.71,-19.93],[-63.71,-19.93],[-63.71,-19.93],[-63.71,-19.93],[-63.71,-19.93],[-63.71,-19.93],[-63.71,-19.92],[-63.71,-19.92],[-63.71,-19.92],[-63.71,-19.92],[-63.71,-19.92],[-63.72,-19.92],[-63.72,-19.92],[-63.72,-19.92],[-63.72,-19.92],[-63.72,-19.92],[-63.72,-19.92],[-63.72,-19.92],[-63.72,-19.92],[-63.72,-19.91],[-63.72,-19.91],[-63.72,-19.91],[-63.71,-19.91],[-63.71,-19.91],[-63.71,-19.91],[-63.71,-19.91],[-63.71,-19.91],[-63.71,-19.91],[-63.72,-19.91],[-63.72,-19.91],[-63.72,-19.91],[-63.72,-19.91],[-63.72,-19.91],[-63.72,-19.9],[-63.72,-19.9],[-63.72,-19.9],[-63.72,-19.9],[-63.72,-19.9],[-63.72,-19.9],[-63.72,-19.9],[-63.72,-19.9],[-63.72,-19.9],[-63.72,-19.9],[-63.72,-19.9],[-63.72,-19.9],[-63.72,-19.9],[-63.72,-19.9],[-63.72,-19.9],[-63.72,-19.9],[-63.72,-19.89],[-63.72,-19.89],[-63.72,-19.89],[-63.72,-19.89],[-63.72,-19.89],[-63.72,-19.89],[-63.72,-19.89],[-63.72,-19.89],[-63.72,-19.89],[-63.72,-19.89],[-63.72,-19.89],[-63.72,-19.88],[-63.72,-19.88],[-63.72,-19.88],[-63.72,-19.88],[-63.72,-19.88],[-63.71,-19.88],[-63.71,-19.88],[-63.71,-19.88],[-63.71,-19.88],[-63.71,-19.88],[-63.71,-19.88],[-63.71,-19.87],[-63.71,-19.87],[-63.71,-19.87],[-63.71,-19.87],[-63.71,-19.87],[-63.71,-19.87],[-63.71,-19.87],[-63.71,-19.87],[-63.71,-19.87],[-63.71,-19.87],[-63.71,-19.87],[-63.71,-19.87],[-63.71,-19.87],[-63.71,-19.86],[-63.71,-19.86],[-63.71,-19.86],[-63.71,-19.86],[-63.71,-19.86],[-63.71,-19.86],[-63.71,-19.86],[-63.71,-19.86],[-63.71,-19.86],[-63.71,-19.85],[-63.71,-19.85],[-63.71,-19.85],[-63.71,-19.85],[-63.71,-19.85],[-63.71,-19.85],[-63.71,-19.85],[-63.71,-19.85],[-63.71,-19.85],[-63.71,-19.85],[-63.71,-19.85],[-63.71,-19.85],[-63.71,-19.85],[-63.71,-19.84],[-63.71,-19.84],[-63.71,-19.84],[-63.71,-19.84],[-63.71,-19.84],[-63.71,-19.84],[-63.71,-19.84],[-63.71,-19.84],[-63.71,-19.84],[-63.71,-19.84],[-63.71,-19.84],[-63.71,-19.84],[-63.71,-19.83],[-63.71,-19.83],[-63.71,-19.83],[-63.71,-19.83],[-63.71,-19.83],[-63.71,-19.83],[-63.71,-19.83],[-63.71,-19.83],[-63.71,-19.83],[-63.71,-19.83],[-63.71,-19.83],[-63.71,-19.83],[-63.71,-19.83],[-63.71,-19.83],[-63.71,-19.83],[-63.71,-19.83],[-63.71,-19.83],[-63.71,-19.83],[-63.71,-19.82],[-63.71,-19.82],[-63.71,-19.82],[-63.71,-19.82],[-63.71,-19.82],[-63.71,-19.82],[-63.71,-19.82],[-63.71,-19.82],[-63.72,-19.82],[-63.72,-19.82],[-63.72,-19.82],[-63.72,-19.82],[-63.72,-19.82],[-63.72,-19.82],[-63.72,-19.82],[-63.72,-19.81],[-63.72,-19.81],[-63.72,-19.81],[-63.72,-19.81],[-63.72,-19.81],[-63.72,-19.81],[-63.72,-19.81],[-63.72,-19.81],[-63.72,-19.81],[-63.72,-19.81],[-63.72,-19.81],[-63.72,-19.81],[-63.72,-19.81],[-63.72,-19.81],[-63.72,-19.81],[-63.72,-19.8],[-63.72,-19.8],[-63.72,-19.8],[-63.72,-19.8],[-63.72,-19.8],[-63.72,-19.8],[-63.72,-19.8],[-63.72,-19.8],[-63.72,-19.8],[-63.72,-19.8],[-63.72,-19.79],[-63.72,-19.79],[-63.72,-19.79],[-63.72,-19.79],[-63.72,-19.79],[-63.72,-19.79],[-63.72,-19.79],[-63.71,-19.79],[-63.71,-19.79],[-63.71,-19.79],[-63.72,-19.79],[-63.72,-19.79],[-63.72,-19.79],[-63.72,-19.79],[-63.72,-19.78],[-63.72,-19.78],[-63.72,-19.78],[-63.72,-19.78],[-63.72,-19.78],[-63.72,-19.78],[-63.72,-19.78],[-63.72,-19.78],[-63.72,-19.78],[-63.72,-19.78],[-63.72,-19.78],[-63.72,-19.78],[-63.72,-19.78],[-63.72,-19.78],[-63.72,-19.78],[-63.72,-19.77],[-63.72,-19.77],[-63.72,-19.77],[-63.72,-19.77],[-63.72,-19.77],[-63.72,-19.77],[-63.72,-19.77],[-63.72,-19.77],[-63.72,-19.77],[-63.72,-19.77],[-63.72,-19.77],[-63.72,-19.77],[-63.72,-19.77],[-63.72,-19.77],[-63.72,-19.77],[-63.72,-19.77],[-63.72,-19.77],[-63.72,-19.76],[-63.72,-19.76],[-63.72,-19.76],[-63.72,-19.76],[-63.72,-19.76],[-63.72,-19.76],[-63.72,-19.76],[-63.72,-19.76],[-63.72,-19.76],[-63.72,-19.76],[-63.72,-19.76],[-63.72,-19.76],[-63.72,-19.76],[-63.72,-19.76],[-63.72,-19.76],[-63.72,-19.76],[-63.72,-19.76],[-63.72,-19.76],[-63.72,-19.75],[-63.72,-19.75],[-63.72,-19.75],[-63.72,-19.75],[-63.72,-19.75],[-63.72,-19.75],[-63.72,-19.75],[-63.72,-19.75],[-63.72,-19.75],[-63.72,-19.75],[-63.72,-19.75],[-63.72,-19.75],[-63.72,-19.75],[-63.72,-19.75],[-63.72,-19.75],[-63.72,-19.75],[-63.72,-19.74],[-63.72,-19.74],[-63.72,-19.74],[-63.72,-19.74],[-63.72,-19.74],[-63.72,-19.74],[-63.72,-19.74],[-63.72,-19.74],[-63.72,-19.74],[-63.72,-19.74],[-63.72,-19.74],[-63.72,-19.74],[-63.72,-19.73],[-63.72,-19.73],[-63.72,-19.73],[-63.72,-19.73],[-63.72,-19.73],[-63.72,-19.73],[-63.72,-19.73],[-63.72,-19.73],[-63.72,-19.73],[-63.72,-19.73],[-63.72,-19.73],[-63.72,-19.73],[-63.72,-19.73],[-63.72,-19.73],[-63.72,-19.72],[-63.72,-19.72],[-63.72,-19.72],[-63.72,-19.72],[-63.72,-19.72],[-63.72,-19.72],[-63.72,-19.72],[-63.72,-19.72],[-63.72,-19.72],[-63.72,-19.72],[-63.72,-19.72],[-63.72,-19.72],[-63.72,-19.71],[-63.72,-19.71],[-63.72,-19.71],[-63.72,-19.71],[-63.72,-19.71],[-63.72,-19.71],[-63.72,-19.71],[-63.72,-19.71],[-63.72,-19.71],[-63.72,-19.71],[-63.72,-19.71],[-63.72,-19.71],[-63.72,-19.71],[-63.72,-19.7],[-63.72,-19.7],[-63.72,-19.7],[-63.72,-19.7],[-63.72,-19.7],[-63.72,-19.7],[-63.72,-19.7],[-63.72,-19.7],[-63.72,-19.7],[-63.72,-19.7],[-63.72,-19.7],[-63.72,-19.7],[-63.72,-19.7],[-63.72,-19.7],[-63.72,-19.7],[-63.71,-19.69],[-63.71,-19.69],[-63.71,-19.69],[-63.71,-19.69],[-63.71,-19.69],[-63.71,-19.69],[-63.71,-19.69],[-63.71,-19.69],[-63.71,-19.69],[-63.71,-19.69],[-63.71,-19.69],[-63.71,-19.68],[-63.71,-19.68],[-63.71,-19.68],[-63.71,-19.68],[-63.71,-19.68],[-63.71,-19.68],[-63.71,-19.68],[-63.71,-19.68],[-63.71,-19.68],[-63.71,-19.68],[-63.71,-19.68],[-63.71,-19.67],[-63.71,-19.67],[-63.71,-19.67],[-63.71,-19.67],[-63.71,-19.67],[-63.71,-19.67],[-63.71,-19.67],[-63.71,-19.67],[-63.71,-19.67],[-63.71,-19.67],[-63.71,-19.67],[-63.71,-19.67],[-63.71,-19.67],[-63.71,-19.67],[-63.71,-19.67],[-63.71,-19.67],[-63.71,-19.67],[-63.71,-19.66],[-63.71,-19.66],[-63.71,-19.66],[-63.71,-19.66],[-63.71,-19.66],[-63.71,-19.66],[-63.71,-19.66],[-63.71,-19.66],[-63.71,-19.66],[-63.7,-19.66],[-63.7,-19.66],[-63.7,-19.66],[-63.7,-19.66],[-63.7,-19.66],[-63.7,-19.66],[-63.7,-19.65],[-63.7,-19.65],[-63.7,-19.65],[-63.7,-19.65],[-63.7,-19.65],[-63.7,-19.65],[-63.7,-19.65],[-63.7,-19.65],[-63.7,-19.65],[-63.7,-19.65],[-63.7,-19.64],[-63.7,-19.64],[-63.7,-19.64],[-63.7,-19.64],[-63.7,-19.64],[-63.7,-19.64],[-63.7,-19.64],[-63.7,-19.64],[-63.7,-19.64],[-63.7,-19.64],[-63.7,-19.64],[-63.7,-19.64],[-63.7,-19.64],[-63.71,-19.63],[-63.71,-19.63],[-63.71,-19.63],[-63.71,-19.63],[-63.7,-19.63],[-63.7,-19.63],[-63.7,-19.63],[-63.7,-19.63],[-63.7,-19.63],[-63.7,-19.63],[-63.71,-19.63],[-63.71,-19.63],[-63.7,-19.63],[-63.7,-19.63],[-63.7,-19.62],[-63.7,-19.62],[-63.7,-19.62],[-63.7,-19.62],[-63.7,-19.62],[-63.7,-19.62],[-63.7,-19.62],[-63.7,-19.62],[-63.7,-19.62],[-63.7,-19.62],[-63.7,-19.61],[-63.7,-19.61],[-63.7,-19.61],[-63.7,-19.61],[-63.7,-19.61],[-63.7,-19.61],[-63.7,-19.61],[-63.7,-19.61],[-63.7,-19.61],[-63.7,-19.61],[-63.7,-19.61],[-63.7,-19.61],[-63.7,-19.61],[-63.7,-19.61],[-63.7,-19.61],[-63.7,-19.61],[-63.7,-19.61],[-63.7,-19.6],[-63.7,-19.6],[-63.7,-19.6],[-63.7,-19.6],[-63.7,-19.6],[-63.7,-19.6],[-63.7,-19.6],[-63.7,-19.6],[-63.7,-19.6],[-63.7,-19.6],[-63.7,-19.6],[-63.7,-19.6],[-63.7,-19.6],[-63.7,-19.6],[-63.69,-19.6],[-63.69,-19.6],[-63.69,-19.6],[-63.69,-19.6],[-63.69,-19.6],[-63.69,-19.6],[-63.69,-19.6],[-63.69,-19.6],[-63.69,-19.6],[-63.69,-19.6],[-63.69,-19.6],[-63.69,-19.6],[-63.69,-19.59],[-63.69,-19.59],[-63.69,-19.59],[-63.69,-19.59],[-63.69,-19.59],[-63.69,-19.59],[-63.69,-19.59],[-63.69,-19.59],[-63.69,-19.59],[-63.69,-19.59],[-63.69,-19.59],[-63.69,-19.59],[-63.69,-19.59],[-63.69,-19.59],[-63.69,-19.59],[-63.69,-19.59],[-63.69,-19.59],[-63.69,-19.59],[-63.69,-19.59],[-63.7,-19.59],[-63.7,-19.58],[-63.7,-19.58],[-63.7,-19.58],[-63.7,-19.58],[-63.7,-19.58],[-63.7,-19.58],[-63.7,-19.58],[-63.7,-19.58],[-63.7,-19.58],[-63.7,-19.58],[-63.7,-19.58],[-63.7,-19.58],[-63.7,-19.58],[-63.7,-19.58],[-63.7,-19.57],[-63.7,-19.57],[-63.7,-19.57],[-63.7,-19.57],[-63.7,-19.57],[-63.7,-19.57],[-63.7,-19.57],[-63.71,-19.57],[-63.71,-19.57],[-63.71,-19.57],[-63.71,-19.57],[-63.71,-19.57],[-63.71,-19.57],[-63.71,-19.57],[-63.71,-19.57],[-63.71,-19.57],[-63.71,-19.57],[-63.71,-19.57],[-63.71,-19.57],[-63.71,-19.57],[-63.71,-19.56],[-63.71,-19.56],[-63.71,-19.56],[-63.71,-19.56],[-63.71,-19.56],[-63.71,-19.56],[-63.71,-19.56],[-63.71,-19.56],[-63.71,-19.56],[-63.71,-19.55],[-63.71,-19.55],[-63.71,-19.55],[-63.71,-19.55],[-63.71,-19.55],[-63.71,-19.55],[-63.71,-19.55],[-63.71,-19.55],[-63.71,-19.55],[-63.71,-19.55],[-63.71,-19.55],[-63.71,-19.55],[-63.71,-19.55],[-63.71,-19.55],[-63.71,-19.55],[-63.71,-19.55],[-63.71,-19.55],[-63.71,-19.55],[-63.71,-19.55],[-63.71,-19.55],[-63.71,-19.54],[-63.71,-19.54],[-63.71,-19.54],[-63.71,-19.54],[-63.71,-19.54],[-63.71,-19.54],[-63.71,-19.54],[-63.71,-19.54],[-63.71,-19.54],[-63.71,-19.54],[-63.71,-19.54],[-63.71,-19.54],[-63.71,-19.54],[-63.71,-19.54],[-63.71,-19.54],[-63.71,-19.54],[-63.71,-19.54],[-63.71,-19.54],[-63.71,-19.54],[-63.71,-19.54],[-63.71,-19.54],[-63.71,-19.54],[-63.71,-19.54],[-63.71,-19.54],[-63.71,-19.53],[-63.71,-19.53],[-63.71,-19.53],[-63.71,-19.53],[-63.71,-19.53],[-63.71,-19.53],[-63.71,-19.53],[-63.71,-19.53],[-63.71,-19.53],[-63.71,-19.53],[-63.71,-19.53],[-63.71,-19.53],[-63.71,-19.52],[-63.71,-19.52],[-63.71,-19.52],[-63.71,-19.52],[-63.71,-19.52],[-63.71,-19.52],[-63.71,-19.52],[-63.71,-19.52],[-63.71,-19.52],[-63.71,-19.52],[-63.71,-19.52],[-63.71,-19.52],[-63.71,-19.52],[-63.71,-19.51],[-63.71,-19.51],[-63.71,-19.51],[-63.71,-19.51],[-63.71,-19.51],[-63.71,-19.51],[-63.71,-19.51],[-63.71,-19.51],[-63.71,-19.51],[-63.71,-19.51],[-63.71,-19.5],[-63.7,-19.5],[-63.7,-19.5],[-63.7,-19.5],[-63.7,-19.5],[-63.7,-19.5],[-63.7,-19.5],[-63.7,-19.5],[-63.7,-19.5],[-63.7,-19.5],[-63.7,-19.5],[-63.7,-19.5],[-63.7,-19.5],[-63.7,-19.49],[-63.7,-19.49],[-63.7,-19.49],[-63.7,-19.49],[-63.7,-19.49],[-63.7,-19.49],[-63.7,-19.49],[-63.7,-19.49],[-63.7,-19.49],[-63.7,-19.49],[-63.7,-19.48],[-63.7,-19.48],[-63.7,-19.48],[-63.7,-19.48],[-63.7,-19.48],[-63.7,-19.48],[-63.7,-19.48],[-63.7,-19.48],[-63.7,-19.48],[-63.7,-19.48],[-63.7,-19.48],[-63.7,-19.48],[-63.7,-19.48],[-63.7,-19.48],[-63.7,-19.48],[-63.7,-19.48],[-63.7,-19.47],[-63.7,-19.47],[-63.7,-19.47],[-63.7,-19.47],[-63.7,-19.47],[-63.7,-19.47],[-63.7,-19.47],[-63.7,-19.47],[-63.7,-19.47],[-63.7,-19.47],[-63.7,-19.47],[-63.7,-19.47],[-63.7,-19.47],[-63.7,-19.47],[-63.7,-19.47],[-63.7,-19.46],[-63.7,-19.46],[-63.7,-19.46],[-63.7,-19.46],[-63.71,-19.46],[-63.71,-19.46],[-63.71,-19.46],[-63.71,-19.46],[-63.71,-19.46],[-63.71,-19.46],[-63.71,-19.46],[-63.71,-19.46],[-63.71,-19.45],[-63.71,-19.45],[-63.71,-19.45],[-63.71,-19.45],[-63.71,-19.45],[-63.71,-19.45],[-63.71,-19.45],[-63.71,-19.45],[-63.71,-19.45],[-63.71,-19.45],[-63.71,-19.45],[-63.71,-19.45],[-63.71,-19.45],[-63.71,-19.45],[-63.71,-19.45],[-63.71,-19.45],[-63.71,-19.45],[-63.71,-19.44],[-63.71,-19.44],[-63.71,-19.44],[-63.71,-19.44],[-63.71,-19.44],[-63.71,-19.44],[-63.71,-19.44],[-63.71,-19.44],[-63.71,-19.44],[-63.71,-19.44],[-63.71,-19.44],[-63.71,-19.44],[-63.71,-19.44],[-63.71,-19.44],[-63.72,-19.44],[-63.72,-19.44],[-63.72,-19.44],[-63.72,-19.43],[-63.72,-19.43],[-63.71,-19.43],[-63.71,-19.43],[-63.71,-19.43],[-63.71,-19.43],[-63.71,-19.43],[-63.71,-19.43],[-63.71,-19.43],[-63.71,-19.43],[-63.71,-19.43],[-63.71,-19.43],[-63.71,-19.43],[-63.71,-19.42],[-63.71,-19.42],[-63.71,-19.42],[-63.71,-19.42],[-63.71,-19.42],[-63.71,-19.42],[-63.71,-19.42],[-63.71,-19.42],[-63.71,-19.42],[-63.71,-19.42],[-63.71,-19.42],[-63.71,-19.42],[-63.71,-19.42],[-63.71,-19.42],[-63.72,-19.42],[-63.72,-19.42],[-63.72,-19.42],[-63.72,-19.42],[-63.72,-19.42],[-63.72,-19.42],[-63.72,-19.42],[-63.72,-19.42],[-63.72,-19.42],[-63.72,-19.42],[-63.72,-19.42],[-63.72,-19.41],[-63.72,-19.41],[-63.72,-19.41],[-63.72,-19.41],[-63.72,-19.41],[-63.72,-19.41],[-63.72,-19.41],[-63.72,-19.41],[-63.72,-19.41],[-63.72,-19.41],[-63.72,-19.41],[-63.72,-19.41],[-63.72,-19.41],[-63.72,-19.41],[-63.72,-19.41],[-63.72,-19.41],[-63.72,-19.4],[-63.72,-19.4],[-63.72,-19.4],[-63.72,-19.4],[-63.72,-19.4],[-63.72,-19.4],[-63.72,-19.4],[-63.72,-19.4],[-63.72,-19.4],[-63.72,-19.4],[-63.72,-19.4],[-63.72,-19.39],[-63.72,-19.39],[-63.72,-19.39],[-63.72,-19.39],[-63.72,-19.39],[-63.72,-19.39],[-63.72,-19.39],[-63.72,-19.39],[-63.72,-19.39],[-63.72,-19.39],[-63.72,-19.39],[-63.72,-19.39],[-63.72,-19.39],[-63.72,-19.39],[-63.72,-19.39],[-63.72,-19.39],[-63.72,-19.39],[-63.72,-19.39],[-63.72,-19.38],[-63.72,-19.38],[-63.72,-19.38],[-63.72,-19.38],[-63.72,-19.38],[-63.72,-19.38],[-63.72,-19.38],[-63.72,-19.38],[-63.72,-19.38],[-63.72,-19.38],[-63.72,-19.38],[-63.71,-19.38],[-63.71,-19.38],[-63.71,-19.38],[-63.71,-19.37],[-63.71,-19.37],[-63.71,-19.37],[-63.71,-19.37],[-63.71,-19.37],[-63.71,-19.37],[-63.71,-19.37],[-63.71,-19.37],[-63.71,-19.37],[-63.71,-19.37],[-63.71,-19.37],[-63.71,-19.37],[-63.71,-19.37],[-63.71,-19.37],[-63.71,-19.37],[-63.71,-19.37],[-63.71,-19.37],[-63.71,-19.37],[-63.71,-19.37],[-63.72,-19.37],[-63.72,-19.37],[-63.72,-19.37],[-63.72,-19.37],[-63.72,-19.37],[-63.72,-19.37],[-63.72,-19.37],[-63.72,-19.36],[-63.72,-19.36],[-63.72,-19.36],[-63.72,-19.36],[-63.72,-19.36],[-63.72,-19.36],[-63.72,-19.36],[-63.72,-19.36],[-63.72,-19.36],[-63.72,-19.36],[-63.72,-19.36],[-63.72,-19.36],[-63.72,-19.36],[-63.72,-19.36],[-63.72,-19.36],[-63.72,-19.36],[-63.72,-19.36],[-63.72,-19.36],[-63.72,-19.36],[-63.72,-19.36],[-63.72,-19.36],[-63.72,-19.36],[-63.72,-19.36],[-63.72,-19.36],[-63.72,-19.36],[-63.72,-19.35],[-63.72,-19.35],[-63.72,-19.35],[-63.72,-19.35],[-63.73,-19.35],[-63.73,-19.35],[-63.73,-19.35],[-63.73,-19.35],[-63.73,-19.35],[-63.73,-19.35],[-63.73,-19.35],[-63.73,-19.35],[-63.73,-19.35],[-63.73,-19.35],[-63.73,-19.34],[-63.73,-19.34],[-63.73,-19.34],[-63.72,-19.34],[-63.72,-19.34],[-63.72,-19.34],[-63.72,-19.34],[-63.72,-19.34],[-63.72,-19.34],[-63.72,-19.34],[-63.72,-19.34],[-63.72,-19.34],[-63.72,-19.34],[-63.72,-19.34],[-63.72,-19.34],[-63.72,-19.34],[-63.72,-19.34],[-63.72,-19.34],[-63.72,-19.34],[-63.72,-19.34],[-63.72,-19.34],[-63.72,-19.34],[-63.72,-19.34],[-63.72,-19.34],[-63.72,-19.34],[-63.72,-19.34],[-63.72,-19.34],[-63.72,-19.34],[-63.72,-19.34],[-63.72,-19.34],[-63.72,-19.33],[-63.72,-19.33],[-63.72,-19.33],[-63.72,-19.33],[-63.72,-19.33],[-63.72,-19.33],[-63.72,-19.33],[-63.72,-19.32],[-63.72,-19.31],[-63.72,-19.31],[-63.72,-19.29],[-63.72,-19.29],[-63.72,-19.28],[-63.72,-19.28],[-63.72,-19.27],[-63.72,-19.27],[-63.73,-19.25],[-63.73,-19.25],[-63.73,-19.24],[-63.74,-19.24],[-63.74,-19.23],[-63.74,-19.23],[-63.74,-19.22],[-63.74,-19.22],[-63.74,-19.21],[-63.74,-19.2],[-63.74,-19.2],[-63.74,-19.2],[-63.74,-19.19],[-63.74,-19.19],[-63.74,-19.19],[-63.74,-19.19],[-63.74,-19.19],[-63.74,-19.19],[-63.74,-19.19],[-63.74,-19.19],[-63.75,-19.18],[-63.75,-19.18],[-63.75,-19.18],[-63.75,-19.18],[-63.75,-19.18],[-63.75,-19.18],[-63.75,-19.18],[-63.75,-19.18],[-63.75,-19.18],[-63.75,-19.18],[-63.75,-19.18],[-63.75,-19.18],[-63.75,-19.18],[-63.75,-19.18],[-63.75,-19.18],[-63.75,-19.18],[-63.75,-19.18],[-63.75,-19.18],[-63.75,-19.18],[-63.75,-19.18],[-63.75,-19.18],[-63.75,-19.18],[-63.75,-19.17],[-63.75,-19.17],[-63.75,-19.17],[-63.75,-19.17],[-63.75,-19.17],[-63.75,-19.17],[-63.75,-19.17],[-63.75,-19.17],[-63.75,-19.17],[-63.76,-19.17],[-63.75,-19.17],[-63.75,-19.17],[-63.75,-19.17],[-63.75,-19.17],[-63.75,-19.17],[-63.75,-19.17],[-63.75,-19.17],[-63.75,-19.17],[-63.75,-19.17],[-63.75,-19.17],[-63.75,-19.17],[-63.75,-19.17],[-63.75,-19.17],[-63.75,-19.16],[-63.75,-19.16],[-63.75,-19.16],[-63.75,-19.16],[-63.75,-19.16],[-63.75,-19.16],[-63.75,-19.16],[-63.75,-19.16],[-63.75,-19.16],[-63.75,-19.16],[-63.75,-19.16],[-63.75,-19.16],[-63.75,-19.16],[-63.75,-19.16],[-63.75,-19.16],[-63.75,-19.16],[-63.75,-19.16],[-63.75,-19.16],[-63.75,-19.16],[-63.75,-19.16],[-63.75,-19.16],[-63.75,-19.16],[-63.75,-19.16],[-63.75,-19.16],[-63.75,-19.16],[-63.75,-19.16],[-63.75,-19.16],[-63.75,-19.16],[-63.75,-19.16],[-63.75,-19.16],[-63.75,-19.16],[-63.75,-19.16],[-63.75,-19.16],[-63.75,-19.16],[-63.75,-19.16],[-63.75,-19.16],[-63.75,-19.16],[-63.75,-19.16],[-63.75,-19.16],[-63.76,-19.16],[-63.76,-19.16],[-63.76,-19.16],[-63.76,-19.16],[-63.76,-19.16],[-63.76,-19.16],[-63.76,-19.16],[-63.76,-19.16],[-63.75,-19.16],[-63.75,-19.16],[-63.75,-19.16],[-63.75,-19.16],[-63.75,-19.16],[-63.75,-19.16],[-63.75,-19.16],[-63.75,-19.16],[-63.75,-19.16],[-63.75,-19.16],[-63.75,-19.16],[-63.75,-19.16],[-63.75,-19.16],[-63.75,-19.16],[-63.75,-19.16],[-63.75,-19.16],[-63.75,-19.16],[-63.75,-19.16],[-63.75,-19.16],[-63.75,-19.16],[-63.75,-19.16],[-63.75,-19.15],[-63.75,-19.15],[-63.75,-19.15],[-63.75,-19.15],[-63.75,-19.15],[-63.75,-19.15],[-63.74,-19.15],[-63.74,-19.15],[-63.74,-19.15],[-63.75,-19.15],[-63.75,-19.15],[-63.75,-19.15],[-63.75,-19.15],[-63.74,-19.15],[-63.74,-19.15],[-63.74,-19.15],[-63.74,-19.15],[-63.74,-19.15],[-63.74,-19.15],[-63.74,-19.15],[-63.74,-19.15],[-63.74,-19.14],[-63.74,-19.14],[-63.74,-19.14],[-63.74,-19.14],[-63.74,-19.14],[-63.74,-19.14],[-63.74,-19.14],[-63.74,-19.14],[-63.74,-19.14],[-63.74,-19.14],[-63.74,-19.14],[-63.74,-19.14],[-63.74,-19.14],[-63.74,-19.14],[-63.74,-19.14],[-63.74,-19.13],[-63.74,-19.13],[-63.74,-19.13],[-63.74,-19.13],[-63.74,-19.13],[-63.74,-19.13],[-63.74,-19.13],[-63.74,-19.13],[-63.74,-19.13],[-63.74,-19.13],[-63.74,-19.13],[-63.74,-19.13],[-63.73,-19.13],[-63.73,-19.12],[-63.73,-19.12],[-63.73,-19.12],[-63.73,-19.12],[-63.73,-19.12],[-63.73,-19.12],[-63.73,-19.12],[-63.73,-19.12],[-63.73,-19.12],[-63.73,-19.12],[-63.73,-19.12],[-63.73,-19.12],[-63.73,-19.12],[-63.73,-19.12],[-63.73,-19.12],[-63.73,-19.12],[-63.73,-19.12],[-63.73,-19.12],[-63.73,-19.12],[-63.73,-19.12],[-63.73,-19.12],[-63.72,-19.12],[-63.72,-19.12],[-63.72,-19.12],[-63.72,-19.12],[-63.72,-19.12],[-63.72,-19.12],[-63.72,-19.12],[-63.72,-19.12],[-63.72,-19.12],[-63.72,-19.12],[-63.72,-19.12],[-63.72,-19.11],[-63.72,-19.11],[-63.72,-19.11],[-63.72,-19.11],[-63.72,-19.11],[-63.72,-19.11],[-63.72,-19.11],[-63.72,-19.11],[-63.72,-19.11],[-63.72,-19.11],[-63.72,-19.11],[-63.72,-19.11],[-63.72,-19.11],[-63.72,-19.11],[-63.72,-19.11],[-63.72,-19.11],[-63.72,-19.11],[-63.72,-19.11],[-63.72,-19.11],[-63.72,-19.11],[-63.72,-19.11],[-63.72,-19.11],[-63.72,-19.11],[-63.72,-19.11],[-63.72,-19.11],[-63.72,-19.11],[-63.72,-19.1],[-63.72,-19.1],[-63.72,-19.1],[-63.72,-19.1],[-63.72,-19.1],[-63.72,-19.1],[-63.72,-19.1],[-63.72,-19.1],[-63.72,-19.1],[-63.72,-19.1],[-63.72,-19.1],[-63.72,-19.1],[-63.72,-19.1],[-63.72,-19.1],[-63.72,-19.1],[-63.72,-19.1],[-63.72,-19.1],[-63.72,-19.1],[-63.72,-19.1],[-63.72,-19.1],[-63.72,-19.1],[-63.72,-19.1],[-63.72,-19.1],[-63.72,-19.09],[-63.72,-19.09],[-63.72,-19.09],[-63.72,-19.09],[-63.72,-19.09],[-63.72,-19.09],[-63.72,-19.09],[-63.72,-19.09],[-63.72,-19.09],[-63.72,-19.09],[-63.72,-19.09],[-63.72,-19.09],[-63.72,-19.09],[-63.72,-19.09],[-63.72,-19.09],[-63.72,-19.09],[-63.72,-19.09],[-63.72,-19.09],[-63.72,-19.09],[-63.72,-19.09],[-63.72,-19.09],[-63.72,-19.09],[-63.71,-19.09],[-63.71,-19.09],[-63.71,-19.09],[-63.71,-19.09],[-63.71,-19.09],[-63.71,-19.09],[-63.71,-19.09],[-63.71,-19.09],[-63.71,-19.08],[-63.71,-19.08],[-63.71,-19.08],[-63.71,-19.08],[-63.71,-19.08],[-63.71,-19.08],[-63.71,-19.08],[-63.71,-19.08],[-63.71,-19.08],[-63.71,-19.08],[-63.71,-19.08],[-63.71,-19.08],[-63.71,-19.08],[-63.71,-19.08],[-63.71,-19.08],[-63.71,-19.08],[-63.71,-19.08],[-63.71,-19.07],[-63.71,-19.07],[-63.71,-19.07],[-63.71,-19.07],[-63.71,-19.07],[-63.71,-19.07],[-63.71,-19.07],[-63.71,-19.07],[-63.71,-19.07],[-63.71,-19.07],[-63.71,-19.07],[-63.71,-19.07],[-63.71,-19.07],[-63.71,-19.07],[-63.71,-19.07],[-63.71,-19.07],[-63.71,-19.06],[-63.71,-19.06],[-63.71,-19.06],[-63.71,-19.06],[-63.71,-19.06],[-63.71,-19.06],[-63.71,-19.06],[-63.71,-19.06],[-63.71,-19.06],[-63.71,-19.06],[-63.71,-19.06],[-63.71,-19.06],[-63.71,-19.06],[-63.71,-19.06],[-63.71,-19.06],[-63.71,-19.06],[-63.71,-19.06],[-63.71,-19.06],[-63.71,-19.06],[-63.71,-19.06],[-63.71,-19.06],[-63.71,-19.06],[-63.71,-19.06],[-63.71,-19.06],[-63.71,-19.06],[-63.71,-19.06],[-63.71,-19.06],[-63.71,-19.05],[-63.71,-19.05],[-63.71,-19.05],[-63.71,-19.05],[-63.71,-19.05],[-63.71,-19.05],[-63.71,-19.05],[-63.71,-19.05],[-63.71,-19.05],[-63.71,-19.05],[-63.71,-19.05],[-63.71,-19.05],[-63.71,-19.05],[-63.71,-19.05],[-63.71,-19.05],[-63.71,-19.05],[-63.71,-19.05],[-63.71,-19.05],[-63.71,-19.04],[-63.71,-19.04],[-63.71,-19.04],[-63.71,-19.04],[-63.71,-19.04],[-63.71,-19.04],[-63.71,-19.04],[-63.71,-19.04],[-63.71,-19.04],[-63.71,-19.04],[-63.71,-19.04],[-63.71,-19.04],[-63.71,-19.04],[-63.71,-19.04],[-63.71,-19.04],[-63.72,-19.04],[-63.72,-19.04],[-63.72,-19.04],[-63.72,-19.04],[-63.72,-19.04],[-63.72,-19.04],[-63.72,-19.04],[-63.72,-19.04],[-63.72,-19.04],[-63.72,-19.04],[-63.72,-19.04],[-63.72,-19.04],[-63.72,-19.04],[-63.72,-19.04],[-63.72,-19.04],[-63.72,-19.04],[-63.72,-19.04],[-63.72,-19.04],[-63.72,-19.03],[-63.72,-19.03],[-63.72,-19.03],[-63.72,-19.03],[-63.72,-19.03],[-63.72,-19.03],[-63.73,-19.03],[-63.73,-19.03],[-63.73,-19.03],[-63.73,-19.03],[-63.73,-19.03],[-63.73,-19.03],[-63.73,-19.03],[-63.73,-19.03],[-63.73,-19.04],[-63.73,-19.04],[-63.74,-19.04],[-63.74,-19.04],[-63.74,-19.04],[-63.74,-19.04],[-63.74,-19.04],[-63.74,-19.04],[-63.74,-19.04],[-63.74,-19.04],[-63.74,-19.04],[-63.75,-19.04],[-63.75,-19.04],[-63.75,-19.04],[-63.75,-19.04],[-63.75,-19.04],[-63.75,-19.04],[-63.75,-19.04],[-63.75,-19.03],[-63.75,-19.03],[-63.76,-19.03],[-63.76,-19.03],[-63.76,-19.03],[-63.76,-19.03],[-63.76,-19.03],[-63.76,-19.03],[-63.76,-19.03],[-63.77,-19.03],[-63.77,-19.03],[-63.77,-19.03],[-63.77,-19.03],[-63.77,-19.03],[-63.78,-19.03],[-63.78,-19.03],[-63.78,-19.03],[-63.78,-19.04],[-63.78,-19.04],[-63.78,-19.04],[-63.78,-19.04],[-63.78,-19.04],[-63.78,-19.04],[-63.78,-19.04],[-63.78,-19.04],[-63.78,-19.04],[-63.78,-19.04],[-63.78,-19.05],[-63.78,-19.05],[-63.78,-19.05],[-63.78,-19.04],[-63.78,-19.04],[-63.79,-19.04],[-63.79,-19.04],[-63.79,-19.04],[-63.79,-19.04],[-63.79,-19.04],[-63.79,-19.04],[-63.8,-19.04],[-63.8,-19.04],[-63.8,-19.04],[-63.8,-19.05],[-63.8,-19.05],[-63.8,-19.05],[-63.81,-19.05],[-63.81,-19.05],[-63.81,-19.05],[-63.81,-19.05],[-63.81,-19.05],[-63.81,-19.05],[-63.81,-19.05],[-63.81,-19.05],[-63.81,-19.05],[-63.81,-19.05],[-63.81,-19.05],[-63.81,-19.04],[-63.81,-19.04],[-63.81,-19.04],[-63.81,-19.04],[-63.81,-19.04],[-63.81,-19.04],[-63.82,-19.04],[-63.82,-19.05],[-63.82,-19.05],[-63.82,-19.05],[-63.82,-19.05],[-63.83,-19.05],[-63.83,-19.05],[-63.83,-19.05],[-63.83,-19.05],[-63.83,-19.05],[-63.83,-19.05],[-63.83,-19.05],[-63.83,-19.05],[-63.83,-19.05],[-63.83,-19.05],[-63.84,-19.05],[-63.84,-19.05],[-63.84,-19.05],[-63.84,-19.04],[-63.84,-19.04],[-63.84,-19.04],[-63.84,-19.04],[-63.84,-19.04],[-63.84,-19.04],[-63.84,-19.04],[-63.84,-19.04],[-63.84,-19.04],[-63.84,-19.04],[-63.85,-19.04],[-63.85,-19.04],[-63.85,-19.03],[-63.85,-19.03],[-63.85,-19.03],[-63.85,-19.03],[-63.85,-19.03],[-63.85,-19.03],[-63.85,-19.03],[-63.85,-19.03],[-63.85,-19.03],[-63.85,-19.03],[-63.86,-19.03],[-63.86,-19.03],[-63.86,-19.03],[-63.86,-19.03],[-63.86,-19.03],[-63.86,-19.03],[-63.86,-19.03],[-63.86,-19.03],[-63.87,-19.03],[-63.87,-19.03],[-63.87,-19.03],[-63.87,-19.03],[-63.87,-19.03],[-63.87,-19.03],[-63.87,-19.03],[-63.87,-19.03],[-63.87,-19.03],[-63.87,-19.03],[-63.87,-19.03],[-63.88,-19.03],[-63.88,-19.03],[-63.88,-19.03],[-63.88,-19.03],[-63.88,-19.03],[-63.88,-19.03],[-63.88,-19.03],[-63.89,-19.03],[-63.89,-19.03],[-63.89,-19.03],[-63.89,-19.03],[-63.89,-19.03],[-63.89,-19.03],[-63.89,-19.03],[-63.89,-19.03],[-63.89,-19.03],[-63.89,-19.03],[-63.89,-19.03],[-63.89,-19.03],[-63.89,-19.03],[-63.89,-19.03],[-63.9,-19.03],[-63.9,-19.03],[-63.9,-19.03],[-63.9,-19.03],[-63.9,-19.03],[-63.9,-19.03],[-63.9,-19.03],[-63.9,-19.03],[-63.9,-19.03],[-63.9,-19.04],[-63.9,-19.04],[-63.9,-19.04],[-63.89,-19.04],[-63.89,-19.04],[-63.89,-19.04],[-63.89,-19.04],[-63.9,-19.04],[-63.9,-19.04],[-63.9,-19.04],[-63.9,-19.04],[-63.9,-19.04],[-63.9,-19.04],[-63.9,-19.04],[-63.9,-19.04],[-63.9,-19.04],[-63.9,-19.04],[-63.9,-19.04],[-63.9,-19.04],[-63.9,-19.05],[-63.91,-19.05],[-63.91,-19.05],[-63.91,-19.05],[-63.91,-19.05],[-63.91,-19.05],[-63.91,-19.05],[-63.91,-19.05],[-63.91,-19.06],[-63.91,-19.06],[-63.91,-19.06],[-63.91,-19.06],[-63.91,-19.06],[-63.91,-19.06],[-63.91,-19.07],[-63.91,-19.07],[-63.91,-19.07],[-63.91,-19.07],[-63.91,-19.07],[-63.91,-19.07],[-63.91,-19.08],[-63.91,-19.08],[-63.91,-19.08],[-63.91,-19.08],[-63.91,-19.08],[-63.91,-19.08],[-63.91,-19.08],[-63.91,-19.08],[-63.91,-19.08],[-63.91,-19.08],[-63.91,-19.09],[-63.91,-19.09],[-63.91,-19.09],[-63.91,-19.09],[-63.91,-19.09],[-63.9,-19.09],[-63.9,-19.09],[-63.9,-19.09],[-63.9,-19.09],[-63.9,-19.09],[-63.9,-19.09],[-63.9,-19.09],[-63.91,-19.09],[-63.91,-19.1],[-63.91,-19.1],[-63.91,-19.1],[-63.91,-19.1],[-63.91,-19.1],[-63.91,-19.1],[-63.91,-19.1],[-63.91,-19.1],[-63.91,-19.1],[-63.9,-19.1],[-63.9,-19.1],[-63.9,-19.11],[-63.9,-19.11],[-63.9,-19.11],[-63.9,-19.11],[-63.9,-19.11],[-63.91,-19.11],[-63.91,-19.11],[-63.91,-19.11],[-63.91,-19.11],[-63.91,-19.11],[-63.91,-19.11],[-63.91,-19.11],[-63.91,-19.11],[-63.91,-19.11],[-63.91,-19.12],[-63.91,-19.12],[-63.91,-19.12],[-63.91,-19.12],[-63.91,-19.12],[-63.91,-19.12],[-63.91,-19.12],[-63.91,-19.12],[-63.91,-19.12],[-63.91,-19.12],[-63.91,-19.12],[-63.91,-19.12],[-63.91,-19.12],[-63.91,-19.13],[-63.91,-19.13],[-63.91,-19.13],[-63.91,-19.13],[-63.91,-19.13],[-63.91,-19.13],[-63.91,-19.13],[-63.91,-19.13],[-63.91,-19.13],[-63.91,-19.13],[-63.91,-19.13],[-63.91,-19.13],[-63.91,-19.14],[-63.91,-19.14],[-63.91,-19.14],[-63.91,-19.14],[-63.91,-19.14],[-63.91,-19.14],[-63.91,-19.14],[-63.91,-19.15],[-63.91,-19.15],[-63.91,-19.15],[-63.91,-19.15],[-63.91,-19.15],[-63.91,-19.15],[-63.91,-19.15],[-63.91,-19.15],[-63.91,-19.15],[-63.91,-19.15],[-63.91,-19.15],[-63.91,-19.15],[-63.91,-19.16],[-63.91,-19.16],[-63.91,-19.16],[-63.91,-19.16],[-63.91,-19.16],[-63.91,-19.16],[-63.91,-19.16],[-63.91,-19.16],[-63.91,-19.16],[-63.92,-19.16],[-63.92,-19.16],[-63.92,-19.16],[-63.92,-19.17],[-63.92,-19.17],[-63.92,-19.17],[-63.92,-19.17],[-63.92,-19.17],[-63.92,-19.17],[-63.92,-19.17],[-63.92,-19.17],[-63.92,-19.17],[-63.92,-19.17],[-63.92,-19.17],[-63.92,-19.18],[-63.92,-19.18],[-63.92,-19.18],[-63.92,-19.18],[-63.92,-19.18],[-63.92,-19.18],[-63.92,-19.18],[-63.92,-19.18],[-63.92,-19.18],[-63.92,-19.18],[-63.92,-19.18],[-63.92,-19.18],[-63.92,-19.18],[-63.92,-19.18],[-63.93,-19.18],[-63.93,-19.18],[-63.93,-19.18],[-63.93,-19.18],[-63.93,-19.18],[-63.93,-19.18],[-63.93,-19.18],[-63.93,-19.17],[-63.93,-19.17],[-63.93,-19.17],[-63.93,-19.17],[-63.94,-19.17],[-63.94,-19.17],[-63.94,-19.17],[-63.94,-19.17],[-63.94,-19.17],[-63.94,-19.17],[-63.94,-19.17],[-63.94,-19.17],[-63.94,-19.17],[-63.94,-19.17],[-63.94,-19.17],[-63.94,-19.17],[-63.94,-19.18],[-63.94,-19.18],[-63.94,-19.18],[-63.94,-19.18],[-63.94,-19.18],[-63.94,-19.18],[-63.94,-19.18],[-63.94,-19.18],[-63.94,-19.18],[-63.94,-19.18],[-63.94,-19.18],[-63.95,-19.18],[-63.95,-19.18],[-63.95,-19.18],[-63.95,-19.18],[-63.95,-19.17],[-63.95,-19.17],[-63.95,-19.17],[-63.95,-19.17],[-63.95,-19.17],[-63.95,-19.17],[-63.95,-19.17],[-63.95,-19.17],[-63.95,-19.17],[-63.95,-19.17],[-63.95,-19.17],[-63.95,-19.17],[-63.95,-19.17],[-63.96,-19.17],[-63.96,-19.17],[-63.96,-19.17],[-63.96,-19.17],[-63.96,-19.17],[-63.96,-19.17],[-63.96,-19.17],[-63.96,-19.17],[-63.96,-19.17],[-63.96,-19.17],[-63.97,-19.17],[-63.97,-19.18],[-63.97,-19.18],[-63.97,-19.18],[-63.97,-19.18],[-63.97,-19.18],[-63.97,-19.18],[-63.97,-19.18],[-63.97,-19.18],[-63.98,-19.18],[-63.98,-19.18],[-63.98,-19.18],[-63.98,-19.18],[-63.98,-19.17],[-63.98,-19.18],[-63.98,-19.18],[-63.98,-19.18],[-63.98,-19.18],[-63.98,-19.18],[-63.99,-19.18],[-63.99,-19.18],[-63.99,-19.18],[-63.99,-19.18],[-63.99,-19.18],[-63.99,-19.18],[-64,-19.18],[-64,-19.18],[-64,-19.18],[-64,-19.18],[-64,-19.18],[-64,-19.18],[-64,-19.18],[-64,-19.18],[-64,-19.18],[-64,-19.18],[-64,-19.18],[-64,-19.18],[-64,-19.18],[-64,-19.17],[-64,-19.17],[-64,-19.17],[-64,-19.17],[-64,-19.17],[-64,-19.17],[-64.01,-19.17],[-64.01,-19.17],[-64.01,-19.17],[-64.01,-19.17],[-64.01,-19.17],[-64.01,-19.17],[-64.01,-19.17],[-64.01,-19.17],[-64.01,-19.17],[-64.01,-19.17],[-64.01,-19.17],[-64.01,-19.17],[-64.01,-19.17],[-64.01,-19.17],[-64.01,-19.17],[-64.01,-19.17],[-64.01,-19.17],[-64.01,-19.17],[-64.02,-19.17],[-64.02,-19.17],[-64.02,-19.17],[-64.02,-19.17],[-64.02,-19.17],[-64.02,-19.16],[-64.02,-19.16],[-64.02,-19.16],[-64.02,-19.16],[-64.02,-19.16],[-64.02,-19.16],[-64.02,-19.16],[-64.02,-19.16],[-64.02,-19.16],[-64.02,-19.16],[-64.02,-19.15],[-64.02,-19.15],[-64.02,-19.15],[-64.02,-19.15],[-64.02,-19.15],[-64.02,-19.15],[-64.02,-19.15],[-64.02,-19.15],[-64.02,-19.15],[-64.02,-19.15],[-64.02,-19.15],[-64.02,-19.15],[-64.02,-19.15],[-64.03,-19.15],[-64.03,-19.15],[-64.03,-19.15],[-64.03,-19.14],[-64.03,-19.14],[-64.03,-19.14],[-64.03,-19.14],[-64.03,-19.14],[-64.03,-19.14],[-64.03,-19.14],[-64.03,-19.14],[-64.03,-19.14],[-64.03,-19.13],[-64.03,-19.13],[-64.03,-19.13],[-64.03,-19.13],[-64.03,-19.13],[-64.03,-19.13],[-64.03,-19.13],[-64.04,-19.13],[-64.04,-19.13],[-64.04,-19.13],[-64.04,-19.13],[-64.04,-19.12],[-64.04,-19.12],[-64.04,-19.12],[-64.04,-19.12],[-64.04,-19.12],[-64.04,-19.12],[-64.04,-19.12],[-64.04,-19.12],[-64.04,-19.12],[-64.04,-19.12],[-64.04,-19.12],[-64.04,-19.12],[-64.04,-19.12],[-64.04,-19.11],[-64.04,-19.11],[-64.04,-19.11],[-64.04,-19.11],[-64.04,-19.11],[-64.04,-19.11],[-64.04,-19.11],[-64.04,-19.11],[-64.04,-19.11],[-64.03,-19.11],[-64.03,-19.11],[-64.03,-19.11],[-64.03,-19.11],[-64.03,-19.11],[-64.03,-19.11],[-64.03,-19.11],[-64.03,-19.11],[-64.03,-19.11],[-64.03,-19.11],[-64.03,-19.11],[-64.03,-19.11],[-64.03,-19.11],[-64.03,-19.11],[-64.04,-19.11],[-64.04,-19.1],[-64.04,-19.1],[-64.04,-19.1],[-64.04,-19.1],[-64.04,-19.1],[-64.04,-19.1],[-64.04,-19.1],[-64.04,-19.1],[-64.04,-19.1],[-64.04,-19.1],[-64.03,-19.1],[-64.03,-19.1],[-64.03,-19.1],[-64.03,-19.1],[-64.04,-19.1],[-64.04,-19.1],[-64.04,-19.1],[-64.04,-19.1],[-64.04,-19.1],[-64.04,-19.09],[-64.04,-19.09],[-64.04,-19.09],[-64.04,-19.09],[-64.04,-19.1],[-64.04,-19.1],[-64.04,-19.1],[-64.04,-19.09],[-64.04,-19.09],[-64.04,-19.09],[-64.04,-19.09],[-64.04,-19.09],[-64.04,-19.09],[-64.04,-19.09],[-64.04,-19.09],[-64.04,-19.09],[-64.04,-19.09],[-64.04,-19.09],[-64.04,-19.09],[-64.04,-19.09],[-64.04,-19.08],[-64.04,-19.08],[-64.04,-19.08],[-64.04,-19.08],[-64.04,-19.08],[-64.04,-19.08],[-64.04,-19.08],[-64.04,-19.08],[-64.04,-19.08],[-64.04,-19.08],[-64.04,-19.08],[-64.04,-19.08],[-64.04,-19.08],[-64.04,-19.08],[-64.04,-19.08],[-64.04,-19.08],[-64.04,-19.08],[-64.04,-19.08],[-64.04,-19.08],[-64.04,-19.07],[-64.04,-19.07],[-64.04,-19.07],[-64.04,-19.07],[-64.04,-19.07],[-64.04,-19.07],[-64.05,-19.07],[-64.05,-19.07],[-64.05,-19.07],[-64.05,-19.07],[-64.05,-19.07],[-64.05,-19.07],[-64.05,-19.07],[-64.05,-19.07],[-64.05,-19.07],[-64.05,-19.06],[-64.05,-19.06],[-64.05,-19.06],[-64.05,-19.06],[-64.05,-19.06],[-64.05,-19.06],[-64.05,-19.06],[-64.05,-19.06],[-64.05,-19.06],[-64.04,-19.06],[-64.04,-19.05],[-64.05,-19.05],[-64.05,-19.05],[-64.05,-19.05],[-64.05,-19.05],[-64.05,-19.05],[-64.05,-19.05],[-64.05,-19.05],[-64.05,-19.05],[-64.05,-19.05],[-64.05,-19.05],[-64.05,-19.05],[-64.05,-19.05],[-64.05,-19.05],[-64.05,-19.05],[-64.05,-19.05],[-64.05,-19.05],[-64.06,-19.05],[-64.06,-19.05],[-64.06,-19.05],[-64.06,-19.05],[-64.06,-19.05],[-64.06,-19.05],[-64.06,-19.04],[-64.05,-19.04],[-64.05,-19.04],[-64.05,-19.04],[-64.05,-19.04],[-64.06,-19.04],[-64.06,-19.04],[-64.06,-19.04],[-64.06,-19.04],[-64.06,-19.04],[-64.06,-19.04],[-64.06,-19.04],[-64.06,-19.04],[-64.06,-19.04],[-64.05,-19.04],[-64.05,-19.04],[-64.05,-19.04],[-64.05,-19.04],[-64.05,-19.04],[-64.05,-19.04],[-64.05,-19.03],[-64.05,-19.03],[-64.05,-19.03],[-64.05,-19.03],[-64.05,-19.03],[-64.05,-19.03],[-64.05,-19.03],[-64.05,-19.03],[-64.06,-19.03],[-64.06,-19.03],[-64.06,-19.03],[-64.06,-19.03],[-64.06,-19.03],[-64.06,-19.03],[-64.06,-19.03],[-64.06,-19.03],[-64.06,-19.03],[-64.06,-19.02],[-64.06,-19.02],[-64.06,-19.02],[-64.06,-19.02],[-64.06,-19.02],[-64.07,-19.02],[-64.07,-19.02],[-64.07,-19.02],[-64.07,-19.02],[-64.07,-19.02],[-64.06,-19.02],[-64.06,-19.02],[-64.06,-19.02],[-64.06,-19.02],[-64.06,-19.02],[-64.06,-19.02],[-64.06,-19.01],[-64.06,-19.01],[-64.06,-19.01],[-64.06,-19.01],[-64.06,-19.01],[-64.06,-19.01],[-64.06,-19.01],[-64.06,-19.01],[-64.06,-19.01],[-64.06,-19.01],[-64.07,-19.01],[-64.07,-19.01],[-64.07,-19.01],[-64.07,-19],[-64.07,-19],[-64.07,-19],[-64.07,-19],[-64.07,-19],[-64.07,-19],[-64.07,-19],[-64.07,-19],[-64.07,-19],[-64.07,-19],[-64.07,-19],[-64.07,-19],[-64.07,-19],[-64.07,-19],[-64.07,-19],[-64.08,-19],[-64.08,-19],[-64.08,-19],[-64.08,-19],[-64.08,-19],[-64.08,-19],[-64.08,-19],[-64.08,-19],[-64.08,-19],[-64.08,-19],[-64.08,-19],[-64.08,-18.99],[-64.08,-18.99],[-64.08,-18.99],[-64.08,-18.99],[-64.08,-18.99],[-64.08,-18.99],[-64.08,-18.99],[-64.09,-18.99],[-64.09,-18.99],[-64.09,-19],[-64.09,-19],[-64.09,-19],[-64.09,-19],[-64.09,-19],[-64.09,-19],[-64.09,-19],[-64.09,-19],[-64.09,-19],[-64.09,-19],[-64.09,-18.99],[-64.09,-18.99],[-64.09,-18.99],[-64.09,-18.99],[-64.09,-18.99],[-64.09,-18.99],[-64.09,-18.99],[-64.09,-18.99],[-64.09,-18.99],[-64.09,-18.99],[-64.09,-18.99],[-64.09,-18.99],[-64.09,-18.99],[-64.09,-18.99],[-64.09,-18.99],[-64.09,-18.99],[-64.09,-18.99],[-64.09,-18.99],[-64.1,-18.99],[-64.1,-18.99],[-64.1,-18.99],[-64.1,-18.98],[-64.1,-18.98],[-64.1,-18.98],[-64.1,-18.98],[-64.1,-18.98],[-64.1,-18.98],[-64.1,-18.98],[-64.1,-18.98],[-64.1,-18.98],[-64.1,-18.98],[-64.1,-18.98],[-64.1,-18.97],[-64.1,-18.97],[-64.1,-18.97],[-64.1,-18.97],[-64.1,-18.97],[-64.1,-18.97],[-64.1,-18.97],[-64.1,-18.97],[-64.1,-18.97],[-64.1,-18.97],[-64.1,-18.97],[-64.11,-18.97],[-64.11,-18.97],[-64.11,-18.97],[-64.11,-18.97],[-64.11,-18.97],[-64.11,-18.97],[-64.11,-18.97],[-64.11,-18.97],[-64.11,-18.97],[-64.11,-18.97],[-64.12,-18.97],[-64.12,-18.97],[-64.12,-18.97],[-64.12,-18.97],[-64.12,-18.97],[-64.12,-18.97],[-64.12,-18.97],[-64.12,-18.96],[-64.12,-18.96],[-64.12,-18.96],[-64.12,-18.96],[-64.12,-18.96],[-64.12,-18.96],[-64.12,-18.96],[-64.12,-18.96],[-64.13,-18.96],[-64.13,-18.96],[-64.13,-18.96],[-64.13,-18.96],[-64.13,-18.96],[-64.13,-18.96],[-64.13,-18.96],[-64.13,-18.96],[-64.13,-18.96],[-64.13,-18.96],[-64.14,-18.96],[-64.14,-18.96],[-64.14,-18.96],[-64.14,-18.96],[-64.14,-18.96],[-64.14,-18.96],[-64.14,-18.96],[-64.14,-18.96],[-64.14,-18.96],[-64.14,-18.96],[-64.14,-18.96],[-64.14,-18.96],[-64.14,-18.96],[-64.14,-18.96],[-64.15,-18.96],[-64.15,-18.96],[-64.15,-18.96],[-64.15,-18.96],[-64.15,-18.96],[-64.15,-18.96],[-64.15,-18.96],[-64.15,-18.96],[-64.15,-18.96],[-64.15,-18.96],[-64.15,-18.96],[-64.15,-18.96],[-64.16,-18.96],[-64.16,-18.96],[-64.16,-18.96],[-64.16,-18.96],[-64.16,-18.96],[-64.16,-18.96],[-64.16,-18.96],[-64.16,-18.96],[-64.16,-18.96],[-64.16,-18.96],[-64.16,-18.96],[-64.16,-18.96],[-64.16,-18.96],[-64.16,-18.96],[-64.16,-18.96],[-64.17,-18.96],[-64.17,-18.96],[-64.17,-18.96],[-64.17,-18.96],[-64.17,-18.96],[-64.17,-18.96],[-64.17,-18.96],[-64.17,-18.96],[-64.17,-18.96],[-64.17,-18.96],[-64.17,-18.96],[-64.17,-18.96],[-64.17,-18.96],[-64.17,-18.96],[-64.17,-18.96],[-64.17,-18.96],[-64.17,-18.95],[-64.18,-18.95],[-64.18,-18.95],[-64.18,-18.95],[-64.18,-18.95],[-64.18,-18.96],[-64.18,-18.96],[-64.18,-18.96],[-64.18,-18.96],[-64.18,-18.96],[-64.18,-18.96],[-64.18,-18.96],[-64.18,-18.95],[-64.19,-18.95],[-64.19,-18.95],[-64.19,-18.95],[-64.19,-18.95],[-64.19,-18.95],[-64.19,-18.95],[-64.19,-18.95],[-64.19,-18.95],[-64.19,-18.95],[-64.19,-18.94],[-64.2,-18.94],[-64.19,-18.94],[-64.19,-18.94],[-64.19,-18.94],[-64.19,-18.94],[-64.19,-18.94],[-64.19,-18.94],[-64.19,-18.94],[-64.19,-18.94],[-64.19,-18.94],[-64.19,-18.93],[-64.19,-18.93],[-64.2,-18.93],[-64.2,-18.93],[-64.2,-18.93],[-64.2,-18.93],[-64.2,-18.94],[-64.2,-18.94],[-64.2,-18.94],[-64.2,-18.94],[-64.2,-18.93],[-64.2,-18.93],[-64.2,-18.93],[-64.2,-18.93],[-64.2,-18.93],[-64.2,-18.93],[-64.2,-18.93],[-64.2,-18.93],[-64.2,-18.93],[-64.2,-18.93],[-64.2,-18.93],[-64.2,-18.93],[-64.2,-18.92],[-64.2,-18.92],[-64.2,-18.92],[-64.2,-18.92],[-64.2,-18.92],[-64.2,-18.92],[-64.2,-18.92],[-64.2,-18.92],[-64.2,-18.92],[-64.2,-18.92],[-64.2,-18.92],[-64.2,-18.92],[-64.2,-18.92],[-64.2,-18.92],[-64.2,-18.92],[-64.2,-18.92],[-64.2,-18.91],[-64.2,-18.91],[-64.2,-18.91],[-64.2,-18.91],[-64.2,-18.91],[-64.2,-18.91],[-64.2,-18.91],[-64.2,-18.91],[-64.2,-18.91],[-64.2,-18.91],[-64.2,-18.91],[-64.2,-18.91],[-64.2,-18.9],[-64.2,-18.9],[-64.2,-18.9],[-64.2,-18.9],[-64.2,-18.9],[-64.2,-18.9],[-64.2,-18.9],[-64.21,-18.9],[-64.21,-18.9],[-64.21,-18.9],[-64.21,-18.89],[-64.21,-18.89],[-64.21,-18.89],[-64.21,-18.89],[-64.21,-18.89],[-64.21,-18.89],[-64.21,-18.89],[-64.21,-18.89],[-64.21,-18.89],[-64.21,-18.89],[-64.21,-18.89],[-64.21,-18.89],[-64.21,-18.89],[-64.21,-18.89],[-64.21,-18.89],[-64.21,-18.89],[-64.21,-18.89],[-64.21,-18.88],[-64.21,-18.88],[-64.21,-18.88],[-64.21,-18.88],[-64.21,-18.88],[-64.21,-18.88],[-64.21,-18.88],[-64.21,-18.88],[-64.22,-18.88],[-64.22,-18.88],[-64.22,-18.88],[-64.22,-18.88],[-64.22,-18.87],[-64.22,-18.87],[-64.22,-18.87],[-64.22,-18.87],[-64.22,-18.87],[-64.22,-18.87],[-64.22,-18.87],[-64.22,-18.87],[-64.22,-18.87],[-64.22,-18.87],[-64.22,-18.87],[-64.22,-18.87],[-64.22,-18.87],[-64.22,-18.87],[-64.22,-18.87],[-64.22,-18.87],[-64.22,-18.86],[-64.22,-18.86],[-64.23,-18.86],[-64.23,-18.86],[-64.23,-18.86],[-64.23,-18.86],[-64.23,-18.86],[-64.23,-18.86],[-64.23,-18.86],[-64.23,-18.86],[-64.23,-18.86],[-64.23,-18.86],[-64.23,-18.86],[-64.23,-18.86],[-64.23,-18.85],[-64.23,-18.86],[-64.24,-18.86],[-64.24,-18.86],[-64.24,-18.86],[-64.24,-18.86],[-64.24,-18.86],[-64.24,-18.86],[-64.24,-18.85],[-64.24,-18.85],[-64.24,-18.85],[-64.24,-18.85],[-64.24,-18.85],[-64.24,-18.85],[-64.24,-18.85],[-64.24,-18.85],[-64.24,-18.85],[-64.24,-18.85],[-64.24,-18.85],[-64.24,-18.85],[-64.24,-18.85],[-64.24,-18.85],[-64.25,-18.84],[-64.25,-18.84],[-64.25,-18.84],[-64.25,-18.84],[-64.25,-18.84],[-64.25,-18.84],[-64.25,-18.84],[-64.25,-18.84],[-64.25,-18.84],[-64.25,-18.84],[-64.25,-18.84],[-64.25,-18.84],[-64.25,-18.84],[-64.25,-18.84],[-64.25,-18.84],[-64.26,-18.84],[-64.26,-18.84],[-64.26,-18.83],[-64.26,-18.83],[-64.26,-18.83],[-64.26,-18.83],[-64.26,-18.83],[-64.26,-18.83],[-64.26,-18.83],[-64.26,-18.83],[-64.26,-18.83],[-64.26,-18.83],[-64.27,-18.83],[-64.27,-18.83],[-64.27,-18.83],[-64.27,-18.83],[-64.27,-18.83],[-64.27,-18.83],[-64.27,-18.84],[-64.27,-18.84],[-64.27,-18.84],[-64.27,-18.84],[-64.27,-18.84],[-64.27,-18.84],[-64.27,-18.84],[-64.27,-18.84],[-64.27,-18.84],[-64.27,-18.84],[-64.27,-18.84],[-64.27,-18.84],[-64.27,-18.84],[-64.27,-18.84],[-64.27,-18.84],[-64.27,-18.84],[-64.27,-18.84],[-64.27,-18.84],[-64.27,-18.84],[-64.27,-18.83],[-64.27,-18.83],[-64.27,-18.83],[-64.27,-18.83],[-64.27,-18.83],[-64.27,-18.83],[-64.27,-18.83],[-64.27,-18.83],[-64.27,-18.83],[-64.27,-18.83],[-64.28,-18.83],[-64.28,-18.83],[-64.28,-18.83],[-64.28,-18.83],[-64.28,-18.83],[-64.28,-18.83],[-64.28,-18.83],[-64.28,-18.82],[-64.28,-18.82],[-64.28,-18.82],[-64.28,-18.82],[-64.29,-18.82],[-64.29,-18.82],[-64.29,-18.82],[-64.29,-18.82],[-64.29,-18.81],[-64.29,-18.81],[-64.29,-18.81],[-64.29,-18.81],[-64.28,-18.81],[-64.28,-18.81],[-64.28,-18.81],[-64.28,-18.81],[-64.28,-18.81],[-64.28,-18.81],[-64.28,-18.81],[-64.28,-18.81],[-64.28,-18.81],[-64.28,-18.81],[-64.28,-18.8],[-64.28,-18.8],[-64.29,-18.8],[-64.29,-18.8],[-64.29,-18.8],[-64.29,-18.8],[-64.29,-18.8],[-64.28,-18.8],[-64.28,-18.8],[-64.28,-18.8],[-64.28,-18.79],[-64.28,-18.79],[-64.28,-18.79],[-64.28,-18.79],[-64.28,-18.79],[-64.28,-18.79],[-64.28,-18.79],[-64.28,-18.79],[-64.28,-18.79],[-64.28,-18.79],[-64.28,-18.79],[-64.29,-18.78],[-64.29,-18.78],[-64.29,-18.78],[-64.29,-18.78],[-64.29,-18.78],[-64.29,-18.78],[-64.29,-18.78],[-64.29,-18.78],[-64.29,-18.78],[-64.29,-18.78],[-64.29,-18.78],[-64.29,-18.78],[-64.29,-18.77],[-64.29,-18.77],[-64.29,-18.77],[-64.29,-18.77],[-64.29,-18.77],[-64.29,-18.77],[-64.29,-18.77],[-64.29,-18.76],[-64.3,-18.76],[-64.3,-18.76],[-64.3,-18.76],[-64.3,-18.76],[-64.3,-18.76],[-64.3,-18.76],[-64.3,-18.76],[-64.3,-18.76],[-64.3,-18.76],[-64.3,-18.76],[-64.31,-18.76],[-64.31,-18.76],[-64.31,-18.76],[-64.31,-18.76],[-64.31,-18.76],[-64.31,-18.76],[-64.32,-18.76],[-64.32,-18.76],[-64.32,-18.75],[-64.32,-18.75],[-64.32,-18.75],[-64.32,-18.75],[-64.32,-18.75],[-64.31,-18.75],[-64.31,-18.75],[-64.31,-18.75],[-64.31,-18.75],[-64.31,-18.75],[-64.31,-18.75],[-64.31,-18.75],[-64.31,-18.75],[-64.31,-18.75],[-64.31,-18.75],[-64.31,-18.75],[-64.31,-18.75],[-64.31,-18.75],[-64.31,-18.75],[-64.31,-18.75],[-64.31,-18.75],[-64.31,-18.74],[-64.31,-18.74],[-64.31,-18.74],[-64.31,-18.74],[-64.31,-18.74],[-64.31,-18.74],[-64.31,-18.74],[-64.31,-18.74],[-64.31,-18.74],[-64.31,-18.74],[-64.32,-18.74],[-64.32,-18.74],[-64.32,-18.73],[-64.32,-18.73],[-64.32,-18.73],[-64.32,-18.73],[-64.32,-18.73],[-64.32,-18.73],[-64.32,-18.73],[-64.32,-18.72],[-64.32,-18.72],[-64.32,-18.72],[-64.32,-18.72],[-64.32,-18.72],[-64.31,-18.72],[-64.31,-18.72],[-64.31,-18.72],[-64.31,-18.72],[-64.31,-18.71],[-64.31,-18.71],[-64.31,-18.71],[-64.31,-18.71],[-64.31,-18.71],[-64.31,-18.7],[-64.31,-18.7],[-64.31,-18.7],[-64.31,-18.7],[-64.31,-18.7],[-64.31,-18.7],[-64.31,-18.7],[-64.31,-18.7],[-64.31,-18.7],[-64.31,-18.7],[-64.31,-18.7],[-64.31,-18.7],[-64.31,-18.69],[-64.31,-18.69],[-64.31,-18.69],[-64.31,-18.69],[-64.31,-18.69],[-64.31,-18.69],[-64.31,-18.69],[-64.31,-18.69],[-64.31,-18.69],[-64.31,-18.69],[-64.31,-18.68],[-64.31,-18.68],[-64.31,-18.68],[-64.31,-18.68],[-64.31,-18.68],[-64.31,-18.68],[-64.31,-18.68],[-64.31,-18.68],[-64.31,-18.68],[-64.31,-18.68],[-64.31,-18.67],[-64.31,-18.67],[-64.31,-18.67],[-64.31,-18.67],[-64.31,-18.67],[-64.31,-18.67],[-64.31,-18.67],[-64.31,-18.67],[-64.31,-18.67],[-64.31,-18.67],[-64.31,-18.67],[-64.31,-18.67],[-64.31,-18.67],[-64.31,-18.67],[-64.31,-18.67],[-64.31,-18.67],[-64.31,-18.67],[-64.31,-18.67],[-64.31,-18.67],[-64.31,-18.67],[-64.31,-18.66],[-64.31,-18.66],[-64.31,-18.66],[-64.31,-18.66],[-64.31,-18.66],[-64.31,-18.66],[-64.31,-18.66],[-64.32,-18.66],[-64.32,-18.66],[-64.32,-18.66],[-64.32,-18.66],[-64.32,-18.67],[-64.32,-18.67],[-64.32,-18.67],[-64.32,-18.67],[-64.32,-18.67],[-64.32,-18.67],[-64.32,-18.67],[-64.32,-18.67],[-64.33,-18.66],[-64.33,-18.66],[-64.33,-18.66],[-64.33,-18.66],[-64.33,-18.66],[-64.33,-18.66],[-64.33,-18.66],[-64.33,-18.66],[-64.33,-18.66],[-64.33,-18.66],[-64.33,-18.66],[-64.33,-18.66],[-64.33,-18.66],[-64.33,-18.66],[-64.33,-18.66],[-64.33,-18.66],[-64.33,-18.66],[-64.33,-18.66],[-64.32,-18.66],[-64.32,-18.66],[-64.32,-18.66],[-64.32,-18.66],[-64.32,-18.66],[-64.32,-18.66],[-64.32,-18.65],[-64.32,-18.65],[-64.32,-18.65],[-64.32,-18.65],[-64.32,-18.65],[-64.32,-18.65],[-64.32,-18.65],[-64.32,-18.65],[-64.32,-18.65],[-64.32,-18.65],[-64.32,-18.65],[-64.32,-18.65],[-64.32,-18.65],[-64.32,-18.65],[-64.32,-18.65],[-64.32,-18.65],[-64.32,-18.65],[-64.32,-18.65],[-64.32,-18.65],[-64.32,-18.65],[-64.32,-18.64],[-64.32,-18.64],[-64.32,-18.64],[-64.32,-18.64],[-64.32,-18.64],[-64.32,-18.64],[-64.32,-18.64],[-64.32,-18.64],[-64.32,-18.64],[-64.31,-18.64],[-64.31,-18.64],[-64.31,-18.64],[-64.31,-18.64],[-64.31,-18.64],[-64.31,-18.64],[-64.31,-18.64],[-64.31,-18.64],[-64.31,-18.64],[-64.31,-18.64],[-64.31,-18.64],[-64.31,-18.64],[-64.31,-18.64],[-64.31,-18.64],[-64.31,-18.64],[-64.31,-18.64],[-64.31,-18.63],[-64.31,-18.63],[-64.31,-18.63],[-64.31,-18.63],[-64.31,-18.63],[-64.31,-18.63],[-64.31,-18.63],[-64.31,-18.63],[-64.31,-18.63],[-64.31,-18.63],[-64.31,-18.63],[-64.31,-18.63],[-64.31,-18.62],[-64.31,-18.62],[-64.31,-18.62],[-64.31,-18.62],[-64.31,-18.62],[-64.31,-18.62],[-64.31,-18.62],[-64.31,-18.62],[-64.31,-18.62],[-64.31,-18.62],[-64.31,-18.62],[-64.31,-18.62],[-64.31,-18.62],[-64.31,-18.62],[-64.3,-18.62],[-64.3,-18.62],[-64.3,-18.62],[-64.3,-18.62],[-64.3,-18.62],[-64.3,-18.62],[-64.3,-18.61],[-64.3,-18.61],[-64.3,-18.61],[-64.3,-18.61],[-64.3,-18.61],[-64.3,-18.61],[-64.3,-18.61],[-64.3,-18.61],[-64.3,-18.61],[-64.3,-18.61],[-64.3,-18.61],[-64.3,-18.61],[-64.3,-18.61],[-64.3,-18.61],[-64.29,-18.61],[-64.29,-18.61],[-64.29,-18.61],[-64.29,-18.61],[-64.29,-18.61],[-64.29,-18.61],[-64.29,-18.61],[-64.29,-18.61],[-64.29,-18.61],[-64.29,-18.61],[-64.29,-18.61],[-64.29,-18.61],[-64.29,-18.61],[-64.29,-18.61],[-64.29,-18.61],[-64.29,-18.61],[-64.29,-18.61],[-64.29,-18.61],[-64.29,-18.61],[-64.29,-18.61],[-64.29,-18.61],[-64.29,-18.61],[-64.29,-18.61],[-64.29,-18.6],[-64.29,-18.6],[-64.29,-18.6],[-64.29,-18.6],[-64.29,-18.6],[-64.29,-18.6],[-64.28,-18.6],[-64.28,-18.6],[-64.28,-18.6],[-64.28,-18.6],[-64.28,-18.6],[-64.28,-18.6],[-64.28,-18.6],[-64.28,-18.6],[-64.28,-18.6],[-64.28,-18.6],[-64.28,-18.59],[-64.28,-18.59],[-64.28,-18.59],[-64.28,-18.59],[-64.28,-18.59],[-64.28,-18.59],[-64.28,-18.59],[-64.28,-18.59],[-64.28,-18.59],[-64.28,-18.59],[-64.28,-18.59],[-64.28,-18.59],[-64.28,-18.59],[-64.29,-18.59],[-64.29,-18.59],[-64.29,-18.59],[-64.29,-18.59],[-64.29,-18.58],[-64.29,-18.58],[-64.29,-18.58],[-64.29,-18.58],[-64.29,-18.58],[-64.29,-18.58],[-64.29,-18.58],[-64.29,-18.58],[-64.29,-18.58],[-64.29,-18.57],[-64.29,-18.57],[-64.29,-18.57],[-64.29,-18.57],[-64.29,-18.57],[-64.29,-18.57],[-64.29,-18.57],[-64.29,-18.57],[-64.29,-18.57],[-64.29,-18.57],[-64.29,-18.57],[-64.29,-18.57],[-64.29,-18.56],[-64.29,-18.56],[-64.29,-18.56],[-64.29,-18.56],[-64.3,-18.56],[-64.3,-18.56],[-64.3,-18.56],[-64.3,-18.56],[-64.3,-18.56],[-64.3,-18.56],[-64.29,-18.56],[-64.29,-18.56],[-64.29,-18.56],[-64.29,-18.56],[-64.29,-18.56],[-64.29,-18.56],[-64.29,-18.56],[-64.29,-18.56],[-64.29,-18.56],[-64.3,-18.56],[-64.3,-18.56],[-64.3,-18.56],[-64.3,-18.56],[-64.3,-18.55],[-64.3,-18.55],[-64.3,-18.55],[-64.3,-18.55],[-64.3,-18.55],[-64.3,-18.55],[-64.3,-18.55],[-64.29,-18.55],[-64.29,-18.55],[-64.29,-18.55],[-64.29,-18.55],[-64.29,-18.55],[-64.29,-18.55],[-64.29,-18.55],[-64.29,-18.55],[-64.29,-18.55],[-64.29,-18.55],[-64.29,-18.55],[-64.29,-18.55],[-64.29,-18.55],[-64.29,-18.55],[-64.29,-18.55],[-64.29,-18.55],[-64.29,-18.55],[-64.29,-18.55],[-64.29,-18.55],[-64.29,-18.55],[-64.29,-18.55],[-64.29,-18.55],[-64.29,-18.55],[-64.29,-18.55],[-64.28,-18.55],[-64.28,-18.55],[-64.28,-18.55],[-64.29,-18.55],[-64.29,-18.55],[-64.29,-18.55],[-64.29,-18.55],[-64.29,-18.55],[-64.29,-18.55],[-64.29,-18.55],[-64.29,-18.55],[-64.29,-18.54],[-64.29,-18.54],[-64.29,-18.54],[-64.29,-18.54],[-64.29,-18.54],[-64.29,-18.54],[-64.29,-18.54],[-64.29,-18.54],[-64.29,-18.54],[-64.29,-18.54],[-64.29,-18.54],[-64.29,-18.54],[-64.29,-18.54],[-64.29,-18.54],[-64.29,-18.54],[-64.29,-18.54],[-64.29,-18.54],[-64.29,-18.53],[-64.29,-18.53],[-64.29,-18.53],[-64.29,-18.53],[-64.29,-18.53],[-64.29,-18.53],[-64.29,-18.53],[-64.29,-18.53],[-64.29,-18.53],[-64.29,-18.53],[-64.29,-18.53],[-64.29,-18.53],[-64.3,-18.53],[-64.3,-18.53],[-64.3,-18.53],[-64.3,-18.53],[-64.3,-18.53],[-64.3,-18.53],[-64.3,-18.53],[-64.3,-18.53],[-64.3,-18.53],[-64.3,-18.53],[-64.3,-18.53],[-64.3,-18.53],[-64.3,-18.53],[-64.3,-18.53],[-64.3,-18.53],[-64.3,-18.53],[-64.3,-18.53],[-64.3,-18.53],[-64.3,-18.53],[-64.3,-18.53],[-64.3,-18.52],[-64.3,-18.52],[-64.3,-18.52],[-64.3,-18.52],[-64.3,-18.52],[-64.3,-18.52],[-64.3,-18.52],[-64.3,-18.52],[-64.3,-18.52],[-64.3,-18.52],[-64.3,-18.52],[-64.3,-18.52],[-64.3,-18.51],[-64.3,-18.51],[-64.3,-18.51],[-64.3,-18.51],[-64.3,-18.51],[-64.3,-18.51],[-64.3,-18.51],[-64.3,-18.51],[-64.3,-18.52],[-64.3,-18.52],[-64.3,-18.52],[-64.3,-18.52],[-64.3,-18.51],[-64.3,-18.51],[-64.3,-18.51],[-64.3,-18.51],[-64.3,-18.51],[-64.3,-18.51],[-64.3,-18.51],[-64.3,-18.51],[-64.3,-18.5],[-64.3,-18.5],[-64.3,-18.5],[-64.31,-18.5],[-64.31,-18.5],[-64.31,-18.5],[-64.31,-18.5],[-64.31,-18.5],[-64.3,-18.5],[-64.3,-18.5],[-64.3,-18.5],[-64.3,-18.5],[-64.3,-18.5],[-64.3,-18.5],[-64.3,-18.5],[-64.3,-18.5],[-64.3,-18.5],[-64.3,-18.49],[-64.3,-18.49],[-64.3,-18.49],[-64.3,-18.49],[-64.3,-18.49],[-64.3,-18.49],[-64.31,-18.49],[-64.31,-18.49],[-64.31,-18.49],[-64.31,-18.49],[-64.31,-18.49],[-64.31,-18.49],[-64.31,-18.49],[-64.31,-18.49],[-64.31,-18.49],[-64.31,-18.49],[-64.31,-18.49],[-64.31,-18.49],[-64.31,-18.49],[-64.31,-18.5],[-64.31,-18.5],[-64.31,-18.5],[-64.31,-18.5],[-64.31,-18.5],[-64.31,-18.5],[-64.31,-18.5],[-64.31,-18.5],[-64.31,-18.5],[-64.31,-18.49],[-64.31,-18.49],[-64.31,-18.49],[-64.31,-18.49],[-64.31,-18.49],[-64.31,-18.49],[-64.32,-18.49],[-64.32,-18.49],[-64.32,-18.49],[-64.32,-18.49],[-64.32,-18.49],[-64.32,-18.49],[-64.32,-18.49],[-64.32,-18.49],[-64.32,-18.49],[-64.32,-18.49],[-64.32,-18.49],[-64.32,-18.49],[-64.32,-18.49],[-64.32,-18.49],[-64.32,-18.49],[-64.32,-18.49],[-64.32,-18.49],[-64.32,-18.49],[-64.32,-18.49],[-64.32,-18.49],[-64.33,-18.49],[-64.33,-18.49],[-64.33,-18.49],[-64.33,-18.49],[-64.33,-18.49],[-64.33,-18.49],[-64.33,-18.49],[-64.33,-18.49],[-64.33,-18.48],[-64.33,-18.48],[-64.33,-18.48],[-64.33,-18.48],[-64.33,-18.48],[-64.33,-18.48],[-64.33,-18.48],[-64.33,-18.48],[-64.33,-18.48],[-64.33,-18.48],[-64.33,-18.48],[-64.33,-18.48],[-64.33,-18.48],[-64.33,-18.47],[-64.33,-18.47],[-64.34,-18.47],[-64.34,-18.47],[-64.34,-18.47],[-64.34,-18.47],[-64.34,-18.47],[-64.34,-18.47],[-64.34,-18.47],[-64.34,-18.47],[-64.34,-18.47],[-64.34,-18.47],[-64.34,-18.47],[-64.34,-18.47],[-64.34,-18.47],[-64.34,-18.47],[-64.35,-18.47],[-64.35,-18.47],[-64.35,-18.47],[-64.35,-18.47],[-64.35,-18.47],[-64.35,-18.47],[-64.35,-18.47],[-64.35,-18.47],[-64.35,-18.47],[-64.35,-18.47],[-64.35,-18.47],[-64.35,-18.47],[-64.35,-18.47],[-64.35,-18.47],[-64.35,-18.47],[-64.36,-18.47],[-64.36,-18.46],[-64.36,-18.46],[-64.36,-18.46],[-64.36,-18.46],[-64.36,-18.46],[-64.36,-18.46],[-64.36,-18.46],[-64.36,-18.46],[-64.36,-18.46],[-64.36,-18.46],[-64.36,-18.46],[-64.36,-18.46],[-64.36,-18.46],[-64.36,-18.46],[-64.36,-18.46],[-64.36,-18.46],[-64.36,-18.46],[-64.36,-18.46],[-64.36,-18.46],[-64.37,-18.46],[-64.37,-18.46],[-64.37,-18.46],[-64.37,-18.46],[-64.37,-18.46],[-64.37,-18.46],[-64.37,-18.46],[-64.37,-18.46],[-64.37,-18.46],[-64.37,-18.46],[-64.37,-18.46],[-64.37,-18.46],[-64.37,-18.46],[-64.38,-18.46],[-64.38,-18.45],[-64.38,-18.45],[-64.38,-18.45],[-64.38,-18.45],[-64.38,-18.45],[-64.38,-18.45],[-64.38,-18.45],[-64.38,-18.45],[-64.38,-18.45],[-64.38,-18.45],[-64.38,-18.45],[-64.38,-18.45],[-64.38,-18.45],[-64.38,-18.45],[-64.38,-18.45],[-64.38,-18.45],[-64.38,-18.45],[-64.38,-18.45],[-64.38,-18.45],[-64.38,-18.45],[-64.39,-18.45],[-64.39,-18.45],[-64.39,-18.45],[-64.39,-18.45],[-64.39,-18.45],[-64.39,-18.45],[-64.39,-18.45],[-64.39,-18.45],[-64.39,-18.45],[-64.39,-18.45],[-64.39,-18.45],[-64.4,-18.45],[-64.4,-18.45],[-64.4,-18.45],[-64.4,-18.45],[-64.4,-18.45],[-64.4,-18.45],[-64.4,-18.45],[-64.4,-18.45],[-64.4,-18.45],[-64.4,-18.45],[-64.4,-18.45],[-64.4,-18.45],[-64.4,-18.44],[-64.4,-18.44],[-64.4,-18.44],[-64.4,-18.44],[-64.4,-18.44],[-64.41,-18.44],[-64.41,-18.44],[-64.41,-18.44],[-64.41,-18.44],[-64.41,-18.44],[-64.41,-18.44],[-64.41,-18.44],[-64.41,-18.44],[-64.41,-18.44],[-64.41,-18.44],[-64.41,-18.44],[-64.41,-18.43],[-64.41,-18.43],[-64.41,-18.43],[-64.41,-18.43],[-64.41,-18.43],[-64.41,-18.43],[-64.41,-18.43],[-64.41,-18.43],[-64.41,-18.43],[-64.41,-18.43],[-64.42,-18.43],[-64.42,-18.43],[-64.42,-18.43],[-64.42,-18.43],[-64.42,-18.43],[-64.42,-18.43],[-64.42,-18.43],[-64.42,-18.43],[-64.42,-18.43],[-64.42,-18.43],[-64.42,-18.43],[-64.42,-18.43],[-64.42,-18.43],[-64.42,-18.42],[-64.42,-18.42],[-64.42,-18.42],[-64.42,-18.42],[-64.42,-18.42],[-64.42,-18.42],[-64.42,-18.42],[-64.42,-18.42],[-64.42,-18.42],[-64.42,-18.42],[-64.42,-18.42],[-64.43,-18.41],[-64.43,-18.41],[-64.43,-18.41],[-64.43,-18.41],[-64.43,-18.41],[-64.43,-18.41],[-64.43,-18.41],[-64.43,-18.41],[-64.43,-18.41],[-64.43,-18.41],[-64.43,-18.41],[-64.43,-18.41],[-64.43,-18.41],[-64.43,-18.41],[-64.43,-18.4],[-64.43,-18.4],[-64.43,-18.4],[-64.43,-18.4],[-64.43,-18.4],[-64.43,-18.4],[-64.43,-18.4],[-64.43,-18.4],[-64.43,-18.4],[-64.43,-18.4],[-64.43,-18.4],[-64.43,-18.39],[-64.43,-18.39],[-64.43,-18.39],[-64.43,-18.39],[-64.43,-18.39],[-64.43,-18.39],[-64.43,-18.39],[-64.43,-18.39],[-64.43,-18.39],[-64.43,-18.39],[-64.43,-18.39],[-64.43,-18.39],[-64.43,-18.39],[-64.43,-18.39],[-64.43,-18.39],[-64.43,-18.39],[-64.43,-18.39],[-64.43,-18.38],[-64.43,-18.38],[-64.43,-18.38],[-64.43,-18.38],[-64.43,-18.38],[-64.43,-18.38],[-64.43,-18.38],[-64.43,-18.38],[-64.43,-18.38],[-64.43,-18.37],[-64.43,-18.37],[-64.43,-18.37],[-64.43,-18.37],[-64.43,-18.37],[-64.43,-18.37],[-64.43,-18.37],[-64.43,-18.37],[-64.43,-18.37],[-64.43,-18.37],[-64.44,-18.37],[-64.44,-18.37],[-64.44,-18.37],[-64.44,-18.37],[-64.44,-18.37],[-64.44,-18.37],[-64.44,-18.37],[-64.44,-18.37],[-64.44,-18.37],[-64.44,-18.37],[-64.44,-18.37],[-64.44,-18.37],[-64.44,-18.37],[-64.44,-18.37],[-64.44,-18.37],[-64.44,-18.37],[-64.44,-18.37],[-64.44,-18.37],[-64.44,-18.37],[-64.44,-18.37],[-64.45,-18.37],[-64.45,-18.37],[-64.45,-18.37],[-64.45,-18.37],[-64.45,-18.37],[-64.45,-18.37],[-64.45,-18.37],[-64.45,-18.37],[-64.45,-18.37],[-64.45,-18.37],[-64.44,-18.37],[-64.44,-18.36],[-64.44,-18.36],[-64.44,-18.36],[-64.44,-18.36],[-64.44,-18.36],[-64.44,-18.36],[-64.44,-18.36],[-64.44,-18.36],[-64.44,-18.36],[-64.44,-18.36],[-64.44,-18.36],[-64.44,-18.36],[-64.44,-18.36],[-64.44,-18.36],[-64.44,-18.36],[-64.44,-18.36],[-64.44,-18.36],[-64.44,-18.35],[-64.44,-18.35],[-64.44,-18.35],[-64.44,-18.35],[-64.44,-18.35],[-64.44,-18.35],[-64.44,-18.35],[-64.44,-18.35],[-64.44,-18.35],[-64.44,-18.35],[-64.44,-18.35],[-64.44,-18.35],[-64.44,-18.35],[-64.44,-18.35],[-64.44,-18.35],[-64.44,-18.35],[-64.44,-18.34],[-64.44,-18.34],[-64.44,-18.34],[-64.44,-18.34],[-64.44,-18.34],[-64.44,-18.34],[-64.44,-18.34],[-64.44,-18.34],[-64.44,-18.34],[-64.44,-18.34],[-64.44,-18.34],[-64.44,-18.34],[-64.43,-18.34],[-64.43,-18.34],[-64.43,-18.34],[-64.43,-18.34],[-64.43,-18.34],[-64.43,-18.33],[-64.43,-18.33],[-64.43,-18.33],[-64.43,-18.33],[-64.43,-18.33],[-64.43,-18.33],[-64.43,-18.33],[-64.43,-18.33],[-64.43,-18.33],[-64.43,-18.33],[-64.43,-18.33],[-64.44,-18.33],[-64.44,-18.33],[-64.44,-18.33],[-64.44,-18.33],[-64.44,-18.32],[-64.44,-18.32],[-64.44,-18.32],[-64.44,-18.32],[-64.44,-18.32],[-64.44,-18.32],[-64.44,-18.32],[-64.44,-18.32],[-64.44,-18.32],[-64.44,-18.32],[-64.44,-18.32],[-64.44,-18.32],[-64.44,-18.32],[-64.44,-18.32],[-64.44,-18.32],[-64.44,-18.32],[-64.44,-18.32],[-64.44,-18.32],[-64.44,-18.32],[-64.45,-18.32],[-64.45,-18.32],[-64.45,-18.32],[-64.45,-18.32],[-64.45,-18.32],[-64.45,-18.32],[-64.45,-18.32],[-64.45,-18.32],[-64.45,-18.32],[-64.45,-18.32],[-64.45,-18.32],[-64.45,-18.32],[-64.45,-18.32],[-64.45,-18.32],[-64.45,-18.32],[-64.45,-18.32],[-64.45,-18.32],[-64.45,-18.32],[-64.45,-18.32],[-64.45,-18.32],[-64.45,-18.32],[-64.45,-18.32],[-64.45,-18.32],[-64.45,-18.32],[-64.45,-18.32],[-64.45,-18.32],[-64.45,-18.32],[-64.45,-18.32],[-64.45,-18.32],[-64.46,-18.32],[-64.46,-18.32],[-64.46,-18.32],[-64.46,-18.32],[-64.46,-18.32],[-64.46,-18.32],[-64.46,-18.32],[-64.46,-18.32],[-64.46,-18.32],[-64.46,-18.32],[-64.46,-18.32],[-64.46,-18.32],[-64.46,-18.32],[-64.46,-18.32],[-64.46,-18.32],[-64.46,-18.32],[-64.46,-18.32],[-64.46,-18.32],[-64.46,-18.32],[-64.46,-18.32],[-64.46,-18.32],[-64.46,-18.32],[-64.46,-18.32],[-64.46,-18.32],[-64.46,-18.32],[-64.46,-18.32],[-64.46,-18.32],[-64.46,-18.32],[-64.46,-18.32],[-64.46,-18.32],[-64.46,-18.32],[-64.46,-18.32],[-64.46,-18.32],[-64.46,-18.32],[-64.46,-18.32],[-64.46,-18.32],[-64.46,-18.32],[-64.46,-18.32],[-64.46,-18.32],[-64.46,-18.32],[-64.46,-18.32],[-64.46,-18.31],[-64.47,-18.31],[-64.47,-18.31],[-64.47,-18.31],[-64.47,-18.31],[-64.47,-18.31],[-64.47,-18.31],[-64.47,-18.31],[-64.47,-18.31],[-64.47,-18.31],[-64.47,-18.31],[-64.47,-18.31],[-64.47,-18.31],[-64.47,-18.31],[-64.47,-18.31],[-64.47,-18.31],[-64.47,-18.31],[-64.46,-18.31],[-64.46,-18.31],[-64.46,-18.31],[-64.46,-18.31],[-64.46,-18.3],[-64.46,-18.3],[-64.46,-18.3],[-64.46,-18.3],[-64.46,-18.3],[-64.46,-18.3],[-64.46,-18.3],[-64.46,-18.3],[-64.46,-18.3],[-64.46,-18.3],[-64.46,-18.3],[-64.46,-18.3],[-64.46,-18.3],[-64.47,-18.3],[-64.47,-18.3],[-64.47,-18.3],[-64.47,-18.3],[-64.47,-18.3],[-64.47,-18.3],[-64.47,-18.3],[-64.47,-18.3],[-64.47,-18.3],[-64.47,-18.3],[-64.47,-18.3],[-64.47,-18.3],[-64.47,-18.3],[-64.47,-18.3],[-64.47,-18.29],[-64.47,-18.29],[-64.47,-18.29],[-64.47,-18.29],[-64.47,-18.29],[-64.47,-18.29],[-64.47,-18.29],[-64.47,-18.29],[-64.47,-18.29],[-64.47,-18.29],[-64.47,-18.29],[-64.48,-18.29],[-64.48,-18.29],[-64.48,-18.29],[-64.48,-18.29],[-64.48,-18.29],[-64.48,-18.29],[-64.48,-18.29],[-64.48,-18.29],[-64.48,-18.29],[-64.48,-18.29],[-64.48,-18.29],[-64.48,-18.29],[-64.48,-18.29],[-64.48,-18.29],[-64.48,-18.29],[-64.48,-18.29],[-64.48,-18.29],[-64.48,-18.29],[-64.48,-18.29],[-64.48,-18.29],[-64.48,-18.29],[-64.48,-18.29],[-64.48,-18.29],[-64.48,-18.29],[-64.48,-18.29],[-64.48,-18.28],[-64.48,-18.28],[-64.48,-18.28],[-64.48,-18.28],[-64.48,-18.28],[-64.48,-18.28],[-64.48,-18.28],[-64.48,-18.28],[-64.48,-18.28],[-64.48,-18.28],[-64.48,-18.28],[-64.48,-18.28],[-64.48,-18.28],[-64.48,-18.28],[-64.48,-18.28],[-64.48,-18.28],[-64.48,-18.27],[-64.48,-18.27],[-64.48,-18.27],[-64.48,-18.27],[-64.48,-18.27],[-64.48,-18.27],[-64.48,-18.27],[-64.48,-18.27],[-64.48,-18.27],[-64.48,-18.27],[-64.48,-18.27],[-64.48,-18.27],[-64.48,-18.27],[-64.48,-18.27],[-64.48,-18.27],[-64.48,-18.27],[-64.48,-18.27],[-64.48,-18.27],[-64.48,-18.27],[-64.48,-18.27],[-64.48,-18.27],[-64.49,-18.27],[-64.49,-18.27],[-64.49,-18.27],[-64.49,-18.27],[-64.49,-18.27],[-64.49,-18.27],[-64.49,-18.27],[-64.49,-18.27],[-64.49,-18.27],[-64.49,-18.27],[-64.49,-18.27],[-64.49,-18.27],[-64.49,-18.27],[-64.49,-18.27],[-64.49,-18.27],[-64.49,-18.27],[-64.49,-18.27],[-64.49,-18.27],[-64.49,-18.27],[-64.49,-18.27],[-64.49,-18.27],[-64.49,-18.27],[-64.49,-18.27],[-64.48,-18.27],[-64.48,-18.27],[-64.48,-18.27],[-64.48,-18.27],[-64.48,-18.26],[-64.48,-18.26],[-64.48,-18.26],[-64.48,-18.26],[-64.48,-18.26],[-64.48,-18.26],[-64.48,-18.26],[-64.48,-18.26],[-64.48,-18.26],[-64.48,-18.26],[-64.48,-18.26],[-64.48,-18.26],[-64.48,-18.26],[-64.48,-18.26],[-64.48,-18.26],[-64.48,-18.26],[-64.48,-18.26],[-64.48,-18.26],[-64.48,-18.26],[-64.48,-18.26],[-64.48,-18.26],[-64.48,-18.26],[-64.48,-18.26],[-64.48,-18.26],[-64.48,-18.26],[-64.48,-18.26],[-64.48,-18.26],[-64.48,-18.26],[-64.48,-18.26],[-64.48,-18.26],[-64.48,-18.26],[-64.48,-18.26],[-64.48,-18.26],[-64.48,-18.26],[-64.48,-18.26],[-64.48,-18.26],[-64.48,-18.26],[-64.48,-18.26],[-64.48,-18.26],[-64.48,-18.26],[-64.48,-18.25],[-64.49,-18.25],[-64.49,-18.25],[-64.49,-18.25],[-64.49,-18.25],[-64.49,-18.25],[-64.49,-18.25],[-64.49,-18.25],[-64.49,-18.25],[-64.49,-18.25],[-64.49,-18.25],[-64.49,-18.25],[-64.49,-18.25],[-64.49,-18.25],[-64.49,-18.25],[-64.49,-18.25],[-64.49,-18.25],[-64.49,-18.25],[-64.49,-18.25],[-64.49,-18.25],[-64.49,-18.25],[-64.49,-18.25],[-64.49,-18.24],[-64.49,-18.24],[-64.49,-18.24],[-64.49,-18.24],[-64.49,-18.24],[-64.49,-18.24],[-64.49,-18.24],[-64.49,-18.24],[-64.49,-18.24],[-64.49,-18.24],[-64.49,-18.24],[-64.49,-18.24],[-64.49,-18.24],[-64.49,-18.24],[-64.49,-18.24],[-64.49,-18.24],[-64.49,-18.24],[-64.49,-18.24],[-64.49,-18.24],[-64.49,-18.23],[-64.49,-18.23],[-64.49,-18.23],[-64.49,-18.23],[-64.49,-18.23],[-64.49,-18.23],[-64.49,-18.23],[-64.49,-18.23],[-64.49,-18.23],[-64.49,-18.23],[-64.49,-18.23],[-64.49,-18.23],[-64.49,-18.23],[-64.49,-18.23],[-64.49,-18.23],[-64.49,-18.23],[-64.49,-18.23],[-64.49,-18.23],[-64.49,-18.23],[-64.49,-18.23],[-64.49,-18.23],[-64.49,-18.23],[-64.49,-18.23],[-64.49,-18.23],[-64.49,-18.23],[-64.49,-18.23],[-64.49,-18.23],[-64.49,-18.23],[-64.5,-18.23],[-64.5,-18.23],[-64.5,-18.23],[-64.5,-18.23],[-64.5,-18.23],[-64.5,-18.23],[-64.5,-18.23],[-64.5,-18.23],[-64.5,-18.23],[-64.5,-18.23],[-64.5,-18.23],[-64.5,-18.23],[-64.5,-18.23],[-64.5,-18.23],[-64.5,-18.23],[-64.5,-18.23],[-64.5,-18.23],[-64.5,-18.23],[-64.5,-18.23],[-64.5,-18.23],[-64.5,-18.23],[-64.5,-18.23],[-64.5,-18.23],[-64.5,-18.23],[-64.5,-18.22],[-64.5,-18.22],[-64.5,-18.22],[-64.5,-18.22],[-64.5,-18.22],[-64.5,-18.22],[-64.5,-18.22],[-64.5,-18.22],[-64.5,-18.22],[-64.5,-18.22],[-64.5,-18.22],[-64.5,-18.22],[-64.5,-18.22],[-64.5,-18.22],[-64.5,-18.22],[-64.5,-18.22],[-64.5,-18.22],[-64.5,-18.22],[-64.5,-18.22],[-64.5,-18.22],[-64.5,-18.22],[-64.5,-18.22],[-64.5,-18.22],[-64.5,-18.22],[-64.5,-18.22],[-64.5,-18.22],[-64.5,-18.22],[-64.5,-18.22],[-64.5,-18.22],[-64.5,-18.22],[-64.5,-18.22],[-64.5,-18.22],[-64.5,-18.22],[-64.5,-18.22],[-64.5,-18.22],[-64.5,-18.22],[-64.5,-18.22],[-64.5,-18.21],[-64.5,-18.21],[-64.5,-18.21],[-64.5,-18.21],[-64.5,-18.21],[-64.5,-18.21],[-64.5,-18.21],[-64.5,-18.21],[-64.5,-18.21],[-64.5,-18.21],[-64.5,-18.21],[-64.5,-18.21],[-64.5,-18.21],[-64.5,-18.21],[-64.5,-18.21],[-64.5,-18.21],[-64.5,-18.21],[-64.5,-18.21],[-64.5,-18.21],[-64.5,-18.21],[-64.5,-18.21],[-64.5,-18.21],[-64.5,-18.21],[-64.5,-18.21],[-64.5,-18.21],[-64.5,-18.21],[-64.5,-18.21],[-64.5,-18.21],[-64.5,-18.21],[-64.5,-18.21],[-64.5,-18.21],[-64.5,-18.21],[-64.5,-18.21],[-64.5,-18.21],[-64.5,-18.21],[-64.5,-18.21],[-64.5,-18.21],[-64.5,-18.21],[-64.5,-18.21],[-64.5,-18.21],[-64.5,-18.21],[-64.5,-18.21],[-64.5,-18.21],[-64.5,-18.21],[-64.5,-18.21],[-64.5,-18.2],[-64.5,-18.2],[-64.5,-18.2],[-64.5,-18.2],[-64.5,-18.2],[-64.5,-18.2],[-64.5,-18.2],[-64.5,-18.2],[-64.5,-18.2],[-64.5,-18.2],[-64.5,-18.2],[-64.5,-18.2],[-64.5,-18.2],[-64.5,-18.2],[-64.5,-18.2],[-64.5,-18.2],[-64.51,-18.2],[-64.51,-18.2],[-64.51,-18.2],[-64.51,-18.2],[-64.51,-18.2],[-64.51,-18.2],[-64.51,-18.2],[-64.51,-18.2],[-64.51,-18.2],[-64.51,-18.2],[-64.51,-18.2],[-64.51,-18.2],[-64.51,-18.2],[-64.51,-18.2],[-64.51,-18.19],[-64.51,-18.19],[-64.51,-18.19],[-64.51,-18.19],[-64.51,-18.19],[-64.51,-18.19],[-64.51,-18.19],[-64.51,-18.19],[-64.51,-18.19],[-64.51,-18.19],[-64.51,-18.19],[-64.51,-18.19],[-64.51,-18.19],[-64.51,-18.19],[-64.51,-18.19],[-64.51,-18.19],[-64.51,-18.19],[-64.51,-18.19],[-64.51,-18.19],[-64.51,-18.19],[-64.51,-18.19],[-64.51,-18.19],[-64.51,-18.19],[-64.51,-18.19],[-64.51,-18.18],[-64.51,-18.18],[-64.51,-18.18],[-64.51,-18.18],[-64.51,-18.18],[-64.51,-18.18],[-64.51,-18.18],[-64.51,-18.18],[-64.51,-18.18],[-64.51,-18.18],[-64.51,-18.18],[-64.51,-18.18],[-64.51,-18.18],[-64.51,-18.18],[-64.51,-18.18],[-64.51,-18.18],[-64.51,-18.18],[-64.52,-18.18],[-64.52,-18.18],[-64.52,-18.18],[-64.52,-18.18],[-64.52,-18.18],[-64.52,-18.18],[-64.52,-18.18],[-64.52,-18.18],[-64.52,-18.17],[-64.52,-18.17],[-64.52,-18.17],[-64.52,-18.17],[-64.52,-18.17],[-64.52,-18.17],[-64.52,-18.17],[-64.52,-18.17],[-64.52,-18.17],[-64.52,-18.17],[-64.52,-18.17],[-64.52,-18.17],[-64.52,-18.17],[-64.52,-18.17],[-64.52,-18.17],[-64.52,-18.17],[-64.52,-18.17],[-64.52,-18.17],[-64.52,-18.17],[-64.52,-18.17],[-64.52,-18.17],[-64.52,-18.17],[-64.52,-18.17],[-64.52,-18.17],[-64.52,-18.16],[-64.52,-18.16],[-64.52,-18.16],[-64.52,-18.16],[-64.52,-18.16],[-64.52,-18.16],[-64.52,-18.16],[-64.52,-18.16],[-64.52,-18.16],[-64.52,-18.16],[-64.52,-18.16],[-64.52,-18.16],[-64.52,-18.16],[-64.52,-18.16],[-64.52,-18.16],[-64.52,-18.16],[-64.52,-18.16],[-64.52,-18.16],[-64.52,-18.16],[-64.52,-18.16],[-64.52,-18.16],[-64.52,-18.16],[-64.52,-18.16],[-64.52,-18.16],[-64.52,-18.16],[-64.52,-18.16],[-64.52,-18.16],[-64.52,-18.16],[-64.53,-18.16],[-64.53,-18.16],[-64.53,-18.16],[-64.53,-18.16],[-64.53,-18.16],[-64.53,-18.16],[-64.53,-18.16],[-64.53,-18.16],[-64.53,-18.16],[-64.53,-18.15],[-64.53,-18.15],[-64.53,-18.15],[-64.53,-18.15],[-64.53,-18.15],[-64.53,-18.15],[-64.53,-18.15],[-64.53,-18.15],[-64.53,-18.15],[-64.53,-18.15],[-64.53,-18.15],[-64.53,-18.15],[-64.53,-18.15],[-64.53,-18.15],[-64.53,-18.15],[-64.53,-18.15],[-64.53,-18.15],[-64.53,-18.15],[-64.53,-18.15],[-64.53,-18.15],[-64.53,-18.15],[-64.53,-18.15],[-64.53,-18.15],[-64.53,-18.15],[-64.54,-18.15],[-64.54,-18.15],[-64.54,-18.15],[-64.54,-18.15],[-64.54,-18.15],[-64.54,-18.15],[-64.54,-18.15],[-64.54,-18.15],[-64.54,-18.15],[-64.54,-18.15],[-64.54,-18.15],[-64.54,-18.15],[-64.54,-18.14],[-64.54,-18.14],[-64.54,-18.14],[-64.54,-18.14],[-64.54,-18.14],[-64.54,-18.14],[-64.54,-18.14],[-64.54,-18.14],[-64.54,-18.14],[-64.54,-18.14],[-64.54,-18.14],[-64.54,-18.14],[-64.54,-18.14],[-64.54,-18.14],[-64.54,-18.14],[-64.54,-18.14],[-64.54,-18.14],[-64.54,-18.14],[-64.54,-18.13],[-64.54,-18.13],[-64.54,-18.13],[-64.55,-18.13],[-64.55,-18.13],[-64.55,-18.13],[-64.55,-18.13],[-64.55,-18.13],[-64.55,-18.13],[-64.55,-18.13],[-64.55,-18.13],[-64.55,-18.13],[-64.55,-18.13],[-64.55,-18.13],[-64.55,-18.13],[-64.56,-18.13],[-64.56,-18.13],[-64.56,-18.13],[-64.56,-18.13],[-64.56,-18.13],[-64.56,-18.13],[-64.56,-18.13],[-64.56,-18.13],[-64.56,-18.13],[-64.56,-18.13],[-64.56,-18.13],[-64.56,-18.13],[-64.56,-18.13],[-64.56,-18.12],[-64.56,-18.12],[-64.56,-18.12],[-64.56,-18.12],[-64.56,-18.12],[-64.56,-18.12],[-64.56,-18.12],[-64.56,-18.12],[-64.56,-18.12],[-64.57,-18.12],[-64.57,-18.12],[-64.57,-18.12],[-64.57,-18.12],[-64.57,-18.12],[-64.57,-18.12],[-64.57,-18.12],[-64.57,-18.12],[-64.57,-18.12],[-64.57,-18.12],[-64.57,-18.12],[-64.57,-18.12],[-64.57,-18.12],[-64.58,-18.12],[-64.58,-18.12],[-64.58,-18.11],[-64.58,-18.11],[-64.58,-18.11],[-64.58,-18.11],[-64.58,-18.11],[-64.58,-18.11],[-64.58,-18.11],[-64.58,-18.11],[-64.58,-18.11],[-64.58,-18.11],[-64.58,-18.11],[-64.58,-18.11],[-64.58,-18.11],[-64.58,-18.11],[-64.58,-18.11],[-64.59,-18.11],[-64.59,-18.11],[-64.59,-18.11],[-64.59,-18.11],[-64.59,-18.1],[-64.59,-18.1],[-64.59,-18.1],[-64.59,-18.1],[-64.59,-18.1],[-64.6,-18.1],[-64.6,-18.1],[-64.6,-18.1],[-64.6,-18.1],[-64.6,-18.1],[-64.6,-18.1],[-64.6,-18.1],[-64.6,-18.1],[-64.6,-18.1],[-64.6,-18.1],[-64.6,-18.1],[-64.6,-18.1],[-64.6,-18.1],[-64.6,-18.1],[-64.6,-18.1],[-64.6,-18.1],[-64.6,-18.1],[-64.6,-18.1],[-64.61,-18.1],[-64.61,-18.1],[-64.61,-18.1],[-64.61,-18.1],[-64.61,-18.1],[-64.61,-18.1],[-64.61,-18.1],[-64.61,-18.1],[-64.61,-18.1],[-64.61,-18.1],[-64.61,-18.09],[-64.61,-18.09],[-64.61,-18.09],[-64.61,-18.09],[-64.61,-18.09],[-64.61,-18.09],[-64.61,-18.09],[-64.61,-18.09],[-64.61,-18.09],[-64.61,-18.09],[-64.61,-18.09],[-64.62,-18.09],[-64.62,-18.09],[-64.62,-18.09],[-64.62,-18.09],[-64.62,-18.09],[-64.62,-18.09],[-64.62,-18.09],[-64.62,-18.09],[-64.62,-18.09],[-64.62,-18.09],[-64.62,-18.09],[-64.62,-18.09],[-64.62,-18.09],[-64.62,-18.09],[-64.62,-18.09],[-64.62,-18.09],[-64.62,-18.09],[-64.62,-18.09],[-64.63,-18.09],[-64.63,-18.09],[-64.63,-18.09],[-64.63,-18.09],[-64.63,-18.09],[-64.63,-18.09],[-64.63,-18.09],[-64.63,-18.09],[-64.63,-18.09],[-64.63,-18.09],[-64.63,-18.09],[-64.63,-18.09],[-64.63,-18.09],[-64.63,-18.09],[-64.63,-18.09],[-64.63,-18.09],[-64.63,-18.09],[-64.64,-18.1],[-64.64,-18.1],[-64.64,-18.1],[-64.64,-18.1],[-64.64,-18.1],[-64.64,-18.1],[-64.64,-18.1],[-64.64,-18.1],[-64.64,-18.1],[-64.64,-18.1],[-64.64,-18.1],[-64.64,-18.1],[-64.64,-18.1],[-64.64,-18.1],[-64.64,-18.1],[-64.64,-18.1],[-64.64,-18.1],[-64.64,-18.1],[-64.64,-18.1],[-64.64,-18.1],[-64.65,-18.1],[-64.65,-18.1],[-64.65,-18.1],[-64.65,-18.1],[-64.65,-18.1],[-64.65,-18.1],[-64.65,-18.1],[-64.65,-18.1],[-64.65,-18.1],[-64.65,-18.1],[-64.65,-18.1],[-64.65,-18.1],[-64.65,-18.1],[-64.65,-18.1],[-64.65,-18.1],[-64.65,-18.1],[-64.66,-18.1],[-64.66,-18.1],[-64.66,-18.1],[-64.66,-18.1],[-64.66,-18.1],[-64.66,-18.1],[-64.66,-18.1],[-64.66,-18.1],[-64.66,-18.1],[-64.66,-18.1],[-64.66,-18.1],[-64.66,-18.1],[-64.67,-18.1],[-64.67,-18.1],[-64.67,-18.1],[-64.67,-18.1],[-64.67,-18.1],[-64.67,-18.1],[-64.67,-18.1],[-64.67,-18.1],[-64.67,-18.1],[-64.67,-18.1],[-64.67,-18.1],[-64.67,-18.1],[-64.67,-18.1],[-64.67,-18.1],[-64.67,-18.1],[-64.67,-18.1],[-64.67,-18.1],[-64.68,-18.1],[-64.68,-18.1],[-64.68,-18.1],[-64.68,-18.1],[-64.68,-18.1],[-64.68,-18.1],[-64.68,-18.1],[-64.68,-18.1],[-64.68,-18.1],[-64.68,-18.1],[-64.68,-18.1],[-64.68,-18.1],[-64.68,-18.1],[-64.68,-18.1],[-64.68,-18.1],[-64.68,-18.1],[-64.69,-18.1],[-64.69,-18.1],[-64.69,-18.1],[-64.69,-18.1],[-64.69,-18.1],[-64.69,-18.1],[-64.69,-18.1],[-64.69,-18.1],[-64.69,-18.09],[-64.69,-18.09],[-64.69,-18.09],[-64.69,-18.09],[-64.69,-18.09],[-64.69,-18.09],[-64.69,-18.09],[-64.69,-18.09],[-64.69,-18.09],[-64.69,-18.09],[-64.69,-18.09],[-64.69,-18.09],[-64.69,-18.09],[-64.69,-18.09],[-64.69,-18.09],[-64.69,-18.09],[-64.69,-18.09],[-64.69,-18.09],[-64.69,-18.09],[-64.69,-18.09],[-64.69,-18.09],[-64.69,-18.09],[-64.7,-18.09],[-64.7,-18.09],[-64.7,-18.09],[-64.7,-18.09],[-64.7,-18.09],[-64.7,-18.09],[-64.7,-18.09],[-64.7,-18.09],[-64.7,-18.09],[-64.7,-18.09],[-64.7,-18.09],[-64.7,-18.09],[-64.7,-18.09],[-64.7,-18.08],[-64.7,-18.08],[-64.7,-18.08],[-64.7,-18.08],[-64.7,-18.08],[-64.7,-18.08],[-64.7,-18.08],[-64.7,-18.08],[-64.7,-18.08],[-64.7,-18.08],[-64.7,-18.08],[-64.7,-18.08],[-64.7,-18.08],[-64.7,-18.08],[-64.7,-18.08],[-64.71,-18.08],[-64.71,-18.08],[-64.71,-18.08],[-64.71,-18.08],[-64.71,-18.08],[-64.71,-18.08],[-64.71,-18.08],[-64.71,-18.08],[-64.71,-18.08],[-64.71,-18.08],[-64.71,-18.08],[-64.71,-18.08],[-64.71,-18.08],[-64.71,-18.08],[-64.71,-18.08],[-64.71,-18.08],[-64.71,-18.08],[-64.71,-18.08],[-64.71,-18.07],[-64.71,-18.07],[-64.71,-18.07],[-64.71,-18.07],[-64.71,-18.07],[-64.71,-18.07],[-64.71,-18.07],[-64.71,-18.07],[-64.71,-18.07],[-64.71,-18.07],[-64.71,-18.07],[-64.71,-18.07],[-64.71,-18.07],[-64.71,-18.07],[-64.71,-18.07],[-64.71,-18.07],[-64.71,-18.07],[-64.71,-18.07],[-64.71,-18.07],[-64.71,-18.07],[-64.71,-18.07],[-64.71,-18.07],[-64.71,-18.07],[-64.71,-18.07],[-64.71,-18.07],[-64.71,-18.07],[-64.71,-18.07],[-64.71,-18.07],[-64.71,-18.07],[-64.71,-18.07],[-64.71,-18.07],[-64.71,-18.07],[-64.71,-18.07],[-64.71,-18.07],[-64.71,-18.07],[-64.71,-18.07],[-64.71,-18.07],[-64.71,-18.07],[-64.71,-18.07],[-64.71,-18.07],[-64.71,-18.07],[-64.71,-18.07],[-64.71,-18.07],[-64.71,-18.07],[-64.71,-18.07],[-64.71,-18.07],[-64.71,-18.07],[-64.71,-18.07],[-64.71,-18.07],[-64.71,-18.07],[-64.71,-18.07],[-64.71,-18.07],[-64.71,-18.07],[-64.71,-18.06],[-64.71,-18.06],[-64.71,-18.06],[-64.71,-18.06],[-64.71,-18.06],[-64.71,-18.06],[-64.71,-18.06],[-64.71,-18.06],[-64.71,-18.06],[-64.71,-18.06],[-64.71,-18.06],[-64.71,-18.06],[-64.71,-18.06],[-64.71,-18.06],[-64.71,-18.06],[-64.71,-18.06],[-64.72,-18.06],[-64.72,-18.06],[-64.72,-18.06],[-64.72,-18.06],[-64.72,-18.06],[-64.72,-18.06],[-64.72,-18.06],[-64.72,-18.06],[-64.72,-18.06],[-64.72,-18.06],[-64.72,-18.06],[-64.72,-18.06],[-64.72,-18.06],[-64.72,-18.06],[-64.72,-18.06],[-64.72,-18.06],[-64.72,-18.06],[-64.72,-18.06],[-64.72,-18.06],[-64.72,-18.06],[-64.72,-18.06],[-64.72,-18.05],[-64.72,-18.05],[-64.72,-18.05],[-64.71,-18.05],[-64.71,-18.05],[-64.71,-18.05],[-64.71,-18.05],[-64.71,-18.05],[-64.71,-18.05],[-64.71,-18.05],[-64.71,-18.05],[-64.71,-18.05],[-64.71,-18.05],[-64.71,-18.05],[-64.71,-18.05],[-64.71,-18.05],[-64.71,-18.05],[-64.71,-18.05],[-64.71,-18.05],[-64.71,-18.05],[-64.71,-18.05],[-64.71,-18.05],[-64.71,-18.05],[-64.71,-18.05],[-64.71,-18.05],[-64.71,-18.05],[-64.71,-18.05],[-64.71,-18.05],[-64.71,-18.05],[-64.71,-18.04],[-64.71,-18.04],[-64.71,-18.04],[-64.72,-18.04],[-64.72,-18.04],[-64.72,-18.04],[-64.72,-18.04],[-64.72,-18.04],[-64.72,-18.04],[-64.72,-18.04],[-64.72,-18.04],[-64.71,-18.04],[-64.71,-18.04],[-64.71,-18.04],[-64.71,-18.04],[-64.71,-18.04],[-64.71,-18.04],[-64.71,-18.04],[-64.71,-18.04],[-64.72,-18.04],[-64.72,-18.04],[-64.72,-18.04],[-64.72,-18.04],[-64.72,-18.04],[-64.72,-18.04],[-64.72,-18.04],[-64.72,-18.04],[-64.72,-18.04],[-64.72,-18.04],[-64.72,-18.04],[-64.72,-18.04],[-64.72,-18.04],[-64.72,-18.04],[-64.72,-18.04],[-64.72,-18.04],[-64.72,-18.04],[-64.72,-18.04],[-64.72,-18.04],[-64.72,-18.04],[-64.72,-18.04],[-64.72,-18.04],[-64.72,-18.04],[-64.72,-18.04],[-64.72,-18.04],[-64.72,-18.04],[-64.72,-18.04],[-64.72,-18.04],[-64.72,-18.04],[-64.72,-18.04],[-64.72,-18.04],[-64.72,-18.04],[-64.72,-18.04],[-64.72,-18.04],[-64.73,-18.04],[-64.73,-18.04],[-64.73,-18.04],[-64.73,-18.04],[-64.73,-18.04],[-64.73,-18.04],[-64.73,-18.04],[-64.73,-18.04],[-64.73,-18.04],[-64.73,-18.04],[-64.73,-18.04],[-64.73,-18.04],[-64.73,-18.04],[-64.73,-18.04],[-64.73,-18.04],[-64.73,-18.04],[-64.73,-18.03],[-64.73,-18.03],[-64.73,-18.03],[-64.73,-18.03],[-64.73,-18.03],[-64.73,-18.03],[-64.73,-18.03],[-64.73,-18.03],[-64.73,-18.04],[-64.73,-18.04],[-64.74,-18.04],[-64.74,-18.04],[-64.74,-18.04],[-64.74,-18.04],[-64.74,-18.03],[-64.74,-18.03],[-64.74,-18.03],[-64.74,-18.03],[-64.74,-18.03],[-64.74,-18.03],[-64.74,-18.03],[-64.74,-18.03],[-64.74,-18.03],[-64.74,-18.03],[-64.74,-18.03],[-64.74,-18.03],[-64.74,-18.03],[-64.74,-18.03],[-64.74,-18.03],[-64.74,-18.03],[-64.74,-18.03],[-64.74,-18.03],[-64.74,-18.03],[-64.74,-18.03],[-64.74,-18.03],[-64.74,-18.03],[-64.74,-18.03],[-64.74,-18.03],[-64.74,-18.02],[-64.74,-18.02],[-64.74,-18.02],[-64.75,-18.02],[-64.75,-18.02],[-64.75,-18.02],[-64.75,-18.02],[-64.75,-18.02],[-64.75,-18.02],[-64.75,-18.02],[-64.75,-18.02],[-64.75,-18.02],[-64.75,-18.02],[-64.75,-18.02],[-64.75,-18.02],[-64.75,-18.02],[-64.75,-18.02],[-64.75,-18.02],[-64.75,-18.02],[-64.75,-18.02],[-64.75,-18.02],[-64.75,-18.02],[-64.75,-18.02],[-64.75,-18.02],[-64.75,-18.02],[-64.75,-18.02],[-64.75,-18.02],[-64.75,-18.02],[-64.75,-18.02],[-64.75,-18.02],[-64.75,-18.01],[-64.75,-18.01],[-64.75,-18.01],[-64.75,-18.01],[-64.75,-18.01],[-64.75,-18.01],[-64.75,-18.01],[-64.75,-18.01],[-64.75,-18.01],[-64.75,-18.01],[-64.75,-18.01],[-64.75,-18.01],[-64.75,-18.01],[-64.75,-18.01],[-64.75,-18.01],[-64.75,-18.01],[-64.75,-18.01],[-64.75,-18.01],[-64.75,-18.01],[-64.75,-18.01],[-64.75,-18.01],[-64.75,-18.01],[-64.75,-18.01],[-64.75,-18.01],[-64.75,-18.01],[-64.76,-18.01],[-64.76,-18.01],[-64.76,-18.01],[-64.76,-18.01],[-64.76,-18],[-64.76,-18],[-64.76,-18],[-64.76,-18],[-64.76,-18],[-64.76,-18],[-64.76,-18],[-64.76,-18],[-64.76,-18],[-64.76,-18],[-64.76,-18],[-64.76,-18],[-64.76,-18],[-64.76,-18],[-64.76,-18],[-64.76,-18],[-64.76,-17.99],[-64.76,-17.99],[-64.76,-17.99],[-64.76,-17.99],[-64.76,-17.99],[-64.76,-17.99],[-64.76,-17.99],[-64.76,-17.99],[-64.76,-17.99],[-64.76,-17.99],[-64.76,-17.99],[-64.76,-17.99],[-64.76,-17.99],[-64.76,-17.99],[-64.76,-17.99],[-64.76,-17.99],[-64.76,-17.99],[-64.76,-17.99],[-64.76,-17.99],[-64.77,-17.99],[-64.77,-17.99],[-64.77,-17.99],[-64.77,-17.99],[-64.77,-17.99],[-64.77,-17.99],[-64.76,-17.98],[-64.76,-17.98],[-64.76,-17.98],[-64.76,-17.98],[-64.76,-17.98],[-64.76,-17.98],[-64.76,-17.98],[-64.76,-17.98],[-64.76,-17.98],[-64.76,-17.98],[-64.76,-17.98],[-64.76,-17.98],[-64.76,-17.98],[-64.76,-17.98],[-64.77,-17.98],[-64.77,-17.98],[-64.77,-17.98],[-64.77,-17.98],[-64.77,-17.98],[-64.77,-17.98],[-64.77,-17.98],[-64.77,-17.98],[-64.77,-17.98],[-64.77,-17.98],[-64.77,-17.98],[-64.77,-17.98],[-64.77,-17.98],[-64.77,-17.98],[-64.77,-17.98],[-64.77,-17.98],[-64.77,-17.98],[-64.77,-17.98],[-64.77,-17.98],[-64.77,-17.98],[-64.77,-17.98],[-64.77,-17.98],[-64.77,-17.98],[-64.77,-17.98],[-64.77,-17.98],[-64.77,-17.98],[-64.78,-17.98],[-64.78,-17.98],[-64.78,-17.98],[-64.78,-17.98],[-64.78,-17.98],[-64.78,-17.98],[-64.78,-17.98],[-64.78,-17.98],[-64.78,-17.98],[-64.78,-17.98],[-64.78,-17.98],[-64.78,-17.98],[-64.78,-17.98],[-64.78,-17.98],[-64.78,-17.98],[-64.78,-17.98],[-64.78,-17.98],[-64.78,-17.98],[-64.78,-17.98],[-64.78,-17.98],[-64.78,-17.98],[-64.78,-17.98],[-64.78,-17.98],[-64.78,-17.98],[-64.78,-17.98],[-64.78,-17.98],[-64.78,-17.98],[-64.78,-17.98],[-64.78,-17.98],[-64.78,-17.98],[-64.78,-17.98],[-64.78,-17.98],[-64.78,-17.98],[-64.78,-17.98],[-64.78,-17.98],[-64.78,-17.98],[-64.78,-17.98],[-64.78,-17.98],[-64.78,-17.98],[-64.78,-17.98],[-64.78,-17.98],[-64.78,-17.98],[-64.78,-17.98],[-64.78,-17.98],[-64.78,-17.97],[-64.78,-17.97],[-64.78,-17.97],[-64.78,-17.97],[-64.78,-17.97],[-64.78,-17.97],[-64.79,-17.97],[-64.79,-17.97],[-64.79,-17.97],[-64.79,-17.97],[-64.79,-17.97],[-64.79,-17.97],[-64.79,-17.97],[-64.79,-17.97],[-64.79,-17.97],[-64.79,-17.97],[-64.79,-17.97],[-64.79,-17.97],[-64.79,-17.97],[-64.79,-17.97],[-64.79,-17.97],[-64.79,-17.97],[-64.79,-17.97],[-64.79,-17.97],[-64.79,-17.96],[-64.79,-17.96],[-64.79,-17.96],[-64.8,-17.96],[-64.8,-17.96],[-64.8,-17.96],[-64.8,-17.96],[-64.8,-17.96],[-64.8,-17.96],[-64.8,-17.96],[-64.8,-17.96],[-64.8,-17.96],[-64.8,-17.96],[-64.8,-17.96],[-64.8,-17.96],[-64.8,-17.96],[-64.8,-17.96],[-64.8,-17.96],[-64.8,-17.95],[-64.8,-17.95],[-64.8,-17.95],[-64.8,-17.95],[-64.8,-17.95],[-64.8,-17.95],[-64.8,-17.95],[-64.8,-17.95],[-64.8,-17.95],[-64.8,-17.95],[-64.8,-17.95],[-64.8,-17.95],[-64.8,-17.95],[-64.8,-17.95],[-64.8,-17.95],[-64.8,-17.95],[-64.8,-17.95],[-64.8,-17.95],[-64.8,-17.95],[-64.8,-17.95],[-64.8,-17.95],[-64.8,-17.95],[-64.8,-17.95],[-64.8,-17.95],[-64.8,-17.95],[-64.8,-17.94],[-64.81,-17.94],[-64.81,-17.94],[-64.81,-17.94],[-64.81,-17.94],[-64.81,-17.94],[-64.81,-17.94],[-64.81,-17.94],[-64.81,-17.94],[-64.81,-17.94],[-64.81,-17.94],[-64.81,-17.94],[-64.81,-17.94],[-64.81,-17.94],[-64.81,-17.94],[-64.81,-17.94],[-64.81,-17.94],[-64.81,-17.94],[-64.81,-17.94],[-64.81,-17.94],[-64.81,-17.94],[-64.81,-17.94],[-64.81,-17.94],[-64.81,-17.94],[-64.81,-17.94],[-64.81,-17.94],[-64.81,-17.94],[-64.81,-17.93],[-64.81,-17.93],[-64.81,-17.93],[-64.81,-17.93],[-64.81,-17.93],[-64.81,-17.93],[-64.82,-17.93],[-64.82,-17.93],[-64.82,-17.93],[-64.82,-17.93],[-64.82,-17.93],[-64.82,-17.93],[-64.82,-17.93],[-64.82,-17.93],[-64.82,-17.93],[-64.82,-17.93],[-64.82,-17.93],[-64.82,-17.93],[-64.82,-17.93],[-64.82,-17.93],[-64.82,-17.93],[-64.82,-17.93],[-64.82,-17.93],[-64.82,-17.92],[-64.82,-17.92],[-64.82,-17.92],[-64.82,-17.92],[-64.82,-17.91],[-64.81,-17.91],[-64.81,-17.91],[-64.81,-17.9],[-64.81,-17.9],[-64.8,-17.89],[-64.8,-17.88],[-64.8,-17.88],[-64.8,-17.88],[-64.8,-17.88],[-64.8,-17.87],[-64.8,-17.87],[-64.8,-17.86],[-64.8,-17.86],[-64.8,-17.85],[-64.8,-17.85],[-64.8,-17.85],[-64.79,-17.84],[-64.79,-17.84],[-64.79,-17.84],[-64.79,-17.84],[-64.79,-17.84],[-64.79,-17.84],[-64.79,-17.84],[-64.79,-17.84],[-64.78,-17.83],[-64.78,-17.83],[-64.78,-17.83],[-64.78,-17.83],[-64.78,-17.83],[-64.78,-17.83],[-64.78,-17.83],[-64.78,-17.83],[-64.78,-17.83],[-64.78,-17.83],[-64.78,-17.83],[-64.78,-17.83],[-64.78,-17.83],[-64.78,-17.83],[-64.78,-17.83],[-64.78,-17.83],[-64.78,-17.83],[-64.78,-17.83],[-64.78,-17.83],[-64.78,-17.83],[-64.78,-17.83],[-64.78,-17.83],[-64.78,-17.83],[-64.78,-17.83],[-64.78,-17.83],[-64.78,-17.83],[-64.78,-17.83],[-64.78,-17.82],[-64.78,-17.82],[-64.78,-17.82],[-64.78,-17.82],[-64.78,-17.82],[-64.78,-17.82],[-64.78,-17.82],[-64.78,-17.82],[-64.78,-17.82],[-64.78,-17.82],[-64.78,-17.82],[-64.78,-17.82],[-64.77,-17.82],[-64.77,-17.82],[-64.77,-17.82],[-64.77,-17.82],[-64.77,-17.82],[-64.77,-17.82],[-64.77,-17.82],[-64.77,-17.82],[-64.77,-17.82],[-64.77,-17.82],[-64.77,-17.82],[-64.77,-17.82],[-64.77,-17.82],[-64.77,-17.82],[-64.77,-17.82],[-64.77,-17.82],[-64.77,-17.82],[-64.77,-17.82],[-64.77,-17.82],[-64.77,-17.82],[-64.77,-17.82],[-64.77,-17.82],[-64.77,-17.82],[-64.77,-17.82],[-64.77,-17.82],[-64.77,-17.81],[-64.77,-17.81],[-64.77,-17.81],[-64.77,-17.81],[-64.77,-17.81],[-64.77,-17.81],[-64.77,-17.81],[-64.77,-17.81],[-64.77,-17.81],[-64.77,-17.81],[-64.77,-17.81],[-64.77,-17.81],[-64.77,-17.81],[-64.77,-17.81],[-64.77,-17.81],[-64.77,-17.81],[-64.77,-17.81],[-64.77,-17.81],[-64.77,-17.81],[-64.77,-17.81],[-64.78,-17.81],[-64.78,-17.81],[-64.78,-17.81],[-64.78,-17.81],[-64.78,-17.81],[-64.78,-17.81],[-64.78,-17.81],[-64.78,-17.81],[-64.78,-17.81],[-64.78,-17.81],[-64.78,-17.81],[-64.77,-17.81],[-64.77,-17.81],[-64.77,-17.81],[-64.77,-17.8],[-64.77,-17.8],[-64.77,-17.8],[-64.77,-17.8],[-64.77,-17.8],[-64.77,-17.79],[-64.77,-17.79],[-64.77,-17.79],[-64.77,-17.79],[-64.77,-17.79],[-64.77,-17.79],[-64.77,-17.78],[-64.77,-17.78],[-64.77,-17.78],[-64.76,-17.78],[-64.76,-17.78],[-64.76,-17.78],[-64.76,-17.77],[-64.76,-17.77],[-64.76,-17.77],[-64.76,-17.77],[-64.76,-17.77],[-64.76,-17.76],[-64.76,-17.76],[-64.76,-17.76],[-64.76,-17.76],[-64.76,-17.76],[-64.76,-17.76],[-64.76,-17.75],[-64.76,-17.75],[-64.76,-17.75],[-64.76,-17.75],[-64.76,-17.75],[-64.76,-17.75],[-64.76,-17.75],[-64.76,-17.75],[-64.76,-17.75],[-64.76,-17.75],[-64.75,-17.75],[-64.75,-17.75],[-64.75,-17.74],[-64.75,-17.74],[-64.75,-17.74],[-64.75,-17.74],[-64.75,-17.74],[-64.75,-17.74],[-64.75,-17.74],[-64.75,-17.74],[-64.75,-17.74],[-64.75,-17.74],[-64.75,-17.74],[-64.75,-17.74],[-64.75,-17.74],[-64.75,-17.74],[-64.75,-17.74],[-64.75,-17.74],[-64.75,-17.74],[-64.75,-17.74],[-64.75,-17.74],[-64.75,-17.74],[-64.75,-17.74],[-64.75,-17.74],[-64.75,-17.74],[-64.75,-17.74],[-64.75,-17.74],[-64.75,-17.74],[-64.75,-17.74],[-64.75,-17.74],[-64.75,-17.74],[-64.75,-17.74],[-64.75,-17.74],[-64.75,-17.74],[-64.75,-17.74],[-64.75,-17.74],[-64.75,-17.74],[-64.75,-17.73],[-64.75,-17.73],[-64.75,-17.73],[-64.75,-17.73],[-64.75,-17.73],[-64.75,-17.73],[-64.75,-17.73],[-64.74,-17.73],[-64.74,-17.73],[-64.74,-17.73],[-64.74,-17.73],[-64.74,-17.73],[-64.74,-17.73],[-64.74,-17.73],[-64.74,-17.73],[-64.74,-17.73],[-64.74,-17.73],[-64.74,-17.73],[-64.74,-17.73],[-64.74,-17.73],[-64.74,-17.73],[-64.74,-17.73],[-64.74,-17.73],[-64.74,-17.73],[-64.74,-17.73],[-64.74,-17.73],[-64.74,-17.73],[-64.74,-17.73],[-64.74,-17.73],[-64.74,-17.73],[-64.74,-17.73],[-64.74,-17.73],[-64.74,-17.73],[-64.74,-17.73],[-64.74,-17.73],[-64.74,-17.73],[-64.74,-17.73],[-64.74,-17.73],[-64.74,-17.73],[-64.74,-17.73],[-64.73,-17.73],[-64.73,-17.73],[-64.73,-17.73],[-64.73,-17.73],[-64.73,-17.73],[-64.73,-17.73],[-64.73,-17.73],[-64.73,-17.73],[-64.73,-17.73],[-64.73,-17.73],[-64.73,-17.73],[-64.73,-17.73],[-64.73,-17.73],[-64.73,-17.73],[-64.73,-17.73],[-64.73,-17.73],[-64.73,-17.73],[-64.73,-17.73],[-64.73,-17.73],[-64.73,-17.73],[-64.73,-17.73],[-64.73,-17.73],[-64.73,-17.73],[-64.73,-17.73],[-64.73,-17.73],[-64.73,-17.73],[-64.73,-17.73],[-64.73,-17.73],[-64.73,-17.73],[-64.72,-17.73],[-64.72,-17.73],[-64.72,-17.73],[-64.72,-17.73],[-64.72,-17.73],[-64.72,-17.73],[-64.72,-17.73],[-64.72,-17.73],[-64.72,-17.73],[-64.72,-17.73],[-64.72,-17.73],[-64.72,-17.73],[-64.72,-17.73],[-64.72,-17.73],[-64.72,-17.73],[-64.72,-17.73],[-64.72,-17.73],[-64.72,-17.73],[-64.72,-17.73],[-64.72,-17.73],[-64.72,-17.73],[-64.72,-17.73],[-64.72,-17.73],[-64.72,-17.73],[-64.72,-17.73],[-64.72,-17.73],[-64.72,-17.73],[-64.72,-17.73],[-64.71,-17.73],[-64.71,-17.73],[-64.71,-17.73],[-64.71,-17.73],[-64.71,-17.73],[-64.71,-17.73],[-64.71,-17.73],[-64.71,-17.73],[-64.71,-17.73],[-64.71,-17.73],[-64.71,-17.73],[-64.71,-17.73],[-64.71,-17.73],[-64.71,-17.73],[-64.71,-17.73],[-64.71,-17.73],[-64.71,-17.73],[-64.71,-17.73],[-64.71,-17.73],[-64.71,-17.73],[-64.71,-17.73],[-64.71,-17.73],[-64.71,-17.72],[-64.71,-17.72],[-64.71,-17.72],[-64.71,-17.72],[-64.71,-17.72],[-64.71,-17.72],[-64.71,-17.72],[-64.71,-17.72],[-64.71,-17.72],[-64.71,-17.72],[-64.71,-17.72],[-64.71,-17.72],[-64.71,-17.72],[-64.7,-17.72],[-64.7,-17.72],[-64.7,-17.72],[-64.7,-17.72],[-64.7,-17.72],[-64.7,-17.72],[-64.7,-17.72],[-64.7,-17.72],[-64.7,-17.72],[-64.7,-17.72],[-64.7,-17.72],[-64.7,-17.72],[-64.7,-17.72],[-64.7,-17.72],[-64.7,-17.71],[-64.7,-17.71],[-64.7,-17.71],[-64.7,-17.71],[-64.7,-17.71],[-64.7,-17.71],[-64.7,-17.71],[-64.7,-17.71],[-64.7,-17.71],[-64.7,-17.71],[-64.7,-17.71],[-64.7,-17.71],[-64.7,-17.71],[-64.7,-17.71],[-64.7,-17.71],[-64.7,-17.71],[-64.7,-17.71],[-64.7,-17.71],[-64.7,-17.71],[-64.7,-17.71],[-64.7,-17.71],[-64.7,-17.71],[-64.7,-17.71],[-64.7,-17.71],[-64.7,-17.71],[-64.7,-17.71],[-64.69,-17.71],[-64.69,-17.71],[-64.69,-17.71],[-64.69,-17.71],[-64.69,-17.71],[-64.69,-17.71],[-64.69,-17.71],[-64.69,-17.71],[-64.69,-17.71],[-64.69,-17.71],[-64.69,-17.71],[-64.69,-17.71],[-64.69,-17.71],[-64.69,-17.71],[-64.69,-17.71],[-64.69,-17.71],[-64.69,-17.71],[-64.69,-17.71],[-64.69,-17.71],[-64.69,-17.71],[-64.69,-17.71],[-64.69,-17.71],[-64.69,-17.71],[-64.68,-17.71],[-64.68,-17.71],[-64.68,-17.71],[-64.68,-17.71],[-64.68,-17.71],[-64.68,-17.71],[-64.68,-17.71],[-64.68,-17.71],[-64.68,-17.71],[-64.68,-17.71],[-64.68,-17.71],[-64.68,-17.71],[-64.68,-17.71],[-64.68,-17.71],[-64.68,-17.71],[-64.68,-17.71],[-64.68,-17.71],[-64.68,-17.71],[-64.68,-17.71],[-64.68,-17.71],[-64.68,-17.71],[-64.68,-17.71],[-64.68,-17.71],[-64.68,-17.71],[-64.68,-17.71],[-64.68,-17.71],[-64.67,-17.71],[-64.67,-17.71],[-64.67,-17.71],[-64.67,-17.71],[-64.67,-17.71],[-64.67,-17.71],[-64.67,-17.71],[-64.67,-17.71],[-64.67,-17.71],[-64.67,-17.71],[-64.67,-17.71],[-64.67,-17.71],[-64.67,-17.71],[-64.67,-17.71],[-64.67,-17.71],[-64.67,-17.71],[-64.67,-17.71],[-64.67,-17.71],[-64.67,-17.71],[-64.67,-17.71],[-64.67,-17.71],[-64.67,-17.71],[-64.67,-17.71],[-64.67,-17.71],[-64.67,-17.71],[-64.67,-17.71],[-64.67,-17.71],[-64.67,-17.71],[-64.66,-17.71],[-64.66,-17.71],[-64.66,-17.71],[-64.66,-17.71],[-64.66,-17.71],[-64.66,-17.71],[-64.66,-17.71],[-64.66,-17.71],[-64.66,-17.71],[-64.66,-17.71],[-64.66,-17.71],[-64.66,-17.71],[-64.66,-17.71],[-64.66,-17.71],[-64.66,-17.71],[-64.66,-17.71],[-64.66,-17.71],[-64.66,-17.71],[-64.66,-17.71],[-64.66,-17.71],[-64.66,-17.71],[-64.66,-17.71],[-64.66,-17.71],[-64.66,-17.71],[-64.66,-17.71],[-64.66,-17.71],[-64.65,-17.71],[-64.65,-17.71],[-64.65,-17.71],[-64.65,-17.71],[-64.65,-17.71],[-64.65,-17.71],[-64.65,-17.71],[-64.65,-17.71],[-64.65,-17.71],[-64.65,-17.71],[-64.65,-17.71],[-64.65,-17.71],[-64.65,-17.71],[-64.65,-17.71],[-64.65,-17.71],[-64.65,-17.71],[-64.65,-17.71],[-64.65,-17.71],[-64.65,-17.71],[-64.65,-17.71],[-64.65,-17.71],[-64.65,-17.71],[-64.65,-17.71],[-64.65,-17.71],[-64.65,-17.71],[-64.65,-17.71],[-64.65,-17.71],[-64.65,-17.71],[-64.65,-17.71],[-64.65,-17.71],[-64.65,-17.71],[-64.65,-17.71],[-64.65,-17.71],[-64.65,-17.71],[-64.65,-17.71],[-64.65,-17.71],[-64.65,-17.71],[-64.64,-17.71],[-64.64,-17.71],[-64.64,-17.71],[-64.64,-17.71],[-64.64,-17.71],[-64.64,-17.71],[-64.64,-17.71],[-64.64,-17.71],[-64.64,-17.71],[-64.64,-17.71],[-64.64,-17.71],[-64.64,-17.71],[-64.64,-17.71],[-64.64,-17.71],[-64.64,-17.71],[-64.64,-17.71],[-64.64,-17.7],[-64.64,-17.7],[-64.64,-17.7],[-64.64,-17.7],[-64.64,-17.7],[-64.64,-17.7],[-64.64,-17.7],[-64.64,-17.7],[-64.64,-17.7],[-64.64,-17.7],[-64.64,-17.7],[-64.64,-17.7],[-64.64,-17.7],[-64.64,-17.7],[-64.64,-17.7],[-64.64,-17.7],[-64.64,-17.7],[-64.64,-17.7],[-64.64,-17.7],[-64.64,-17.7],[-64.64,-17.7],[-64.64,-17.7],[-64.64,-17.7],[-64.64,-17.7],[-64.64,-17.7],[-64.64,-17.7],[-64.64,-17.7],[-64.64,-17.7],[-64.64,-17.7],[-64.64,-17.7],[-64.64,-17.7],[-64.64,-17.7],[-64.64,-17.7],[-64.64,-17.7],[-64.64,-17.7],[-64.64,-17.7],[-64.64,-17.7],[-64.64,-17.7],[-64.64,-17.7],[-64.64,-17.7],[-64.64,-17.7],[-64.64,-17.7],[-64.64,-17.7],[-64.64,-17.7],[-64.64,-17.7],[-64.64,-17.7],[-64.64,-17.7],[-64.64,-17.7],[-64.64,-17.7],[-64.64,-17.69],[-64.64,-17.69],[-64.64,-17.69],[-64.64,-17.69],[-64.64,-17.69],[-64.64,-17.69],[-64.64,-17.69],[-64.64,-17.69],[-64.64,-17.69],[-64.64,-17.69],[-64.64,-17.69],[-64.64,-17.69],[-64.64,-17.69],[-64.64,-17.69],[-64.64,-17.69],[-64.64,-17.69],[-64.64,-17.69],[-64.64,-17.69],[-64.64,-17.69],[-64.64,-17.69],[-64.64,-17.69],[-64.64,-17.69],[-64.64,-17.69],[-64.64,-17.69],[-64.64,-17.69],[-64.64,-17.69],[-64.64,-17.69],[-64.64,-17.69],[-64.64,-17.69],[-64.64,-17.69],[-64.64,-17.69],[-64.64,-17.69],[-64.64,-17.69],[-64.64,-17.69],[-64.64,-17.69],[-64.64,-17.68],[-64.64,-17.68],[-64.64,-17.68],[-64.64,-17.68],[-64.64,-17.68],[-64.64,-17.68],[-64.64,-17.68],[-64.64,-17.68],[-64.64,-17.68],[-64.64,-17.68],[-64.64,-17.68],[-64.64,-17.68],[-64.64,-17.68],[-64.64,-17.68],[-64.64,-17.68],[-64.64,-17.68],[-64.64,-17.68],[-64.64,-17.68],[-64.64,-17.68],[-64.64,-17.68],[-64.64,-17.68],[-64.64,-17.68],[-64.64,-17.68],[-64.64,-17.68],[-64.64,-17.68],[-64.64,-17.68],[-64.64,-17.68],[-64.64,-17.68],[-64.64,-17.68],[-64.64,-17.68],[-64.64,-17.68],[-64.64,-17.68],[-64.64,-17.68],[-64.64,-17.68],[-64.64,-17.68],[-64.64,-17.68],[-64.64,-17.67],[-64.64,-17.67],[-64.64,-17.67],[-64.64,-17.67],[-64.64,-17.67],[-64.64,-17.67],[-64.64,-17.67],[-64.64,-17.67],[-64.64,-17.67],[-64.64,-17.67],[-64.64,-17.67],[-64.64,-17.67],[-64.64,-17.67],[-64.64,-17.67],[-64.64,-17.67],[-64.64,-17.67],[-64.64,-17.67],[-64.64,-17.67],[-64.64,-17.67],[-64.64,-17.67],[-64.64,-17.67],[-64.64,-17.67],[-64.64,-17.67],[-64.64,-17.67],[-64.64,-17.67],[-64.64,-17.67],[-64.64,-17.67],[-64.64,-17.67],[-64.64,-17.67],[-64.64,-17.67],[-64.64,-17.67],[-64.64,-17.67],[-64.64,-17.67],[-64.63,-17.67],[-64.63,-17.67],[-64.63,-17.67],[-64.63,-17.67],[-64.63,-17.67],[-64.63,-17.67],[-64.63,-17.67],[-64.63,-17.67],[-64.63,-17.67],[-64.63,-17.67],[-64.63,-17.67],[-64.63,-17.67],[-64.63,-17.67],[-64.63,-17.67],[-64.63,-17.67],[-64.63,-17.67],[-64.63,-17.67],[-64.63,-17.67],[-64.63,-17.66],[-64.63,-17.66],[-64.63,-17.66],[-64.63,-17.66],[-64.63,-17.66],[-64.63,-17.66],[-64.63,-17.66],[-64.63,-17.66],[-64.63,-17.66],[-64.63,-17.66],[-64.63,-17.66],[-64.63,-17.66],[-64.63,-17.66],[-64.63,-17.66],[-64.63,-17.66],[-64.63,-17.66],[-64.63,-17.66],[-64.63,-17.66],[-64.63,-17.66],[-64.63,-17.66],[-64.63,-17.66],[-64.63,-17.66],[-64.63,-17.66],[-64.63,-17.66],[-64.63,-17.66],[-64.63,-17.66],[-64.63,-17.66],[-64.63,-17.66],[-64.63,-17.66],[-64.63,-17.66],[-64.63,-17.66],[-64.63,-17.66],[-64.63,-17.66],[-64.63,-17.66],[-64.63,-17.66],[-64.63,-17.66],[-64.63,-17.66],[-64.63,-17.66],[-64.63,-17.66],[-64.63,-17.66],[-64.63,-17.66],[-64.62,-17.65],[-64.62,-17.65],[-64.62,-17.65],[-64.62,-17.65],[-64.62,-17.66],[-64.62,-17.66],[-64.62,-17.66],[-64.62,-17.66],[-64.62,-17.66],[-64.62,-17.66],[-64.62,-17.66],[-64.62,-17.66],[-64.62,-17.66],[-64.62,-17.66],[-64.62,-17.66],[-64.62,-17.66],[-64.62,-17.66],[-64.62,-17.66],[-64.62,-17.66],[-64.62,-17.66],[-64.62,-17.66],[-64.62,-17.66],[-64.62,-17.66],[-64.62,-17.66],[-64.62,-17.66],[-64.62,-17.66],[-64.62,-17.66],[-64.62,-17.66],[-64.61,-17.66],[-64.61,-17.66],[-64.61,-17.66],[-64.61,-17.66],[-64.61,-17.66],[-64.61,-17.66],[-64.61,-17.66],[-64.61,-17.66],[-64.61,-17.66],[-64.61,-17.66],[-64.61,-17.66],[-64.61,-17.66],[-64.61,-17.66],[-64.61,-17.66],[-64.61,-17.66],[-64.61,-17.66],[-64.61,-17.66],[-64.61,-17.66],[-64.61,-17.66],[-64.61,-17.66],[-64.61,-17.66],[-64.61,-17.65],[-64.61,-17.65],[-64.61,-17.65],[-64.61,-17.65],[-64.61,-17.65],[-64.61,-17.65],[-64.61,-17.65],[-64.61,-17.65],[-64.61,-17.65],[-64.61,-17.65],[-64.61,-17.65],[-64.61,-17.65],[-64.61,-17.65],[-64.61,-17.65],[-64.61,-17.65],[-64.61,-17.65],[-64.61,-17.65],[-64.61,-17.65],[-64.61,-17.65],[-64.61,-17.65],[-64.61,-17.65],[-64.61,-17.65],[-64.61,-17.65],[-64.61,-17.65],[-64.61,-17.65],[-64.61,-17.65],[-64.61,-17.65],[-64.61,-17.65],[-64.61,-17.65],[-64.61,-17.65],[-64.61,-17.65],[-64.61,-17.65],[-64.61,-17.65],[-64.61,-17.65],[-64.61,-17.65],[-64.61,-17.65],[-64.61,-17.65],[-64.61,-17.65],[-64.61,-17.64],[-64.61,-17.64],[-64.61,-17.64],[-64.61,-17.64],[-64.61,-17.64],[-64.61,-17.64],[-64.61,-17.64],[-64.61,-17.64],[-64.61,-17.64],[-64.61,-17.64],[-64.61,-17.64],[-64.61,-17.64],[-64.61,-17.64],[-64.61,-17.64],[-64.61,-17.64],[-64.61,-17.64],[-64.61,-17.64],[-64.61,-17.64],[-64.61,-17.64],[-64.61,-17.64],[-64.61,-17.64],[-64.61,-17.64],[-64.61,-17.64],[-64.61,-17.64],[-64.61,-17.64],[-64.61,-17.64],[-64.61,-17.64],[-64.61,-17.64],[-64.61,-17.64],[-64.61,-17.64],[-64.6,-17.64],[-64.6,-17.64],[-64.6,-17.64],[-64.6,-17.64],[-64.6,-17.64],[-64.6,-17.64],[-64.6,-17.64],[-64.6,-17.64],[-64.6,-17.64],[-64.6,-17.64],[-64.6,-17.64],[-64.6,-17.64],[-64.6,-17.64],[-64.6,-17.64],[-64.6,-17.64],[-64.6,-17.64],[-64.6,-17.64],[-64.6,-17.64],[-64.6,-17.64],[-64.6,-17.64],[-64.6,-17.64],[-64.6,-17.64],[-64.6,-17.64],[-64.6,-17.64],[-64.6,-17.64],[-64.6,-17.64],[-64.6,-17.64],[-64.6,-17.63],[-64.6,-17.63],[-64.6,-17.63],[-64.6,-17.63],[-64.6,-17.63],[-64.6,-17.63],[-64.6,-17.63],[-64.6,-17.63],[-64.6,-17.63],[-64.6,-17.63],[-64.6,-17.63],[-64.6,-17.63],[-64.6,-17.63],[-64.6,-17.63],[-64.6,-17.63],[-64.6,-17.63],[-64.6,-17.63],[-64.6,-17.63],[-64.6,-17.63],[-64.6,-17.63],[-64.59,-17.63],[-64.59,-17.63],[-64.59,-17.63],[-64.59,-17.63],[-64.59,-17.62],[-64.59,-17.62],[-64.59,-17.62],[-64.59,-17.62],[-64.59,-17.62],[-64.59,-17.62],[-64.59,-17.62],[-64.59,-17.62],[-64.59,-17.62],[-64.59,-17.62],[-64.59,-17.62],[-64.59,-17.62],[-64.59,-17.62],[-64.59,-17.62],[-64.59,-17.62],[-64.59,-17.62],[-64.59,-17.62],[-64.59,-17.62],[-64.59,-17.62],[-64.59,-17.62],[-64.59,-17.61],[-64.59,-17.61],[-64.59,-17.61],[-64.59,-17.61],[-64.59,-17.61],[-64.59,-17.61],[-64.59,-17.61],[-64.59,-17.61],[-64.59,-17.61],[-64.59,-17.61],[-64.59,-17.61],[-64.59,-17.61],[-64.59,-17.61],[-64.59,-17.61],[-64.59,-17.6],[-64.59,-17.6],[-64.59,-17.6],[-64.59,-17.6],[-64.59,-17.6],[-64.59,-17.6],[-64.59,-17.6],[-64.59,-17.6],[-64.59,-17.6],[-64.59,-17.6],[-64.59,-17.6],[-64.59,-17.6],[-64.59,-17.6],[-64.59,-17.6],[-64.59,-17.6],[-64.59,-17.6],[-64.59,-17.6],[-64.59,-17.6],[-64.59,-17.6],[-64.59,-17.6],[-64.59,-17.6],[-64.59,-17.6],[-64.59,-17.6],[-64.58,-17.6],[-64.58,-17.6],[-64.58,-17.6],[-64.58,-17.6],[-64.58,-17.6],[-64.58,-17.6],[-64.58,-17.6],[-64.58,-17.6],[-64.58,-17.6],[-64.58,-17.6],[-64.58,-17.6],[-64.58,-17.61],[-64.58,-17.61],[-64.58,-17.61],[-64.58,-17.61],[-64.57,-17.61],[-64.57,-17.61],[-64.57,-17.61],[-64.57,-17.6],[-64.57,-17.6],[-64.57,-17.6],[-64.57,-17.6],[-64.57,-17.6],[-64.57,-17.6],[-64.57,-17.6],[-64.57,-17.6],[-64.57,-17.6],[-64.57,-17.6],[-64.57,-17.6],[-64.57,-17.6],[-64.57,-17.6],[-64.57,-17.6],[-64.57,-17.6],[-64.57,-17.6],[-64.57,-17.6],[-64.57,-17.6],[-64.57,-17.6],[-64.57,-17.6],[-64.57,-17.6],[-64.57,-17.6],[-64.57,-17.6],[-64.57,-17.6],[-64.57,-17.6],[-64.57,-17.59],[-64.57,-17.59],[-64.57,-17.59],[-64.57,-17.59],[-64.57,-17.59],[-64.56,-17.59],[-64.56,-17.59],[-64.56,-17.59],[-64.56,-17.6],[-64.56,-17.6],[-64.56,-17.6],[-64.56,-17.6],[-64.56,-17.59],[-64.56,-17.59],[-64.56,-17.6],[-64.56,-17.6],[-64.56,-17.6],[-64.56,-17.6],[-64.56,-17.6],[-64.56,-17.6],[-64.56,-17.6],[-64.56,-17.6],[-64.56,-17.6],[-64.56,-17.6],[-64.56,-17.6],[-64.56,-17.6],[-64.56,-17.6],[-64.56,-17.6],[-64.55,-17.6],[-64.55,-17.59],[-64.55,-17.59],[-64.55,-17.59],[-64.55,-17.59],[-64.55,-17.59],[-64.55,-17.59],[-64.55,-17.59],[-64.55,-17.59],[-64.55,-17.59],[-64.55,-17.59],[-64.55,-17.6],[-64.55,-17.6],[-64.55,-17.6],[-64.55,-17.6],[-64.55,-17.6],[-64.55,-17.6],[-64.55,-17.6],[-64.55,-17.6],[-64.54,-17.59],[-64.54,-17.59],[-64.54,-17.59],[-64.54,-17.59],[-64.54,-17.59],[-64.54,-17.59],[-64.54,-17.59],[-64.54,-17.59],[-64.54,-17.59],[-64.54,-17.59],[-64.54,-17.59],[-64.54,-17.59],[-64.54,-17.59],[-64.54,-17.59],[-64.54,-17.59],[-64.54,-17.59],[-64.54,-17.59],[-64.54,-17.59],[-64.54,-17.59],[-64.54,-17.59],[-64.54,-17.59],[-64.54,-17.59],[-64.54,-17.59],[-64.54,-17.59],[-64.54,-17.59],[-64.54,-17.59],[-64.54,-17.59],[-64.54,-17.59],[-64.54,-17.59],[-64.54,-17.59],[-64.54,-17.59],[-64.53,-17.59],[-64.53,-17.59],[-64.53,-17.59],[-64.53,-17.59],[-64.53,-17.59],[-64.53,-17.59],[-64.53,-17.59],[-64.53,-17.59],[-64.53,-17.59],[-64.53,-17.59],[-64.53,-17.59],[-64.53,-17.59],[-64.53,-17.59],[-64.53,-17.59],[-64.53,-17.59],[-64.53,-17.59],[-64.53,-17.59],[-64.53,-17.59],[-64.53,-17.59],[-64.53,-17.59],[-64.53,-17.59],[-64.53,-17.59],[-64.53,-17.59],[-64.53,-17.59],[-64.53,-17.59],[-64.53,-17.59],[-64.53,-17.59],[-64.53,-17.59],[-64.53,-17.59],[-64.53,-17.59],[-64.53,-17.59],[-64.53,-17.59],[-64.53,-17.6],[-64.53,-17.6],[-64.53,-17.6],[-64.53,-17.6],[-64.53,-17.6],[-64.52,-17.6],[-64.52,-17.6],[-64.52,-17.6],[-64.52,-17.6],[-64.52,-17.6],[-64.52,-17.6],[-64.52,-17.6],[-64.52,-17.6],[-64.52,-17.6],[-64.49,-17.61],[-64.47,-17.6],[-64.42,-17.59],[-64.42,-17.57],[-64.43,-17.55],[-64.43,-17.55],[-64.43,-17.55],[-64.43,-17.54],[-64.43,-17.54],[-64.43,-17.54],[-64.43,-17.54],[-64.43,-17.54],[-64.43,-17.54],[-64.43,-17.54],[-64.43,-17.54],[-64.43,-17.54],[-64.43,-17.54],[-64.43,-17.54],[-64.43,-17.54],[-64.43,-17.54],[-64.43,-17.54],[-64.43,-17.54],[-64.43,-17.54],[-64.43,-17.54],[-64.43,-17.54],[-64.43,-17.54],[-64.43,-17.54],[-64.43,-17.54],[-64.43,-17.54],[-64.43,-17.54],[-64.43,-17.54],[-64.43,-17.54],[-64.43,-17.54],[-64.43,-17.54],[-64.43,-17.54],[-64.42,-17.53],[-64.42,-17.53],[-64.42,-17.53],[-64.42,-17.53],[-64.42,-17.53],[-64.42,-17.53],[-64.42,-17.53],[-64.42,-17.53],[-64.42,-17.53],[-64.42,-17.53],[-64.42,-17.53],[-64.42,-17.53],[-64.42,-17.53],[-64.43,-17.53],[-64.43,-17.53],[-64.43,-17.53],[-64.43,-17.52],[-64.43,-17.52],[-64.43,-17.52],[-64.43,-17.52],[-64.43,-17.52],[-64.43,-17.52],[-64.43,-17.52],[-64.43,-17.52],[-64.43,-17.52],[-64.43,-17.52],[-64.43,-17.52],[-64.42,-17.52],[-64.42,-17.52],[-64.42,-17.52],[-64.42,-17.52],[-64.42,-17.52],[-64.42,-17.52],[-64.42,-17.52],[-64.42,-17.52],[-64.42,-17.52],[-64.42,-17.52],[-64.42,-17.52],[-64.42,-17.52],[-64.42,-17.52],[-64.42,-17.52],[-64.42,-17.52],[-64.42,-17.52],[-64.42,-17.52],[-64.42,-17.52],[-64.42,-17.52],[-64.42,-17.52],[-64.42,-17.52],[-64.42,-17.52],[-64.42,-17.52],[-64.42,-17.52],[-64.42,-17.52],[-64.42,-17.52],[-64.42,-17.52],[-64.41,-17.52],[-64.41,-17.52],[-64.41,-17.52],[-64.41,-17.52],[-64.41,-17.52],[-64.41,-17.52],[-64.41,-17.52],[-64.41,-17.52],[-64.41,-17.51],[-64.41,-17.51],[-64.41,-17.51],[-64.41,-17.51],[-64.41,-17.51],[-64.41,-17.51],[-64.41,-17.51],[-64.41,-17.51],[-64.41,-17.51],[-64.41,-17.51],[-64.41,-17.51],[-64.41,-17.51],[-64.41,-17.51],[-64.41,-17.51],[-64.41,-17.51],[-64.41,-17.51],[-64.41,-17.51],[-64.41,-17.51],[-64.41,-17.51],[-64.41,-17.5],[-64.41,-17.5],[-64.41,-17.5],[-64.41,-17.5],[-64.41,-17.5],[-64.41,-17.5],[-64.41,-17.5],[-64.41,-17.5],[-64.41,-17.5],[-64.41,-17.5],[-64.41,-17.5],[-64.41,-17.5],[-64.41,-17.5],[-64.41,-17.5],[-64.41,-17.5],[-64.41,-17.5],[-64.41,-17.5],[-64.41,-17.5],[-64.41,-17.5],[-64.41,-17.5],[-64.41,-17.5],[-64.41,-17.5],[-64.41,-17.5],[-64.41,-17.5],[-64.41,-17.5],[-64.41,-17.5],[-64.41,-17.5],[-64.41,-17.49],[-64.41,-17.49],[-64.41,-17.49],[-64.41,-17.49],[-64.41,-17.49],[-64.41,-17.49],[-64.41,-17.49],[-64.41,-17.49],[-64.41,-17.49],[-64.41,-17.49],[-64.41,-17.49],[-64.41,-17.49],[-64.41,-17.49],[-64.41,-17.49],[-64.41,-17.49],[-64.41,-17.49],[-64.4,-17.49],[-64.4,-17.49],[-64.4,-17.49],[-64.4,-17.49],[-64.4,-17.49],[-64.4,-17.49],[-64.4,-17.49],[-64.4,-17.49],[-64.4,-17.49],[-64.4,-17.49],[-64.4,-17.49],[-64.4,-17.49],[-64.4,-17.49],[-64.4,-17.49],[-64.4,-17.49],[-64.4,-17.49],[-64.4,-17.49],[-64.4,-17.49],[-64.4,-17.49],[-64.4,-17.49],[-64.4,-17.49],[-64.4,-17.49],[-64.4,-17.49],[-64.4,-17.49],[-64.4,-17.49],[-64.4,-17.49],[-64.4,-17.49],[-64.4,-17.49],[-64.4,-17.49],[-64.4,-17.49],[-64.4,-17.49],[-64.4,-17.48],[-64.4,-17.48],[-64.4,-17.48],[-64.4,-17.48],[-64.4,-17.48],[-64.4,-17.48],[-64.4,-17.48],[-64.4,-17.48],[-64.4,-17.48],[-64.4,-17.48],[-64.4,-17.48],[-64.4,-17.48],[-64.4,-17.48],[-64.4,-17.48],[-64.4,-17.48],[-64.4,-17.48],[-64.4,-17.48],[-64.4,-17.48],[-64.4,-17.48],[-64.4,-17.48],[-64.4,-17.48],[-64.4,-17.48],[-64.4,-17.48],[-64.4,-17.48],[-64.4,-17.48],[-64.4,-17.48],[-64.4,-17.48],[-64.4,-17.48],[-64.4,-17.48],[-64.4,-17.48],[-64.4,-17.48],[-64.4,-17.48],[-64.4,-17.48],[-64.4,-17.48],[-64.4,-17.48],[-64.4,-17.48],[-64.4,-17.48],[-64.4,-17.48],[-64.4,-17.47],[-64.41,-17.47],[-64.41,-17.47],[-64.41,-17.47],[-64.41,-17.47],[-64.41,-17.47],[-64.41,-17.47],[-64.41,-17.47],[-64.41,-17.47],[-64.41,-17.47],[-64.4,-17.47],[-64.4,-17.46],[-64.4,-17.46],[-64.4,-17.46],[-64.4,-17.46],[-64.4,-17.46],[-64.4,-17.46],[-64.4,-17.46],[-64.4,-17.46],[-64.4,-17.46],[-64.4,-17.46],[-64.4,-17.46],[-64.4,-17.46],[-64.4,-17.46],[-64.4,-17.46],[-64.4,-17.46],[-64.4,-17.46],[-64.4,-17.46],[-64.4,-17.46],[-64.4,-17.46],[-64.4,-17.46],[-64.4,-17.46],[-64.4,-17.45],[-64.4,-17.45],[-64.4,-17.45],[-64.4,-17.45],[-64.41,-17.45],[-64.41,-17.45],[-64.41,-17.45],[-64.4,-17.45],[-64.4,-17.45],[-64.4,-17.45],[-64.4,-17.45],[-64.4,-17.45],[-64.4,-17.45],[-64.4,-17.45],[-64.4,-17.45],[-64.4,-17.45],[-64.4,-17.45],[-64.4,-17.45],[-64.4,-17.45],[-64.4,-17.45],[-64.4,-17.45],[-64.4,-17.45],[-64.4,-17.45],[-64.4,-17.45],[-64.39,-17.45],[-64.39,-17.45],[-64.39,-17.45],[-64.39,-17.45],[-64.39,-17.45],[-64.39,-17.45],[-64.39,-17.45],[-64.39,-17.45],[-64.39,-17.45],[-64.39,-17.45],[-64.39,-17.45],[-64.39,-17.45],[-64.39,-17.45],[-64.39,-17.45],[-64.39,-17.45],[-64.39,-17.45],[-64.38,-17.45],[-64.38,-17.45],[-64.38,-17.45],[-64.38,-17.45],[-64.38,-17.45],[-64.38,-17.45],[-64.38,-17.45],[-64.38,-17.45],[-64.38,-17.45],[-64.38,-17.45],[-64.38,-17.45],[-64.38,-17.45],[-64.38,-17.45],[-64.38,-17.45],[-64.38,-17.45],[-64.37,-17.45],[-64.37,-17.45],[-64.37,-17.45],[-64.37,-17.45],[-64.37,-17.45],[-64.37,-17.45],[-64.37,-17.45],[-64.37,-17.45],[-64.37,-17.44],[-64.37,-17.44],[-64.37,-17.44],[-64.37,-17.44],[-64.37,-17.44],[-64.37,-17.44],[-64.37,-17.44],[-64.37,-17.44],[-64.37,-17.44],[-64.37,-17.44],[-64.37,-17.44],[-64.37,-17.44],[-64.37,-17.44],[-64.36,-17.44],[-64.36,-17.44],[-64.36,-17.44],[-64.36,-17.44],[-64.36,-17.44],[-64.36,-17.44],[-64.36,-17.44],[-64.36,-17.44],[-64.36,-17.44],[-64.36,-17.44],[-64.36,-17.44],[-64.36,-17.44],[-64.36,-17.44],[-64.36,-17.44],[-64.36,-17.44],[-64.36,-17.44],[-64.36,-17.44],[-64.36,-17.44],[-64.36,-17.44],[-64.36,-17.44],[-64.36,-17.44],[-64.36,-17.44],[-64.36,-17.44],[-64.36,-17.44],[-64.36,-17.44],[-64.36,-17.44],[-64.36,-17.44],[-64.36,-17.44],[-64.36,-17.44],[-64.36,-17.44],[-64.36,-17.44],[-64.36,-17.44],[-64.36,-17.43],[-64.36,-17.43],[-64.36,-17.43],[-64.36,-17.43],[-64.36,-17.43],[-64.36,-17.43],[-64.36,-17.43],[-64.36,-17.43],[-64.36,-17.43],[-64.36,-17.43],[-64.36,-17.43],[-64.36,-17.43],[-64.36,-17.43],[-64.35,-17.43],[-64.35,-17.43],[-64.35,-17.43],[-64.35,-17.43],[-64.35,-17.43],[-64.35,-17.43],[-64.35,-17.43],[-64.35,-17.43],[-64.35,-17.43],[-64.35,-17.43],[-64.35,-17.43],[-64.35,-17.42],[-64.35,-17.42],[-64.35,-17.42],[-64.35,-17.42],[-64.35,-17.42],[-64.35,-17.42],[-64.35,-17.42],[-64.35,-17.42],[-64.35,-17.42],[-64.35,-17.42],[-64.34,-17.42],[-64.34,-17.42],[-64.34,-17.42],[-64.34,-17.42],[-64.34,-17.43],[-64.34,-17.43],[-64.34,-17.43],[-64.34,-17.43],[-64.34,-17.42],[-64.34,-17.42],[-64.34,-17.42],[-64.33,-17.42],[-64.33,-17.42],[-64.33,-17.42],[-64.33,-17.42],[-64.33,-17.42],[-64.33,-17.42],[-64.33,-17.42],[-64.33,-17.42],[-64.33,-17.42],[-64.33,-17.42],[-64.33,-17.42],[-64.33,-17.42],[-64.33,-17.42],[-64.33,-17.42],[-64.32,-17.42],[-64.32,-17.42],[-64.32,-17.42],[-64.32,-17.42],[-64.32,-17.42],[-64.32,-17.42],[-64.32,-17.42],[-64.32,-17.42],[-64.32,-17.42],[-64.31,-17.42],[-64.31,-17.42],[-64.31,-17.43],[-64.31,-17.43],[-64.31,-17.43],[-64.31,-17.43],[-64.31,-17.43],[-64.31,-17.43],[-64.31,-17.43],[-64.31,-17.43],[-64.31,-17.43],[-64.31,-17.43],[-64.31,-17.43],[-64.31,-17.43],[-64.31,-17.43],[-64.31,-17.43],[-64.3,-17.43],[-64.3,-17.43],[-64.3,-17.43],[-64.3,-17.43],[-64.3,-17.43],[-64.3,-17.43],[-64.3,-17.43],[-64.3,-17.43],[-64.3,-17.43],[-64.3,-17.43],[-64.3,-17.43],[-64.3,-17.43],[-64.3,-17.43],[-64.3,-17.43],[-64.3,-17.43],[-64.3,-17.43],[-64.3,-17.43],[-64.29,-17.43],[-64.29,-17.43],[-64.29,-17.43],[-64.29,-17.43],[-64.29,-17.43],[-64.29,-17.43],[-64.29,-17.43],[-64.29,-17.43],[-64.29,-17.43],[-64.29,-17.43],[-64.29,-17.43],[-64.29,-17.43],[-64.29,-17.43],[-64.29,-17.43],[-64.29,-17.43],[-64.29,-17.43],[-64.29,-17.43],[-64.29,-17.43],[-64.29,-17.42],[-64.29,-17.42],[-64.29,-17.42],[-64.29,-17.42],[-64.29,-17.42],[-64.28,-17.42],[-64.28,-17.42],[-64.28,-17.42],[-64.28,-17.42],[-64.28,-17.42],[-64.28,-17.42],[-64.28,-17.42],[-64.28,-17.42],[-64.28,-17.42],[-64.28,-17.42],[-64.28,-17.42],[-64.28,-17.42],[-64.28,-17.42],[-64.28,-17.42],[-64.28,-17.42],[-64.27,-17.42],[-64.27,-17.42],[-64.27,-17.42],[-64.27,-17.42],[-64.27,-17.42],[-64.27,-17.42],[-64.27,-17.42],[-64.27,-17.42],[-64.27,-17.42],[-64.27,-17.42],[-64.27,-17.42],[-64.27,-17.42],[-64.27,-17.42],[-64.27,-17.42],[-64.27,-17.42],[-64.27,-17.42],[-64.27,-17.42],[-64.27,-17.42],[-64.27,-17.42],[-64.27,-17.42],[-64.26,-17.42],[-64.26,-17.42],[-64.26,-17.42],[-64.26,-17.42],[-64.26,-17.42],[-64.26,-17.42],[-64.26,-17.42],[-64.26,-17.42],[-64.26,-17.42],[-64.26,-17.42],[-64.26,-17.42],[-64.26,-17.42],[-64.26,-17.42],[-64.26,-17.42],[-64.26,-17.42],[-64.26,-17.42],[-64.26,-17.42],[-64.26,-17.42],[-64.26,-17.42],[-64.26,-17.42],[-64.26,-17.42],[-64.25,-17.42],[-64.25,-17.42],[-64.25,-17.42],[-64.25,-17.42],[-64.25,-17.42],[-64.25,-17.42],[-64.25,-17.42],[-64.25,-17.42],[-64.25,-17.42],[-64.25,-17.42],[-64.25,-17.42],[-64.25,-17.42],[-64.25,-17.42],[-64.25,-17.42],[-64.26,-17.42],[-64.26,-17.42],[-64.26,-17.42],[-64.26,-17.41],[-64.26,-17.41],[-64.26,-17.41],[-64.26,-17.41],[-64.26,-17.41],[-64.26,-17.41],[-64.25,-17.41],[-64.25,-17.41],[-64.25,-17.41],[-64.25,-17.41],[-64.25,-17.41],[-64.25,-17.41],[-64.25,-17.41],[-64.25,-17.41],[-64.25,-17.41],[-64.25,-17.41],[-64.25,-17.41],[-64.25,-17.41],[-64.25,-17.41],[-64.25,-17.41],[-64.25,-17.41],[-64.25,-17.41],[-64.25,-17.41],[-64.25,-17.41],[-64.25,-17.41],[-64.25,-17.41],[-64.25,-17.41],[-64.25,-17.41],[-64.25,-17.41],[-64.25,-17.41],[-64.25,-17.41],[-64.25,-17.41],[-64.25,-17.41],[-64.25,-17.41],[-64.25,-17.41],[-64.25,-17.41],[-64.25,-17.41],[-64.25,-17.41],[-64.25,-17.41],[-64.25,-17.4],[-64.25,-17.4],[-64.25,-17.4],[-64.25,-17.4],[-64.25,-17.4],[-64.25,-17.4],[-64.25,-17.4],[-64.25,-17.4],[-64.25,-17.4],[-64.25,-17.4],[-64.25,-17.4],[-64.25,-17.4],[-64.25,-17.4],[-64.25,-17.4],[-64.25,-17.4],[-64.25,-17.4],[-64.25,-17.4],[-64.24,-17.4],[-64.24,-17.4],[-64.24,-17.4],[-64.24,-17.4],[-64.24,-17.39],[-64.24,-17.39],[-64.24,-17.39],[-64.24,-17.39],[-64.24,-17.39],[-64.24,-17.39],[-64.23,-17.39],[-64.23,-17.39],[-64.23,-17.39],[-64.23,-17.39],[-64.23,-17.39],[-64.23,-17.39],[-64.23,-17.39],[-64.23,-17.39],[-64.23,-17.39],[-64.23,-17.39],[-64.23,-17.38],[-64.23,-17.38],[-64.23,-17.38],[-64.23,-17.38],[-64.23,-17.38],[-64.23,-17.38],[-64.23,-17.38],[-64.23,-17.38],[-64.23,-17.38],[-64.22,-17.38],[-64.22,-17.38],[-64.22,-17.37],[-64.22,-17.37],[-64.22,-17.37],[-64.22,-17.37],[-64.22,-17.37],[-64.22,-17.37],[-64.22,-17.37],[-64.22,-17.37],[-64.22,-17.37],[-64.22,-17.37],[-64.22,-17.37],[-64.22,-17.37],[-64.22,-17.37],[-64.22,-17.37],[-64.22,-17.37],[-64.22,-17.37],[-64.22,-17.37],[-64.22,-17.36],[-64.22,-17.36],[-64.22,-17.36],[-64.21,-17.36],[-64.21,-17.36],[-64.21,-17.36],[-64.21,-17.36],[-64.21,-17.36],[-64.21,-17.36],[-64.21,-17.36],[-64.21,-17.36],[-64.21,-17.35],[-64.21,-17.35],[-64.21,-17.35],[-64.21,-17.35],[-64.21,-17.35],[-64.21,-17.35],[-64.21,-17.35],[-64.21,-17.35],[-64.21,-17.35],[-64.21,-17.35],[-64.2,-17.35],[-64.2,-17.35],[-64.2,-17.35],[-64.2,-17.35],[-64.2,-17.35],[-64.2,-17.35],[-64.2,-17.34],[-64.2,-17.34],[-64.2,-17.34],[-64.2,-17.34],[-64.2,-17.34],[-64.2,-17.34],[-64.19,-17.34],[-64.19,-17.34],[-64.19,-17.34],[-64.19,-17.34],[-64.19,-17.34],[-64.19,-17.34],[-64.19,-17.34],[-64.19,-17.34],[-64.19,-17.34],[-64.19,-17.34],[-64.19,-17.33],[-64.19,-17.33],[-64.19,-17.33],[-64.19,-17.33],[-64.19,-17.33],[-64.19,-17.33],[-64.19,-17.33],[-64.19,-17.33],[-64.19,-17.32],[-64.19,-17.32],[-64.19,-17.32],[-64.19,-17.32],[-64.19,-17.32],[-64.19,-17.32],[-64.19,-17.32],[-64.19,-17.31],[-64.19,-17.31],[-64.19,-17.31],[-64.19,-17.31],[-64.2,-17.31],[-64.2,-17.31],[-64.2,-17.31],[-64.2,-17.31],[-64.2,-17.31],[-64.2,-17.31],[-64.2,-17.31],[-64.2,-17.31],[-64.2,-17.31],[-64.21,-17.31],[-64.21,-17.31],[-64.21,-17.31],[-64.21,-17.3],[-64.21,-17.3],[-64.21,-17.3],[-64.21,-17.3],[-64.21,-17.3],[-64.21,-17.3],[-64.21,-17.3],[-64.21,-17.3],[-64.21,-17.3],[-64.21,-17.3],[-64.2,-17.3],[-64.2,-17.3],[-64.2,-17.3],[-64.2,-17.3],[-64.2,-17.31],[-64.2,-17.31],[-64.2,-17.31],[-64.2,-17.31],[-64.2,-17.31],[-64.2,-17.31],[-64.2,-17.3],[-64.2,-17.3],[-64.2,-17.3],[-64.19,-17.3],[-64.19,-17.3],[-64.19,-17.3],[-64.19,-17.3],[-64.19,-17.3],[-64.19,-17.3],[-64.19,-17.3],[-64.2,-17.3],[-64.2,-17.3],[-64.2,-17.3],[-64.2,-17.3],[-64.2,-17.3],[-64.2,-17.3],[-64.2,-17.3],[-64.2,-17.3],[-64.2,-17.29],[-64.2,-17.29],[-64.2,-17.29],[-64.2,-17.29],[-64.2,-17.29],[-64.2,-17.29],[-64.2,-17.29],[-64.2,-17.29],[-64.2,-17.29],[-64.2,-17.29],[-64.2,-17.29],[-64.19,-17.29],[-64.19,-17.28],[-64.19,-17.28],[-64.19,-17.28],[-64.2,-17.28],[-64.2,-17.28],[-64.2,-17.28],[-64.2,-17.28],[-64.2,-17.28],[-64.2,-17.28],[-64.2,-17.28],[-64.2,-17.28],[-64.21,-17.28],[-64.21,-17.28],[-64.21,-17.28],[-64.21,-17.28],[-64.21,-17.28],[-64.21,-17.28],[-64.21,-17.28],[-64.21,-17.28],[-64.22,-17.28],[-64.22,-17.28],[-64.22,-17.28],[-64.22,-17.28],[-64.22,-17.28],[-64.22,-17.28],[-64.22,-17.27],[-64.21,-17.27],[-64.21,-17.27],[-64.21,-17.27],[-64.21,-17.27],[-64.21,-17.27],[-64.22,-17.27],[-64.22,-17.27],[-64.22,-17.27],[-64.22,-17.27],[-64.22,-17.27],[-64.22,-17.27],[-64.22,-17.27],[-64.22,-17.27],[-64.22,-17.27],[-64.22,-17.27],[-64.23,-17.27],[-64.23,-17.27],[-64.23,-17.27],[-64.23,-17.27],[-64.23,-17.27],[-64.23,-17.27],[-64.23,-17.27],[-64.23,-17.27],[-64.23,-17.26],[-64.23,-17.26],[-64.23,-17.26],[-64.23,-17.26],[-64.23,-17.26],[-64.23,-17.26],[-64.23,-17.26],[-64.23,-17.26],[-64.24,-17.26],[-64.24,-17.26],[-64.24,-17.27],[-64.24,-17.27],[-64.24,-17.27],[-64.24,-17.27],[-64.24,-17.27],[-64.24,-17.27],[-64.24,-17.27],[-64.25,-17.27],[-64.25,-17.27],[-64.25,-17.27],[-64.25,-17.27],[-64.25,-17.27],[-64.25,-17.27],[-64.25,-17.27],[-64.25,-17.27],[-64.26,-17.27],[-64.25,-17.27],[-64.25,-17.28],[-64.25,-17.28],[-64.25,-17.28],[-64.25,-17.28],[-64.26,-17.28],[-64.26,-17.28],[-64.26,-17.28],[-64.26,-17.28],[-64.26,-17.28],[-64.26,-17.28],[-64.26,-17.28],[-64.26,-17.28],[-64.26,-17.27],[-64.26,-17.27],[-64.27,-17.27],[-64.27,-17.27],[-64.27,-17.27],[-64.27,-17.27],[-64.27,-17.28],[-64.27,-17.28],[-64.27,-17.28],[-64.27,-17.28],[-64.27,-17.28],[-64.28,-17.28],[-64.28,-17.28],[-64.28,-17.28],[-64.28,-17.28],[-64.28,-17.27],[-64.28,-17.27],[-64.28,-17.27],[-64.28,-17.27],[-64.28,-17.27],[-64.28,-17.27],[-64.29,-17.26],[-64.29,-17.26],[-64.29,-17.26],[-64.29,-17.26],[-64.29,-17.26],[-64.29,-17.26],[-64.3,-17.26],[-64.3,-17.26],[-64.3,-17.26],[-64.3,-17.26],[-64.3,-17.26],[-64.3,-17.26],[-64.3,-17.26],[-64.3,-17.26],[-64.3,-17.26],[-64.3,-17.26],[-64.3,-17.27],[-64.3,-17.27],[-64.3,-17.27],[-64.3,-17.27],[-64.3,-17.27],[-64.3,-17.27],[-64.3,-17.27],[-64.31,-17.27],[-64.31,-17.27],[-64.31,-17.27],[-64.31,-17.27],[-64.31,-17.27],[-64.31,-17.27],[-64.32,-17.26],[-64.32,-17.26],[-64.32,-17.26],[-64.32,-17.26],[-64.33,-17.26],[-64.33,-17.26],[-64.33,-17.26],[-64.33,-17.26],[-64.34,-17.26],[-64.34,-17.26],[-64.34,-17.26],[-64.34,-17.26],[-64.34,-17.26],[-64.34,-17.26],[-64.34,-17.25],[-64.34,-17.25],[-64.34,-17.25],[-64.33,-17.25],[-64.33,-17.24],[-64.33,-17.24],[-64.33,-17.24],[-64.33,-17.24],[-64.32,-17.24],[-64.32,-17.24],[-64.32,-17.24],[-64.32,-17.24],[-64.32,-17.24],[-64.33,-17.24],[-64.33,-17.24],[-64.33,-17.23],[-64.33,-17.23],[-64.33,-17.23],[-64.33,-17.23],[-64.33,-17.23],[-64.33,-17.23],[-64.33,-17.22],[-64.33,-17.22],[-64.33,-17.22],[-64.33,-17.22],[-64.33,-17.22],[-64.33,-17.22],[-64.33,-17.22],[-64.33,-17.22],[-64.33,-17.22],[-64.33,-17.22],[-64.33,-17.22],[-64.34,-17.22],[-64.34,-17.21],[-64.34,-17.21],[-64.34,-17.21],[-64.34,-17.21],[-64.34,-17.21],[-64.34,-17.21],[-64.34,-17.21],[-64.34,-17.21],[-64.34,-17.21],[-64.34,-17.21],[-64.34,-17.21],[-64.34,-17.21],[-64.35,-17.21],[-64.35,-17.21],[-64.35,-17.22],[-64.35,-17.22],[-64.35,-17.22],[-64.35,-17.22],[-64.35,-17.22],[-64.35,-17.21],[-64.35,-17.21],[-64.36,-17.21],[-64.36,-17.21],[-64.36,-17.21],[-64.36,-17.21],[-64.36,-17.21],[-64.36,-17.22],[-64.36,-17.22],[-64.36,-17.22],[-64.36,-17.22],[-64.36,-17.22],[-64.36,-17.22],[-64.36,-17.23],[-64.36,-17.23],[-64.36,-17.23],[-64.36,-17.23],[-64.36,-17.23],[-64.36,-17.23],[-64.36,-17.22],[-64.36,-17.22],[-64.36,-17.22],[-64.37,-17.22],[-64.37,-17.22],[-64.37,-17.22],[-64.37,-17.22],[-64.37,-17.21],[-64.37,-17.21],[-64.37,-17.21],[-64.37,-17.21],[-64.37,-17.21],[-64.37,-17.21],[-64.37,-17.21],[-64.37,-17.21],[-64.37,-17.2],[-64.37,-17.2],[-64.37,-17.2],[-64.37,-17.2],[-64.38,-17.2],[-64.38,-17.2],[-64.38,-17.2],[-64.38,-17.2],[-64.38,-17.2],[-64.38,-17.2],[-64.38,-17.2],[-64.38,-17.2],[-64.38,-17.2],[-64.38,-17.2],[-64.39,-17.2],[-64.39,-17.2],[-64.39,-17.2],[-64.39,-17.2],[-64.39,-17.2],[-64.39,-17.2],[-64.39,-17.2],[-64.39,-17.2],[-64.39,-17.2],[-64.39,-17.2],[-64.39,-17.2],[-64.39,-17.2],[-64.39,-17.2],[-64.39,-17.19],[-64.39,-17.19],[-64.39,-17.19],[-64.39,-17.19],[-64.39,-17.19],[-64.39,-17.19],[-64.39,-17.19],[-64.39,-17.19],[-64.39,-17.19],[-64.39,-17.19],[-64.39,-17.18],[-64.39,-17.18],[-64.39,-17.18],[-64.39,-17.18],[-64.39,-17.18],[-64.39,-17.18],[-64.38,-17.18],[-64.38,-17.18],[-64.38,-17.18],[-64.38,-17.18],[-64.38,-17.18],[-64.38,-17.19],[-64.38,-17.19],[-64.38,-17.19],[-64.38,-17.19],[-64.38,-17.19],[-64.38,-17.19],[-64.38,-17.19],[-64.38,-17.2],[-64.38,-17.2],[-64.38,-17.2],[-64.37,-17.2],[-64.37,-17.2],[-64.37,-17.2],[-64.37,-17.2],[-64.37,-17.2],[-64.37,-17.2],[-64.37,-17.2],[-64.37,-17.2],[-64.37,-17.2],[-64.37,-17.2],[-64.36,-17.2],[-64.36,-17.2],[-64.36,-17.19],[-64.36,-17.19],[-64.36,-17.19],[-64.36,-17.19],[-64.36,-17.19],[-64.36,-17.19],[-64.36,-17.19],[-64.36,-17.19],[-64.36,-17.19],[-64.36,-17.19],[-64.36,-17.18],[-64.36,-17.18],[-64.36,-17.18],[-64.36,-17.18],[-64.36,-17.18],[-64.36,-17.18],[-64.36,-17.18],[-64.36,-17.18],[-64.37,-17.18],[-64.37,-17.18],[-64.37,-17.18],[-64.37,-17.18],[-64.37,-17.18],[-64.37,-17.18],[-64.37,-17.18],[-64.37,-17.18],[-64.38,-17.18],[-64.38,-17.18],[-64.38,-17.18],[-64.38,-17.18],[-64.38,-17.18],[-64.38,-17.18],[-64.38,-17.18],[-64.38,-17.18],[-64.38,-17.17],[-64.38,-17.17],[-64.38,-17.17],[-64.38,-17.17],[-64.38,-17.17],[-64.38,-17.17],[-64.39,-17.17],[-64.39,-17.17],[-64.39,-17.17],[-64.39,-17.17],[-64.39,-17.17],[-64.39,-17.17],[-64.39,-17.17],[-64.39,-17.17],[-64.39,-17.17],[-64.39,-17.17],[-64.39,-17.17],[-64.39,-17.17],[-64.39,-17.17],[-64.39,-17.17],[-64.39,-17.17],[-64.39,-17.16],[-64.39,-17.16],[-64.39,-17.16],[-64.39,-17.16],[-64.39,-17.16],[-64.39,-17.16],[-64.39,-17.16],[-64.39,-17.16],[-64.39,-17.16],[-64.39,-17.15],[-64.39,-17.15],[-64.39,-17.15],[-64.39,-17.15],[-64.39,-17.15],[-64.39,-17.15],[-64.39,-17.15],[-64.39,-17.15],[-64.4,-17.15],[-64.4,-17.15],[-64.4,-17.16],[-64.4,-17.16],[-64.4,-17.16],[-64.4,-17.16],[-64.4,-17.16],[-64.4,-17.16],[-64.41,-17.16],[-64.41,-17.15],[-64.41,-17.15],[-64.41,-17.15],[-64.41,-17.15],[-64.41,-17.15],[-64.41,-17.15],[-64.4,-17.15],[-64.4,-17.15],[-64.4,-17.15],[-64.4,-17.15],[-64.4,-17.15],[-64.4,-17.15],[-64.4,-17.15],[-64.4,-17.15],[-64.39,-17.15],[-64.39,-17.15],[-64.39,-17.15],[-64.39,-17.14],[-64.39,-17.14],[-64.39,-17.14],[-64.39,-17.14],[-64.39,-17.14],[-64.39,-17.14],[-64.39,-17.14],[-64.39,-17.14],[-64.39,-17.14],[-64.39,-17.14],[-64.4,-17.14],[-64.4,-17.14],[-64.4,-17.14],[-64.4,-17.14],[-64.4,-17.14],[-64.4,-17.14],[-64.4,-17.14],[-64.41,-17.14],[-64.41,-17.15],[-64.41,-17.15],[-64.41,-17.15],[-64.41,-17.15],[-64.41,-17.14],[-64.41,-17.14],[-64.41,-17.14],[-64.41,-17.14],[-64.42,-17.14],[-64.42,-17.14],[-64.42,-17.14],[-64.42,-17.14],[-64.42,-17.14],[-64.42,-17.14],[-64.42,-17.14],[-64.42,-17.14],[-64.42,-17.14],[-64.42,-17.14],[-64.42,-17.14],[-64.42,-17.14],[-64.42,-17.14],[-64.42,-17.14],[-64.42,-17.15],[-64.42,-17.15],[-64.42,-17.15],[-64.42,-17.15],[-64.42,-17.15],[-64.42,-17.15],[-64.43,-17.15],[-64.43,-17.15],[-64.43,-17.15],[-64.43,-17.15],[-64.43,-17.15],[-64.43,-17.15],[-64.43,-17.15],[-64.43,-17.15],[-64.43,-17.15],[-64.43,-17.15],[-64.43,-17.15],[-64.43,-17.15],[-64.43,-17.15],[-64.43,-17.15],[-64.43,-17.14],[-64.43,-17.14],[-64.43,-17.14],[-64.43,-17.14],[-64.43,-17.14],[-64.43,-17.14],[-64.43,-17.14],[-64.43,-17.14],[-64.43,-17.14],[-64.43,-17.14],[-64.43,-17.13],[-64.43,-17.13],[-64.43,-17.13],[-64.43,-17.13],[-64.43,-17.13],[-64.43,-17.13],[-64.43,-17.13],[-64.43,-17.13],[-64.43,-17.13],[-64.44,-17.13],[-64.44,-17.13],[-64.44,-17.13],[-64.44,-17.13],[-64.44,-17.13],[-64.44,-17.13],[-64.44,-17.13],[-64.44,-17.13],[-64.44,-17.13],[-64.45,-17.14],[-64.45,-17.14],[-64.45,-17.14],[-64.45,-17.14],[-64.45,-17.14],[-64.45,-17.14],[-64.46,-17.14],[-64.46,-17.14],[-64.46,-17.14],[-64.46,-17.14],[-64.46,-17.14],[-64.46,-17.14],[-64.46,-17.13],[-64.46,-17.13],[-64.46,-17.13],[-64.46,-17.13],[-64.46,-17.13],[-64.46,-17.13],[-64.47,-17.13],[-64.47,-17.13],[-64.47,-17.13],[-64.47,-17.13],[-64.47,-17.13],[-64.47,-17.13],[-64.47,-17.13],[-64.47,-17.13],[-64.47,-17.13],[-64.47,-17.13],[-64.48,-17.13],[-64.48,-17.13],[-64.48,-17.13],[-64.48,-17.13],[-64.48,-17.13],[-64.48,-17.13],[-64.48,-17.13],[-64.48,-17.13],[-64.49,-17.13],[-64.49,-17.13],[-64.49,-17.13],[-64.49,-17.13],[-64.49,-17.13],[-64.49,-17.13],[-64.49,-17.13],[-64.49,-17.13],[-64.48,-17.13],[-64.48,-17.13],[-64.48,-17.13],[-64.48,-17.12],[-64.48,-17.12],[-64.48,-17.12],[-64.48,-17.12],[-64.48,-17.12],[-64.48,-17.12],[-64.48,-17.12],[-64.48,-17.12],[-64.48,-17.11],[-64.48,-17.11],[-64.48,-17.11],[-64.48,-17.11],[-64.48,-17.11],[-64.48,-17.11],[-64.48,-17.11],[-64.48,-17.11],[-64.48,-17.11],[-64.48,-17.11],[-64.48,-17.11],[-64.48,-17.11],[-64.48,-17.11],[-64.48,-17.11],[-64.48,-17.11],[-64.48,-17.1],[-64.48,-17.1],[-64.48,-17.1],[-64.48,-17.11],[-64.48,-17.11],[-64.48,-17.11],[-64.48,-17.11],[-64.48,-17.11],[-64.49,-17.11],[-64.49,-17.11],[-64.49,-17.11],[-64.49,-17.11],[-64.49,-17.1],[-64.49,-17.1],[-64.49,-17.1],[-64.49,-17.1],[-64.49,-17.1],[-64.49,-17.1],[-64.49,-17.1],[-64.49,-17.1],[-64.49,-17.1],[-64.49,-17.1],[-64.49,-17.09],[-64.49,-17.09],[-64.5,-17.09],[-64.5,-17.09],[-64.5,-17.09],[-64.5,-17.09],[-64.5,-17.09],[-64.5,-17.09],[-64.5,-17.09],[-64.5,-17.09],[-64.51,-17.09],[-64.51,-17.09],[-64.51,-17.09],[-64.51,-17.09],[-64.51,-17.08],[-64.51,-17.08],[-64.52,-17.08],[-64.52,-17.08],[-64.52,-17.08],[-64.52,-17.08],[-64.52,-17.09],[-64.52,-17.09],[-64.52,-17.09],[-64.52,-17.09],[-64.52,-17.09],[-64.52,-17.09],[-64.51,-17.09],[-64.51,-17.09],[-64.51,-17.09],[-64.51,-17.1],[-64.52,-17.09],[-64.52,-17.09],[-64.52,-17.09],[-64.52,-17.09],[-64.52,-17.09],[-64.52,-17.09],[-64.52,-17.09],[-64.52,-17.09],[-64.52,-17.09],[-64.53,-17.09],[-64.53,-17.09],[-64.53,-17.09],[-64.53,-17.09],[-64.53,-17.09],[-64.54,-17.09],[-64.54,-17.09],[-64.54,-17.09],[-64.54,-17.09],[-64.54,-17.09],[-64.54,-17.09],[-64.55,-17.08],[-64.55,-17.08],[-64.55,-17.08],[-64.55,-17.08],[-64.55,-17.08],[-64.55,-17.08],[-64.55,-17.08],[-64.54,-17.07],[-64.54,-17.07],[-64.54,-17.07],[-64.54,-17.07],[-64.54,-17.07],[-64.53,-17.07],[-64.53,-17.07],[-64.53,-17.06],[-64.53,-17.06],[-64.53,-17.06],[-64.53,-17.06],[-64.53,-17.06],[-64.53,-17.06],[-64.52,-17.06],[-64.52,-17.06],[-64.52,-17.06],[-64.52,-17.06],[-64.52,-17.06],[-64.52,-17.06],[-64.52,-17.06],[-64.52,-17.06],[-64.52,-17.06],[-64.52,-17.06],[-64.52,-17.05],[-64.52,-17.05],[-64.52,-17.05],[-64.52,-17.05],[-64.52,-17.05],[-64.53,-17.05],[-64.53,-17.05],[-64.53,-17.05],[-64.54,-17.05],[-64.54,-17.05],[-64.54,-17.05],[-64.54,-17.05],[-64.54,-17.05],[-64.54,-17.05],[-64.55,-17.05],[-64.55,-17.05],[-64.55,-17.05],[-64.55,-17.05],[-64.55,-17.06],[-64.55,-17.06],[-64.55,-17.06],[-64.55,-17.06],[-64.55,-17.06],[-64.55,-17.06],[-64.55,-17.06],[-64.56,-17.06],[-64.56,-17.06],[-64.56,-17.06],[-64.56,-17.06],[-64.56,-17.06],[-64.56,-17.06],[-64.56,-17.06],[-64.57,-17.06],[-64.57,-17.06],[-64.57,-17.06],[-64.57,-17.06],[-64.57,-17.06],[-64.57,-17.05],[-64.57,-17.05],[-64.58,-17.05],[-64.58,-17.05],[-64.58,-17.05],[-64.58,-17.05],[-64.57,-17.05],[-64.57,-17.05],[-64.57,-17.05],[-64.57,-17.04],[-64.57,-17.04],[-64.57,-17.04],[-64.56,-17.04],[-64.56,-17.04],[-64.56,-17.04],[-64.56,-17.04],[-64.56,-17.03],[-64.56,-17.03],[-64.57,-17.03],[-64.57,-17.03],[-64.57,-17.03],[-64.57,-17.03],[-64.57,-17.03],[-64.58,-17.03],[-64.58,-17.03],[-64.58,-17.04],[-64.58,-17.04],[-64.58,-17.04],[-64.58,-17.04],[-64.58,-17.04],[-64.58,-17.05],[-64.58,-17.05],[-64.59,-17.05],[-64.59,-17.05],[-64.59,-17.05],[-64.59,-17.05],[-64.59,-17.04],[-64.6,-17.04],[-64.6,-17.04],[-64.6,-17.04],[-64.6,-17.04],[-64.6,-17.04],[-64.6,-17.04],[-64.6,-17.04],[-64.61,-17.04],[-64.61,-17.04],[-64.61,-17.04],[-64.61,-17.04],[-64.61,-17.03],[-64.61,-17.03],[-64.6,-17.03],[-64.6,-17.03],[-64.6,-17.03],[-64.6,-17.03],[-64.6,-17.03],[-64.6,-17.03],[-64.59,-17.04],[-64.59,-17.04],[-64.59,-17.04],[-64.59,-17.04],[-64.59,-17.04],[-64.59,-17.04],[-64.59,-17.03],[-64.59,-17.03],[-64.59,-17.03],[-64.59,-17.03],[-64.59,-17.03],[-64.59,-17.03],[-64.59,-17.03],[-64.6,-17.02],[-64.6,-17.02],[-64.6,-17.02],[-64.6,-17.02],[-64.61,-17.02],[-64.61,-17.02],[-64.61,-17.02],[-64.61,-17.03],[-64.61,-17.03],[-64.61,-17.03],[-64.61,-17.03],[-64.61,-17.03],[-64.62,-17.03],[-64.62,-17.03],[-64.62,-17.03],[-64.62,-17.03],[-64.62,-17.02],[-64.62,-17.02],[-64.62,-17.02],[-64.62,-17.02],[-64.62,-17.02],[-64.62,-17.02],[-64.62,-17.02],[-64.62,-17.01],[-64.62,-17.01],[-64.62,-17.01],[-64.62,-17.01],[-64.62,-17.01],[-64.63,-17.02],[-64.63,-17.02],[-64.63,-17.02],[-64.63,-17.02],[-64.63,-17.02],[-64.63,-17.02],[-64.62,-17.02],[-64.62,-17.03],[-64.62,-17.03],[-64.62,-17.03],[-64.62,-17.03],[-64.62,-17.03],[-64.63,-17.03],[-64.63,-17.03],[-64.63,-17.04],[-64.63,-17.04],[-64.63,-17.04],[-64.63,-17.03],[-64.64,-17.03],[-64.64,-17.03],[-64.64,-17.03],[-64.64,-17.03],[-64.64,-17.03],[-64.64,-17.03],[-64.64,-17.03],[-64.64,-17.03],[-64.64,-17.03],[-64.64,-17.02],[-64.64,-17.02],[-64.64,-17.02],[-64.64,-17.02],[-64.64,-17.01],[-64.64,-17.01],[-64.64,-17.01],[-64.64,-17.01],[-64.63,-17.01],[-64.63,-17.01],[-64.63,-17.01],[-64.63,-17.01],[-64.63,-17.01],[-64.63,-17.01],[-64.63,-17.01],[-64.63,-17.01],[-64.63,-17.01],[-64.63,-17.01],[-64.63,-17.01],[-64.63,-17],[-64.63,-17],[-64.63,-17],[-64.63,-17],[-64.63,-17],[-64.63,-17],[-64.63,-17],[-64.63,-17],[-64.63,-17],[-64.64,-17],[-64.64,-17],[-64.64,-17],[-64.64,-17],[-64.65,-17],[-64.65,-17],[-64.65,-17],[-64.65,-17],[-64.65,-17],[-64.65,-17],[-64.65,-17],[-64.65,-17],[-64.66,-17],[-64.66,-17],[-64.66,-17],[-64.66,-17],[-64.66,-17],[-64.66,-17],[-64.66,-17.01],[-64.66,-17.01],[-64.66,-17.01],[-64.66,-17.01],[-64.67,-17.01],[-64.67,-17.01],[-64.67,-17.01],[-64.67,-17.01],[-64.67,-17.01],[-64.67,-17.01],[-64.68,-17.01],[-64.68,-17.01],[-64.68,-17.02],[-64.68,-17.02],[-64.68,-17.02],[-64.69,-17.01],[-64.69,-17.01],[-64.69,-17.01],[-64.69,-17.01],[-64.69,-17.01],[-64.69,-17.01],[-64.69,-17],[-64.69,-17],[-64.69,-17],[-64.69,-17],[-64.69,-17],[-64.69,-16.99],[-64.69,-16.99],[-64.68,-16.99],[-64.68,-16.99],[-64.68,-17],[-64.68,-17],[-64.67,-16.99],[-64.67,-16.99],[-64.67,-16.99],[-64.67,-16.99],[-64.67,-16.99],[-64.67,-16.99],[-64.67,-16.99],[-64.68,-16.98],[-64.68,-16.98],[-64.68,-16.98],[-64.68,-16.98],[-64.69,-16.98],[-64.69,-16.98],[-64.69,-16.98],[-64.69,-16.98],[-64.69,-16.98],[-64.7,-16.98],[-64.7,-16.99],[-64.69,-16.99],[-64.69,-16.99],[-64.69,-16.99],[-64.69,-16.99],[-64.7,-17],[-64.7,-17],[-64.7,-17],[-64.7,-17],[-64.7,-17],[-64.7,-17],[-64.71,-16.99],[-64.71,-16.99],[-64.71,-16.99],[-64.71,-16.99],[-64.71,-16.98],[-64.7,-16.98],[-64.7,-16.98],[-64.7,-16.98],[-64.7,-16.98],[-64.7,-16.98],[-64.69,-16.98],[-64.69,-16.98],[-64.69,-16.98],[-64.69,-16.97],[-64.69,-16.97],[-64.69,-16.97],[-64.69,-16.97],[-64.68,-16.97],[-64.68,-16.97],[-64.68,-16.97],[-64.68,-16.97],[-64.68,-16.97],[-64.68,-16.97],[-64.67,-16.97],[-64.67,-16.97],[-64.67,-16.97],[-64.67,-16.97],[-64.67,-16.97],[-64.68,-16.96],[-64.68,-16.96],[-64.68,-16.96],[-64.69,-16.96],[-64.69,-16.96],[-64.69,-16.96],[-64.69,-16.95],[-64.7,-16.95],[-64.7,-16.95],[-64.7,-16.95],[-64.7,-16.95],[-64.7,-16.95],[-64.7,-16.96],[-64.7,-16.96],[-64.7,-16.96],[-64.7,-16.96],[-64.7,-16.97],[-64.7,-16.97],[-64.71,-16.97],[-64.71,-16.97],[-64.71,-16.97],[-64.71,-16.97],[-64.72,-16.96],[-64.72,-16.96],[-64.72,-16.96],[-64.72,-16.96],[-64.71,-16.96],[-64.71,-16.95],[-64.71,-16.95],[-64.71,-16.95],[-64.71,-16.95],[-64.71,-16.94],[-64.71,-16.94],[-64.71,-16.94],[-64.71,-16.94],[-64.71,-16.94],[-64.72,-16.94],[-64.72,-16.94],[-64.72,-16.95],[-64.72,-16.95],[-64.72,-16.95],[-64.73,-16.95],[-64.73,-16.95],[-64.73,-16.95],[-64.73,-16.95],[-64.73,-16.95],[-64.74,-16.94],[-64.74,-16.94],[-64.74,-16.94],[-64.74,-16.94],[-64.74,-16.94],[-64.75,-16.94],[-64.75,-16.94],[-64.75,-16.94],[-64.75,-16.94],[-64.74,-16.94],[-64.74,-16.94],[-64.74,-16.94],[-64.74,-16.94],[-64.74,-16.94],[-64.73,-16.93],[-64.73,-16.93],[-64.74,-16.93],[-64.74,-16.93],[-64.74,-16.92],[-64.74,-16.92],[-64.74,-16.92],[-64.74,-16.92],[-64.73,-16.92],[-64.73,-16.92],[-64.73,-16.92],[-64.73,-16.93],[-64.72,-16.93],[-64.72,-16.92],[-64.72,-16.92],[-64.72,-16.92],[-64.72,-16.92],[-64.72,-16.92],[-64.72,-16.92],[-64.72,-16.92],[-64.73,-16.91],[-64.73,-16.91],[-64.73,-16.91],[-64.73,-16.91],[-64.74,-16.91],[-64.74,-16.91],[-64.74,-16.92],[-64.74,-16.92],[-64.74,-16.92],[-64.75,-16.91],[-64.75,-16.91],[-64.75,-16.91],[-64.75,-16.91],[-64.75,-16.91],[-64.74,-16.9],[-64.74,-16.9],[-64.74,-16.9],[-64.74,-16.9],[-64.73,-16.9],[-64.73,-16.9],[-64.73,-16.9],[-64.73,-16.89],[-64.73,-16.89],[-64.73,-16.89],[-64.73,-16.89],[-64.73,-16.88],[-64.73,-16.88],[-64.73,-16.88],[-64.74,-16.88],[-64.74,-16.89],[-64.74,-16.89],[-64.74,-16.89],[-64.74,-16.89],[-64.75,-16.89],[-64.75,-16.89],[-64.75,-16.89],[-64.75,-16.89],[-64.75,-16.89],[-64.75,-16.89],[-64.76,-16.89],[-64.76,-16.89],[-64.76,-16.89],[-64.76,-16.89],[-64.76,-16.89],[-64.76,-16.89],[-64.76,-16.88],[-64.76,-16.88],[-64.75,-16.88],[-64.75,-16.88],[-64.75,-16.88],[-64.75,-16.88],[-64.75,-16.88],[-64.75,-16.88],[-64.74,-16.88],[-64.74,-16.88],[-64.74,-16.87],[-64.74,-16.87],[-64.74,-16.87],[-64.74,-16.87],[-64.74,-16.87],[-64.74,-16.87],[-64.74,-16.86],[-64.74,-16.86],[-64.74,-16.86],[-64.74,-16.86],[-64.74,-16.86],[-64.74,-16.86],[-64.75,-16.87],[-64.75,-16.87],[-64.75,-16.87],[-64.75,-16.87],[-64.75,-16.87],[-64.76,-16.87],[-64.76,-16.87],[-64.76,-16.87],[-64.76,-16.87],[-64.76,-16.87],[-64.77,-16.87],[-64.77,-16.87],[-64.77,-16.87],[-64.77,-16.87],[-64.77,-16.87],[-64.77,-16.86],[-64.76,-16.86],[-64.76,-16.86],[-64.76,-16.86],[-64.76,-16.86],[-64.76,-16.86],[-64.75,-16.86],[-64.75,-16.86],[-64.75,-16.86],[-64.75,-16.86],[-64.75,-16.86],[-64.75,-16.86],[-64.74,-16.86],[-64.74,-16.86],[-64.74,-16.86],[-64.74,-16.86],[-64.74,-16.85],[-64.74,-16.85],[-64.74,-16.85],[-64.74,-16.85],[-64.74,-16.85],[-64.75,-16.85],[-64.75,-16.85],[-64.75,-16.85],[-64.75,-16.85],[-64.75,-16.85],[-64.75,-16.85],[-64.76,-16.85],[-64.76,-16.85],[-64.76,-16.85],[-64.76,-16.85],[-64.76,-16.85],[-64.76,-16.85],[-64.76,-16.85],[-64.77,-16.85],[-64.77,-16.85],[-64.77,-16.85],[-64.77,-16.85],[-64.77,-16.85],[-64.77,-16.85],[-64.78,-16.85],[-64.78,-16.85],[-64.78,-16.86],[-64.78,-16.86],[-64.78,-16.86],[-64.78,-16.86],[-64.78,-16.86],[-64.78,-16.86],[-64.78,-16.86],[-64.78,-16.87],[-64.78,-16.87],[-64.78,-16.87],[-64.78,-16.87],[-64.78,-16.87],[-64.78,-16.86],[-64.78,-16.86],[-64.78,-16.86],[-64.78,-16.86],[-64.78,-16.86],[-64.78,-16.85],[-64.78,-16.85],[-64.78,-16.85],[-64.78,-16.85],[-64.78,-16.85],[-64.78,-16.85],[-64.77,-16.85],[-64.77,-16.85],[-64.77,-16.84],[-64.77,-16.84],[-64.77,-16.84],[-64.77,-16.84],[-64.77,-16.84],[-64.76,-16.84],[-64.76,-16.84],[-64.76,-16.84],[-64.76,-16.84],[-64.76,-16.84],[-64.76,-16.83],[-64.76,-16.83],[-64.76,-16.83],[-64.77,-16.83],[-64.77,-16.83],[-64.77,-16.83],[-64.77,-16.83],[-64.77,-16.82],[-64.77,-16.82],[-64.78,-16.82],[-64.78,-16.82],[-64.78,-16.82],[-64.78,-16.82],[-64.78,-16.82],[-64.78,-16.83],[-64.78,-16.83],[-64.78,-16.83],[-64.78,-16.83],[-64.78,-16.83],[-64.78,-16.83],[-64.78,-16.84],[-64.78,-16.84],[-64.78,-16.84],[-64.78,-16.84],[-64.78,-16.84],[-64.78,-16.84],[-64.78,-16.84],[-64.78,-16.84],[-64.79,-16.84],[-64.79,-16.84],[-64.79,-16.84],[-64.79,-16.83],[-64.79,-16.83],[-64.79,-16.83],[-64.79,-16.83],[-64.79,-16.83],[-64.79,-16.82],[-64.79,-16.82],[-64.79,-16.82],[-64.79,-16.82],[-64.79,-16.82],[-64.79,-16.82],[-64.78,-16.81],[-64.78,-16.81],[-64.78,-16.81],[-64.78,-16.81],[-64.78,-16.8],[-64.78,-16.8],[-64.78,-16.8],[-64.78,-16.8],[-64.78,-16.8],[-64.78,-16.79],[-64.79,-16.79],[-64.79,-16.79],[-64.79,-16.79],[-64.79,-16.79],[-64.79,-16.79],[-64.79,-16.79],[-64.8,-16.79],[-64.8,-16.79],[-64.8,-16.79],[-64.8,-16.79],[-64.8,-16.79],[-64.8,-16.78],[-64.8,-16.78],[-64.81,-16.78],[-64.81,-16.78],[-64.81,-16.78],[-64.81,-16.78],[-64.81,-16.77],[-64.81,-16.77],[-64.81,-16.77],[-64.81,-16.77],[-64.81,-16.77],[-64.81,-16.77],[-64.81,-16.77],[-64.81,-16.77],[-64.8,-16.77],[-64.8,-16.77],[-64.8,-16.77],[-64.8,-16.77],[-64.8,-16.77],[-64.8,-16.76],[-64.8,-16.76],[-64.8,-16.76],[-64.8,-16.76],[-64.8,-16.76],[-64.81,-16.76],[-64.81,-16.76],[-64.81,-16.76],[-64.81,-16.76],[-64.82,-16.76],[-64.82,-16.76],[-64.82,-16.77],[-64.82,-16.77],[-64.82,-16.77],[-64.83,-16.77],[-64.83,-16.77],[-64.83,-16.77],[-64.83,-16.77],[-64.83,-16.77],[-64.83,-16.76],[-64.83,-16.76],[-64.83,-16.76],[-64.83,-16.76],[-64.83,-16.75],[-64.83,-16.75],[-64.83,-16.75],[-64.83,-16.75],[-64.83,-16.75],[-64.82,-16.75],[-64.82,-16.75],[-64.82,-16.75],[-64.82,-16.75],[-64.82,-16.75],[-64.82,-16.75],[-64.81,-16.75],[-64.81,-16.75],[-64.81,-16.75],[-64.81,-16.75],[-64.81,-16.75],[-64.81,-16.75],[-64.81,-16.75],[-64.81,-16.74],[-64.81,-16.74],[-64.82,-16.74],[-64.82,-16.74],[-64.82,-16.74],[-64.83,-16.74],[-64.83,-16.74],[-64.83,-16.74],[-64.84,-16.74],[-64.84,-16.74],[-64.84,-16.73],[-64.84,-16.73],[-64.84,-16.73],[-64.84,-16.73],[-64.83,-16.72],[-64.83,-16.72],[-64.83,-16.72],[-64.83,-16.72],[-64.82,-16.72],[-64.82,-16.72],[-64.82,-16.73],[-64.82,-16.73],[-64.82,-16.73],[-64.81,-16.73],[-64.81,-16.73],[-64.81,-16.73],[-64.8,-16.73],[-64.8,-16.73],[-64.8,-16.74],[-64.8,-16.74],[-64.8,-16.74],[-64.79,-16.74],[-64.79,-16.74],[-64.79,-16.74],[-64.79,-16.74],[-64.79,-16.74],[-64.78,-16.74],[-64.78,-16.74],[-64.78,-16.73],[-64.78,-16.73],[-64.78,-16.73],[-64.78,-16.72],[-64.78,-16.72],[-64.78,-16.72],[-64.78,-16.72],[-64.78,-16.71],[-64.79,-16.71],[-64.79,-16.71],[-64.79,-16.71],[-64.79,-16.71],[-64.8,-16.71],[-64.8,-16.71],[-64.8,-16.71],[-64.8,-16.7],[-64.8,-16.7],[-64.8,-16.7],[-64.8,-16.7],[-64.8,-16.69],[-64.8,-16.69],[-64.8,-16.69],[-64.79,-16.69],[-64.79,-16.68],[-64.79,-16.68],[-64.79,-16.68],[-64.79,-16.68],[-64.79,-16.68],[-64.79,-16.67],[-64.79,-16.67],[-64.79,-16.67],[-64.79,-16.67],[-64.79,-16.67],[-64.78,-16.66],[-64.78,-16.66],[-64.78,-16.66],[-64.78,-16.66],[-64.78,-16.66],[-64.78,-16.66],[-64.78,-16.66],[-64.78,-16.66],[-64.78,-16.66],[-64.77,-16.66],[-64.77,-16.66],[-64.77,-16.66],[-64.77,-16.66],[-64.77,-16.66],[-64.77,-16.66],[-64.77,-16.66],[-64.77,-16.67],[-64.77,-16.67],[-64.77,-16.67],[-64.77,-16.67],[-64.77,-16.67],[-64.77,-16.67],[-64.77,-16.68],[-64.77,-16.68],[-64.77,-16.68],[-64.76,-16.67],[-64.76,-16.67],[-64.76,-16.67],[-64.76,-16.67],[-64.76,-16.67],[-64.76,-16.67],[-64.76,-16.67],[-64.76,-16.67],[-64.76,-16.66],[-64.75,-16.66],[-64.75,-16.66],[-64.76,-16.66],[-64.76,-16.66],[-64.76,-16.66],[-64.76,-16.65],[-64.76,-16.65],[-64.76,-16.65],[-64.76,-16.65],[-64.76,-16.65],[-64.76,-16.65],[-64.76,-16.65],[-64.76,-16.65],[-64.75,-16.65],[-64.75,-16.65],[-64.75,-16.65],[-64.75,-16.64],[-64.75,-16.64],[-64.75,-16.64],[-64.75,-16.64],[-64.74,-16.64],[-64.74,-16.64],[-64.74,-16.65],[-64.74,-16.65],[-64.74,-16.65],[-64.74,-16.65],[-64.73,-16.65],[-64.73,-16.65],[-64.73,-16.65],[-64.73,-16.64],[-64.73,-16.64],[-64.73,-16.64],[-64.73,-16.64],[-64.73,-16.64],[-64.73,-16.64],[-64.73,-16.64],[-64.73,-16.64],[-64.73,-16.64],[-64.74,-16.64],[-64.74,-16.63],[-64.74,-16.63],[-64.75,-16.63],[-64.75,-16.63],[-64.75,-16.63],[-64.75,-16.63],[-64.75,-16.63],[-64.75,-16.63],[-64.76,-16.63],[-64.76,-16.63],[-64.75,-16.62],[-64.75,-16.62],[-64.75,-16.62],[-64.75,-16.62],[-64.76,-16.62],[-64.76,-16.62],[-64.76,-16.61],[-64.76,-16.61],[-64.76,-16.61],[-64.76,-16.62],[-64.76,-16.62],[-64.77,-16.62],[-64.77,-16.62],[-64.77,-16.62],[-64.77,-16.63],[-64.76,-16.63],[-64.76,-16.63],[-64.76,-16.63],[-64.76,-16.63],[-64.76,-16.64],[-64.77,-16.64],[-64.77,-16.64],[-64.77,-16.64],[-64.77,-16.64],[-64.78,-16.64],[-64.78,-16.64],[-64.78,-16.63],[-64.78,-16.63],[-64.78,-16.63],[-64.78,-16.63],[-64.78,-16.62],[-64.78,-16.62],[-64.78,-16.62],[-64.78,-16.62],[-64.78,-16.61],[-64.78,-16.61],[-64.78,-16.61],[-64.78,-16.61],[-64.78,-16.61],[-64.77,-16.61],[-64.77,-16.61],[-64.77,-16.6],[-64.77,-16.6],[-64.77,-16.6],[-64.76,-16.6],[-64.76,-16.6],[-64.76,-16.6],[-64.76,-16.59],[-64.75,-16.59],[-64.75,-16.59],[-64.75,-16.59],[-64.75,-16.59],[-64.75,-16.59],[-64.75,-16.58],[-64.75,-16.58],[-64.75,-16.58],[-64.75,-16.58],[-64.75,-16.58],[-64.75,-16.58],[-64.75,-16.58],[-64.75,-16.58],[-64.75,-16.58],[-64.75,-16.57],[-64.75,-16.57],[-64.75,-16.57],[-64.75,-16.57],[-64.75,-16.57],[-64.74,-16.57],[-64.74,-16.57],[-64.74,-16.57],[-64.74,-16.57],[-64.74,-16.56],[-64.74,-16.56],[-64.75,-16.56],[-64.75,-16.56],[-64.75,-16.56],[-64.75,-16.56],[-64.75,-16.56],[-64.76,-16.56],[-64.76,-16.56],[-64.76,-16.56],[-64.76,-16.56],[-64.76,-16.56],[-64.76,-16.56],[-64.76,-16.55],[-64.76,-16.55],[-64.76,-16.55],[-64.76,-16.55],[-64.76,-16.55],[-64.76,-16.55],[-64.77,-16.55],[-64.77,-16.55],[-64.77,-16.55],[-64.77,-16.55],[-64.78,-16.55],[-64.78,-16.55],[-64.78,-16.55],[-64.78,-16.55],[-64.79,-16.54],[-64.79,-16.54],[-64.79,-16.54],[-64.79,-16.54],[-64.79,-16.54],[-64.79,-16.54],[-64.79,-16.54],[-64.79,-16.54],[-64.78,-16.53],[-64.78,-16.53],[-64.78,-16.53],[-64.78,-16.53],[-64.78,-16.53],[-64.78,-16.53],[-64.78,-16.53],[-64.78,-16.52],[-64.78,-16.52],[-64.78,-16.52],[-64.78,-16.52],[-64.78,-16.52],[-64.78,-16.51],[-64.78,-16.51],[-64.78,-16.51],[-64.77,-16.51],[-64.77,-16.51],[-64.77,-16.51],[-64.77,-16.51],[-64.76,-16.51],[-64.76,-16.51],[-64.76,-16.52],[-64.76,-16.52],[-64.76,-16.52],[-64.76,-16.52],[-64.76,-16.53],[-64.76,-16.53],[-64.76,-16.53],[-64.76,-16.53],[-64.76,-16.54],[-64.76,-16.54],[-64.76,-16.54],[-64.76,-16.54],[-64.76,-16.54],[-64.76,-16.54],[-64.76,-16.54],[-64.75,-16.54],[-64.75,-16.54],[-64.75,-16.54],[-64.75,-16.54],[-64.75,-16.54],[-64.75,-16.54],[-64.75,-16.54],[-64.74,-16.53],[-64.74,-16.53],[-64.74,-16.53],[-64.74,-16.53],[-64.74,-16.53],[-64.74,-16.53],[-64.74,-16.53],[-64.74,-16.53],[-64.74,-16.52],[-64.74,-16.52],[-64.74,-16.52],[-64.74,-16.52],[-64.75,-16.52],[-64.75,-16.51],[-64.75,-16.51],[-64.75,-16.51],[-64.75,-16.51],[-64.75,-16.51],[-64.75,-16.51],[-64.74,-16.51],[-64.74,-16.51],[-64.74,-16.51],[-64.74,-16.5],[-64.74,-16.5],[-64.74,-16.5],[-64.73,-16.5],[-64.73,-16.5],[-64.73,-16.5],[-64.73,-16.5],[-64.73,-16.5],[-64.72,-16.5],[-64.72,-16.5],[-64.72,-16.51],[-64.72,-16.51],[-64.72,-16.51],[-64.72,-16.51],[-64.72,-16.51],[-64.72,-16.51],[-64.72,-16.52],[-64.72,-16.52],[-64.72,-16.52],[-64.72,-16.52],[-64.72,-16.52],[-64.72,-16.52],[-64.72,-16.53],[-64.72,-16.53],[-64.72,-16.53],[-64.72,-16.53],[-64.72,-16.53],[-64.72,-16.53],[-64.71,-16.53],[-64.71,-16.53],[-64.71,-16.53],[-64.71,-16.53],[-64.71,-16.53],[-64.71,-16.53],[-64.71,-16.53],[-64.7,-16.53],[-64.7,-16.52],[-64.7,-16.52],[-64.7,-16.52],[-64.7,-16.52],[-64.7,-16.52],[-64.7,-16.52],[-64.7,-16.51],[-64.7,-16.51],[-64.7,-16.51],[-64.7,-16.51],[-64.7,-16.51],[-64.7,-16.51],[-64.7,-16.51],[-64.71,-16.5],[-64.71,-16.5],[-64.71,-16.5],[-64.71,-16.5],[-64.71,-16.5],[-64.71,-16.49],[-64.7,-16.49],[-64.7,-16.49],[-64.7,-16.49],[-64.69,-16.49],[-64.69,-16.49],[-64.69,-16.49],[-64.69,-16.48],[-64.69,-16.48],[-64.69,-16.48],[-64.7,-16.48],[-64.7,-16.48],[-64.7,-16.48],[-64.71,-16.48],[-64.71,-16.48],[-64.71,-16.47],[-64.71,-16.47],[-64.71,-16.47],[-64.7,-16.47],[-64.7,-16.47],[-64.7,-16.47],[-64.7,-16.47],[-64.69,-16.47],[-64.69,-16.47],[-64.69,-16.47],[-64.69,-16.47],[-64.68,-16.47],[-64.68,-16.47],[-64.68,-16.47],[-64.67,-16.47],[-64.67,-16.47],[-64.67,-16.47],[-64.67,-16.47],[-64.67,-16.46],[-64.68,-16.46],[-64.68,-16.46],[-64.68,-16.45],[-64.68,-16.45],[-64.68,-16.45],[-64.68,-16.45],[-64.68,-16.45],[-64.68,-16.44],[-64.68,-16.44],[-64.68,-16.44],[-64.68,-16.44],[-64.68,-16.43],[-64.68,-16.43],[-64.68,-16.43],[-64.68,-16.43],[-64.68,-16.43],[-64.68,-16.43],[-64.68,-16.43],[-64.68,-16.43],[-64.69,-16.43],[-64.69,-16.42],[-64.69,-16.42],[-64.69,-16.42],[-64.69,-16.42],[-64.69,-16.42],[-64.69,-16.42],[-64.69,-16.42],[-64.69,-16.41],[-64.69,-16.41],[-64.69,-16.41],[-64.68,-16.41],[-64.68,-16.4],[-64.68,-16.4],[-64.67,-16.4],[-64.67,-16.4],[-64.67,-16.39],[-64.67,-16.39],[-64.67,-16.39],[-64.67,-16.39],[-64.66,-16.38],[-64.66,-16.38],[-64.66,-16.38],[-64.66,-16.38],[-64.66,-16.38],[-64.66,-16.38],[-64.65,-16.37],[-64.65,-16.37],[-64.65,-16.37],[-64.66,-16.37],[-64.66,-16.37],[-64.66,-16.37],[-64.66,-16.37],[-64.67,-16.37],[-64.67,-16.37],[-64.67,-16.37],[-64.67,-16.37],[-64.68,-16.37],[-64.68,-16.37],[-64.68,-16.38],[-64.68,-16.38],[-64.68,-16.38],[-64.69,-16.38],[-64.69,-16.38],[-64.69,-16.38],[-64.69,-16.38],[-64.69,-16.38],[-64.69,-16.38],[-64.69,-16.38],[-64.7,-16.38],[-64.7,-16.38],[-64.7,-16.38],[-64.7,-16.38],[-64.7,-16.38],[-64.71,-16.38],[-64.71,-16.38],[-64.71,-16.37],[-64.71,-16.37],[-64.71,-16.37],[-64.7,-16.37],[-64.7,-16.37],[-64.7,-16.37],[-64.7,-16.37],[-64.7,-16.37],[-64.69,-16.37],[-64.69,-16.37],[-64.69,-16.37],[-64.69,-16.37],[-64.69,-16.37],[-64.69,-16.37],[-64.69,-16.37],[-64.69,-16.36],[-64.69,-16.36],[-64.69,-16.36],[-64.69,-16.36],[-64.7,-16.36],[-64.7,-16.36],[-64.7,-16.36],[-64.7,-16.35],[-64.7,-16.35],[-64.7,-16.35],[-64.7,-16.35],[-64.7,-16.35],[-64.69,-16.34],[-64.69,-16.34],[-64.69,-16.34],[-64.68,-16.34],[-64.68,-16.35],[-64.68,-16.35],[-64.68,-16.35],[-64.68,-16.35],[-64.68,-16.36],[-64.68,-16.36],[-64.67,-16.36],[-64.67,-16.36],[-64.67,-16.36],[-64.67,-16.36],[-64.67,-16.36],[-64.67,-16.36],[-64.66,-16.35],[-64.67,-16.35],[-64.67,-16.35],[-64.66,-16.34],[-64.66,-16.34],[-64.66,-16.34],[-64.66,-16.33],[-64.66,-16.33],[-64.66,-16.33],[-64.66,-16.33],[-64.66,-16.33],[-64.65,-16.33],[-64.65,-16.33],[-64.65,-16.33],[-64.65,-16.32],[-64.65,-16.32],[-64.65,-16.32],[-64.65,-16.32],[-64.65,-16.32],[-64.65,-16.32],[-64.65,-16.31],[-64.66,-16.31],[-64.66,-16.32],[-64.66,-16.32],[-64.66,-16.32],[-64.67,-16.32],[-64.67,-16.32],[-64.67,-16.32],[-64.67,-16.32],[-64.67,-16.31],[-64.67,-16.31],[-64.67,-16.31],[-64.67,-16.31],[-64.67,-16.31],[-64.67,-16.3],[-64.67,-16.3],[-64.66,-16.3],[-64.66,-16.3],[-64.66,-16.3],[-64.66,-16.3],[-64.65,-16.3],[-64.65,-16.3],[-64.65,-16.29],[-64.65,-16.29],[-64.65,-16.29],[-64.65,-16.29],[-64.66,-16.29],[-64.66,-16.29],[-64.66,-16.28],[-64.66,-16.28],[-64.67,-16.28],[-64.67,-16.28],[-64.67,-16.28],[-64.67,-16.28],[-64.67,-16.29],[-64.67,-16.29],[-64.68,-16.29],[-64.68,-16.29],[-64.68,-16.29],[-64.68,-16.29],[-64.68,-16.29],[-64.68,-16.28],[-64.68,-16.28],[-64.68,-16.28],[-64.68,-16.27],[-64.68,-16.27],[-64.68,-16.27],[-64.68,-16.26],[-64.68,-16.26],[-64.68,-16.26],[-64.68,-16.26],[-64.69,-16.27],[-64.69,-16.27],[-64.69,-16.27],[-64.69,-16.28],[-64.69,-16.28],[-64.69,-16.28],[-64.69,-16.28],[-64.69,-16.28],[-64.7,-16.28],[-64.7,-16.28],[-64.7,-16.28],[-64.7,-16.28],[-64.7,-16.28],[-64.7,-16.27],[-64.7,-16.27],[-64.7,-16.27],[-64.7,-16.27],[-64.7,-16.26],[-64.71,-16.26],[-64.71,-16.26],[-64.71,-16.26],[-64.71,-16.26],[-64.71,-16.26],[-64.71,-16.26],[-64.71,-16.25],[-64.71,-16.25],[-64.7,-16.25],[-64.7,-16.25],[-64.7,-16.25],[-64.7,-16.25],[-64.7,-16.25],[-64.7,-16.25],[-64.7,-16.24],[-64.7,-16.24],[-64.7,-16.24],[-64.7,-16.23],[-64.7,-16.23],[-64.7,-16.23],[-64.69,-16.23],[-64.69,-16.23],[-64.69,-16.23],[-64.69,-16.23],[-64.69,-16.23],[-64.68,-16.23],[-64.68,-16.23],[-64.68,-16.23],[-64.68,-16.23],[-64.68,-16.23],[-64.68,-16.23],[-64.67,-16.23],[-64.67,-16.23],[-64.67,-16.22],[-64.67,-16.22],[-64.67,-16.22],[-64.67,-16.22],[-64.67,-16.21],[-64.67,-16.21],[-64.67,-16.21],[-64.67,-16.21],[-64.67,-16.2],[-64.67,-16.2],[-64.68,-16.2],[-64.68,-16.2],[-64.68,-16.2],[-64.68,-16.2],[-64.69,-16.19],[-64.69,-16.19],[-64.69,-16.19],[-64.7,-16.19],[-64.7,-16.19],[-64.7,-16.19],[-64.7,-16.18],[-64.7,-16.18],[-64.7,-16.18],[-64.7,-16.18],[-64.7,-16.18],[-64.7,-16.17],[-64.7,-16.17],[-64.7,-16.17],[-64.7,-16.17],[-64.7,-16.17],[-64.7,-16.17],[-64.7,-16.16],[-64.71,-16.16],[-64.71,-16.16],[-64.71,-16.16],[-64.71,-16.16],[-64.7,-16.16],[-64.7,-16.16],[-64.7,-16.16],[-64.7,-16.16],[-64.7,-16.16],[-64.7,-16.16],[-64.7,-16.16],[-64.69,-16.16],[-64.69,-16.16],[-64.69,-16.16],[-64.69,-16.17],[-64.69,-16.17],[-64.69,-16.17],[-64.69,-16.17],[-64.69,-16.17],[-64.69,-16.18],[-64.69,-16.18],[-64.69,-16.18],[-64.69,-16.18],[-64.69,-16.18],[-64.69,-16.18],[-64.68,-16.18],[-64.68,-16.17],[-64.68,-16.17],[-64.68,-16.17],[-64.68,-16.17],[-64.68,-16.17],[-64.68,-16.16],[-64.68,-16.16],[-64.67,-16.15],[-64.67,-16.15],[-64.67,-16.14],[-64.67,-16.14],[-64.67,-16.14],[-64.67,-16.14],[-64.67,-16.14],[-64.67,-16.14],[-64.68,-16.14],[-64.68,-16.14],[-64.68,-16.14],[-64.68,-16.14],[-64.68,-16.14],[-64.69,-16.14],[-64.69,-16.14],[-64.69,-16.14],[-64.69,-16.14],[-64.69,-16.14],[-64.69,-16.14],[-64.69,-16.14],[-64.69,-16.14],[-64.69,-16.13],[-64.69,-16.13],[-64.68,-16.13],[-64.68,-16.13],[-64.68,-16.13],[-64.68,-16.13],[-64.68,-16.13],[-64.68,-16.13],[-64.68,-16.13],[-64.68,-16.12],[-64.68,-16.12],[-64.68,-16.12],[-64.68,-16.12],[-64.68,-16.12],[-64.68,-16.11],[-64.68,-16.11],[-64.67,-16.11],[-64.67,-16.11],[-64.67,-16.11],[-64.67,-16.11],[-64.67,-16.1],[-64.67,-16.1],[-64.67,-16.1],[-64.67,-16.1],[-64.67,-16.1],[-64.67,-16.1],[-64.67,-16.1],[-64.67,-16.1],[-64.68,-16.1],[-64.68,-16.1],[-64.68,-16.1],[-64.68,-16.1],[-64.68,-16.11],[-64.68,-16.11],[-64.68,-16.11],[-64.68,-16.11],[-64.69,-16.11],[-64.69,-16.11],[-64.69,-16.1],[-64.69,-16.1],[-64.69,-16.1],[-64.69,-16.1],[-64.69,-16.1],[-64.69,-16.09],[-64.69,-16.09],[-64.69,-16.09],[-64.69,-16.09],[-64.69,-16.09],[-64.7,-16.09],[-64.7,-16.09],[-64.7,-16.09],[-64.7,-16.09],[-64.7,-16.08],[-64.7,-16.08],[-64.71,-16.08],[-64.71,-16.08],[-64.71,-16.08],[-64.71,-16.08],[-64.71,-16.08],[-64.72,-16.08],[-64.72,-16.08],[-64.72,-16.08],[-64.72,-16.08],[-64.72,-16.08],[-64.73,-16.08],[-64.73,-16.08],[-64.73,-16.08],[-64.73,-16.08],[-64.73,-16.07],[-64.73,-16.07],[-64.72,-16.07],[-64.72,-16.07],[-64.72,-16.07],[-64.72,-16.07],[-64.72,-16.07],[-64.72,-16.07],[-64.72,-16.07],[-64.72,-16.07],[-64.72,-16.07],[-64.71,-16.06],[-64.71,-16.06],[-64.71,-16.06],[-64.71,-16.06],[-64.71,-16.06],[-64.71,-16.06],[-64.71,-16.06],[-64.7,-16.07],[-64.7,-16.07],[-64.7,-16.07],[-64.7,-16.07],[-64.7,-16.07],[-64.7,-16.08],[-64.7,-16.08],[-64.7,-16.08],[-64.7,-16.08],[-64.7,-16.08],[-64.69,-16.07],[-64.69,-16.07],[-64.69,-16.07],[-64.69,-16.07],[-64.69,-16.07],[-64.69,-16.07],[-64.69,-16.06],[-64.69,-16.06],[-64.69,-16.06],[-64.69,-16.06],[-64.69,-16.06],[-64.7,-16.06],[-64.7,-16.06],[-64.7,-16.06],[-64.7,-16.06],[-64.71,-16.06],[-64.71,-16.05],[-64.71,-16.05],[-64.71,-16.05],[-64.71,-16.05],[-64.71,-16.04],[-64.71,-16.04],[-64.71,-16.04],[-64.7,-16.04],[-64.7,-16.04],[-64.7,-16.03],[-64.7,-16.03],[-64.7,-16.03],[-64.71,-16.03],[-64.71,-16.02],[-64.71,-16.02],[-64.71,-16.02],[-64.71,-16.02],[-64.71,-16.02],[-64.71,-16.02],[-64.72,-16.02],[-64.72,-16.02],[-64.72,-16.02],[-64.72,-16.02],[-64.72,-16.02],[-64.72,-16.03],[-64.72,-16.03],[-64.72,-16.03],[-64.73,-16.03],[-64.73,-16.03],[-64.73,-16.03],[-64.73,-16.03],[-64.73,-16.03],[-64.73,-16.02],[-64.73,-16.02],[-64.73,-16.02],[-64.73,-16.01],[-64.73,-16.01],[-64.72,-16.01],[-64.72,-16.01],[-64.72,-16.01],[-64.71,-16.01],[-64.71,-16.01],[-64.71,-16.01],[-64.71,-16.01],[-64.71,-16.01],[-64.7,-16.01],[-64.7,-16],[-64.7,-16],[-64.7,-16],[-64.7,-16],[-64.7,-16],[-64.71,-16],[-64.71,-16],[-64.72,-16],[-64.72,-16],[-64.72,-16],[-64.72,-16],[-64.72,-16],[-64.73,-16],[-64.73,-16],[-64.73,-16],[-64.73,-16],[-64.73,-15.99],[-64.73,-15.99],[-64.73,-15.99],[-64.73,-15.99],[-64.73,-15.99],[-64.72,-15.98],[-64.71,-15.98],[-64.71,-15.97],[-64.71,-15.97],[-64.71,-15.97],[-64.71,-15.96],[-64.71,-15.96],[-64.71,-15.96],[-64.72,-15.96],[-64.72,-15.96],[-64.72,-15.97],[-64.72,-15.97],[-64.73,-15.98],[-64.73,-15.98],[-64.73,-15.98],[-64.73,-15.98],[-64.74,-15.98],[-64.74,-15.98],[-64.74,-15.98],[-64.74,-15.97],[-64.73,-15.96],[-64.73,-15.96],[-64.73,-15.95],[-64.73,-15.95],[-64.73,-15.95],[-64.73,-15.95],[-64.73,-15.95],[-64.74,-15.95],[-64.74,-15.95],[-64.74,-15.95],[-64.74,-15.95],[-64.75,-15.95],[-64.75,-15.95],[-64.75,-15.95],[-64.75,-15.95],[-64.75,-15.94],[-64.75,-15.94],[-64.75,-15.94],[-64.75,-15.94],[-64.75,-15.94],[-64.75,-15.93],[-64.75,-15.93],[-64.75,-15.92],[-64.74,-15.92],[-64.74,-15.92],[-64.74,-15.92],[-64.73,-15.92],[-64.73,-15.92],[-64.73,-15.91],[-64.73,-15.91],[-64.73,-15.91],[-64.73,-15.91],[-64.73,-15.91],[-64.74,-15.9],[-64.74,-15.9],[-64.74,-15.9],[-64.74,-15.9],[-64.75,-15.9],[-64.75,-15.9],[-64.75,-15.9],[-64.76,-15.89],[-64.76,-15.89],[-64.77,-15.89],[-64.76,-15.89],[-64.76,-15.88],[-64.76,-15.88],[-64.75,-15.88],[-64.75,-15.89],[-64.75,-15.89],[-64.74,-15.89],[-64.74,-15.89],[-64.74,-15.89],[-64.73,-15.9],[-64.73,-15.9],[-64.73,-15.9],[-64.73,-15.9],[-64.72,-15.89],[-64.72,-15.89],[-64.73,-15.88],[-64.73,-15.88],[-64.73,-15.87],[-64.74,-15.87],[-64.74,-15.87],[-64.74,-15.87],[-64.75,-15.87],[-64.75,-15.86],[-64.75,-15.86],[-64.74,-15.85],[-64.74,-15.84],[-64.74,-15.84],[-64.74,-15.84],[-64.74,-15.83],[-64.73,-15.83],[-64.73,-15.82],[-64.73,-15.82],[-64.73,-15.81],[-64.73,-15.81],[-64.73,-15.81],[-64.73,-15.8],[-64.73,-15.8],[-64.49,-15.82],[-64.46,-15.82],[-64.31,-15.83],[-64.17,-15.84],[-64.02,-15.85],[-63.87,-15.85],[-63.73,-15.86],[-63.58,-15.87],[-63.44,-15.88],[-63.38,-15.88],[-63.38,-15.88],[-63.38,-15.88],[-63.38,-15.88],[-63.38,-15.88],[-63.39,-15.87],[-63.39,-15.87],[-63.39,-15.87],[-63.39,-15.87],[-63.39,-15.87],[-63.38,-15.86],[-63.38,-15.86],[-63.38,-15.86],[-63.38,-15.86],[-63.38,-15.86],[-63.38,-15.86],[-63.38,-15.86],[-63.38,-15.86],[-63.38,-15.86],[-63.39,-15.86],[-63.39,-15.86],[-63.39,-15.86],[-63.39,-15.86],[-63.39,-15.86],[-63.39,-15.86],[-63.39,-15.86],[-63.39,-15.86],[-63.39,-15.86],[-63.39,-15.86],[-63.39,-15.86],[-63.38,-15.86],[-63.38,-15.86],[-63.38,-15.86],[-63.38,-15.86],[-63.39,-15.85],[-63.39,-15.85],[-63.39,-15.85],[-63.39,-15.85],[-63.39,-15.85],[-63.39,-15.85],[-63.39,-15.85],[-63.39,-15.86],[-63.39,-15.86],[-63.39,-15.85],[-63.39,-15.85],[-63.39,-15.85],[-63.39,-15.85],[-63.39,-15.85],[-63.39,-15.85],[-63.39,-15.85],[-63.39,-15.85],[-63.39,-15.85],[-63.39,-15.85],[-63.39,-15.85],[-63.39,-15.85],[-63.39,-15.85],[-63.39,-15.85],[-63.39,-15.85],[-63.39,-15.85],[-63.39,-15.85],[-63.39,-15.85],[-63.4,-15.85],[-63.4,-15.85],[-63.4,-15.85],[-63.4,-15.85],[-63.4,-15.85],[-63.4,-15.85],[-63.4,-15.85],[-63.4,-15.85],[-63.4,-15.85],[-63.4,-15.85],[-63.4,-15.85],[-63.4,-15.85],[-63.4,-15.85],[-63.4,-15.85],[-63.4,-15.85],[-63.4,-15.85],[-63.4,-15.85],[-63.4,-15.85],[-63.4,-15.85],[-63.4,-15.85],[-63.41,-15.85],[-63.41,-15.85],[-63.41,-15.85],[-63.41,-15.85],[-63.41,-15.85],[-63.41,-15.85],[-63.41,-15.86],[-63.41,-15.85],[-63.41,-15.85],[-63.41,-15.85],[-63.41,-15.85],[-63.41,-15.85],[-63.41,-15.85],[-63.41,-15.85],[-63.41,-15.85],[-63.41,-15.85],[-63.41,-15.84],[-63.41,-15.84],[-63.41,-15.84],[-63.4,-15.85],[-63.4,-15.85],[-63.4,-15.85],[-63.4,-15.85],[-63.4,-15.85],[-63.4,-15.85],[-63.4,-15.85],[-63.4,-15.85],[-63.4,-15.84],[-63.4,-15.84],[-63.4,-15.84],[-63.4,-15.84],[-63.4,-15.84],[-63.4,-15.84],[-63.4,-15.84],[-63.4,-15.84],[-63.4,-15.84],[-63.4,-15.84],[-63.4,-15.84],[-63.4,-15.84],[-63.4,-15.84],[-63.4,-15.84],[-63.4,-15.84],[-63.4,-15.84],[-63.4,-15.84],[-63.41,-15.84],[-63.41,-15.84],[-63.41,-15.84],[-63.41,-15.84],[-63.41,-15.84],[-63.41,-15.84],[-63.41,-15.84],[-63.41,-15.84],[-63.41,-15.84],[-63.41,-15.84],[-63.41,-15.84],[-63.41,-15.84],[-63.41,-15.84],[-63.41,-15.84],[-63.41,-15.84],[-63.41,-15.84],[-63.41,-15.84],[-63.41,-15.84],[-63.41,-15.84],[-63.41,-15.84],[-63.41,-15.84],[-63.41,-15.84],[-63.41,-15.85],[-63.41,-15.85],[-63.41,-15.85],[-63.41,-15.85],[-63.41,-15.85],[-63.41,-15.85],[-63.41,-15.85],[-63.41,-15.85],[-63.41,-15.85],[-63.42,-15.85],[-63.42,-15.85],[-63.42,-15.85],[-63.42,-15.85],[-63.42,-15.85],[-63.42,-15.85],[-63.42,-15.85],[-63.42,-15.85],[-63.42,-15.85],[-63.42,-15.85],[-63.42,-15.85],[-63.42,-15.85],[-63.42,-15.85],[-63.42,-15.85],[-63.42,-15.84],[-63.42,-15.84],[-63.42,-15.84],[-63.42,-15.84],[-63.42,-15.84],[-63.42,-15.84],[-63.42,-15.84],[-63.42,-15.84],[-63.42,-15.84],[-63.43,-15.84],[-63.43,-15.84],[-63.43,-15.84],[-63.43,-15.84],[-63.43,-15.84],[-63.43,-15.84],[-63.43,-15.84],[-63.43,-15.84],[-63.43,-15.84],[-63.43,-15.84],[-63.43,-15.84],[-63.43,-15.84],[-63.42,-15.84],[-63.42,-15.84],[-63.42,-15.84],[-63.42,-15.83],[-63.42,-15.83],[-63.42,-15.83],[-63.42,-15.83],[-63.42,-15.83],[-63.42,-15.83],[-63.42,-15.83],[-63.42,-15.83],[-63.42,-15.83],[-63.42,-15.83],[-63.42,-15.83],[-63.42,-15.83],[-63.42,-15.83],[-63.43,-15.83],[-63.43,-15.83],[-63.43,-15.83],[-63.43,-15.83],[-63.43,-15.83],[-63.43,-15.83],[-63.43,-15.83],[-63.43,-15.83],[-63.43,-15.83],[-63.43,-15.83],[-63.43,-15.83],[-63.43,-15.83],[-63.43,-15.83],[-63.43,-15.83],[-63.43,-15.83],[-63.43,-15.83],[-63.43,-15.82],[-63.43,-15.82],[-63.43,-15.82],[-63.43,-15.82],[-63.43,-15.82],[-63.43,-15.82],[-63.43,-15.82],[-63.43,-15.82],[-63.43,-15.82],[-63.43,-15.82],[-63.43,-15.82],[-63.43,-15.82],[-63.43,-15.82],[-63.43,-15.82],[-63.43,-15.82],[-63.43,-15.82],[-63.44,-15.82],[-63.44,-15.82],[-63.44,-15.82],[-63.44,-15.82],[-63.44,-15.82],[-63.44,-15.82],[-63.44,-15.82],[-63.44,-15.82],[-63.44,-15.82],[-63.44,-15.82],[-63.44,-15.82],[-63.44,-15.82],[-63.44,-15.82],[-63.44,-15.82],[-63.44,-15.82],[-63.44,-15.82],[-63.44,-15.82],[-63.44,-15.82],[-63.44,-15.82],[-63.44,-15.82],[-63.44,-15.82],[-63.44,-15.82],[-63.44,-15.82],[-63.44,-15.82],[-63.44,-15.82],[-63.44,-15.82],[-63.44,-15.82],[-63.44,-15.82],[-63.44,-15.82],[-63.43,-15.82],[-63.43,-15.82],[-63.43,-15.82],[-63.43,-15.81],[-63.43,-15.81],[-63.43,-15.81],[-63.43,-15.81],[-63.43,-15.81],[-63.44,-15.81],[-63.44,-15.81],[-63.44,-15.81],[-63.44,-15.81],[-63.44,-15.81],[-63.44,-15.81],[-63.44,-15.81],[-63.44,-15.81],[-63.44,-15.81],[-63.44,-15.81],[-63.44,-15.81],[-63.44,-15.81],[-63.44,-15.81],[-63.44,-15.81],[-63.44,-15.81],[-63.44,-15.81],[-63.44,-15.81],[-63.44,-15.8],[-63.44,-15.8],[-63.43,-15.81],[-63.43,-15.81],[-63.43,-15.81],[-63.43,-15.8],[-63.43,-15.8],[-63.43,-15.8],[-63.43,-15.8],[-63.43,-15.8],[-63.43,-15.8],[-63.43,-15.8],[-63.43,-15.8],[-63.43,-15.8],[-63.43,-15.8],[-63.43,-15.8],[-63.43,-15.8],[-63.43,-15.8],[-63.44,-15.8],[-63.44,-15.8],[-63.44,-15.8],[-63.44,-15.8],[-63.44,-15.8],[-63.44,-15.8],[-63.44,-15.8],[-63.44,-15.8],[-63.44,-15.8],[-63.44,-15.8],[-63.44,-15.8],[-63.44,-15.79],[-63.44,-15.79],[-63.44,-15.79],[-63.44,-15.79],[-63.44,-15.79],[-63.44,-15.79],[-63.44,-15.79],[-63.44,-15.79],[-63.44,-15.79],[-63.44,-15.79],[-63.44,-15.79],[-63.44,-15.78],[-63.44,-15.78],[-63.44,-15.78],[-63.44,-15.78],[-63.43,-15.79],[-63.43,-15.79],[-63.43,-15.79],[-63.43,-15.79],[-63.43,-15.79],[-63.43,-15.79],[-63.43,-15.79],[-63.43,-15.79],[-63.43,-15.79],[-63.43,-15.79],[-63.43,-15.79],[-63.43,-15.79],[-63.43,-15.78],[-63.43,-15.78],[-63.43,-15.78],[-63.43,-15.78],[-63.43,-15.78],[-63.43,-15.78],[-63.43,-15.78],[-63.43,-15.78],[-63.43,-15.78],[-63.43,-15.78],[-63.43,-15.78],[-63.43,-15.78],[-63.43,-15.78],[-63.43,-15.78],[-63.44,-15.78],[-63.44,-15.78],[-63.44,-15.78],[-63.44,-15.78],[-63.44,-15.78],[-63.44,-15.78],[-63.44,-15.78],[-63.44,-15.78],[-63.44,-15.78],[-63.44,-15.78],[-63.44,-15.78],[-63.44,-15.78],[-63.44,-15.78],[-63.44,-15.78],[-63.44,-15.78],[-63.44,-15.78],[-63.44,-15.78],[-63.44,-15.78],[-63.44,-15.78],[-63.44,-15.78],[-63.44,-15.78],[-63.44,-15.78],[-63.44,-15.78],[-63.44,-15.78],[-63.44,-15.78],[-63.44,-15.78],[-63.44,-15.78],[-63.44,-15.78],[-63.44,-15.78],[-63.44,-15.78],[-63.44,-15.78],[-63.44,-15.77],[-63.44,-15.77],[-63.44,-15.77],[-63.44,-15.77],[-63.44,-15.77],[-63.44,-15.77],[-63.44,-15.77],[-63.44,-15.77],[-63.44,-15.77],[-63.44,-15.77],[-63.44,-15.77],[-63.44,-15.77],[-63.44,-15.77],[-63.44,-15.77],[-63.44,-15.77],[-63.44,-15.77],[-63.44,-15.77],[-63.44,-15.77],[-63.44,-15.77],[-63.44,-15.78],[-63.44,-15.78],[-63.44,-15.78],[-63.43,-15.77],[-63.43,-15.77],[-63.43,-15.77],[-63.43,-15.77],[-63.43,-15.77],[-63.43,-15.77],[-63.43,-15.77],[-63.43,-15.77],[-63.43,-15.77],[-63.44,-15.77],[-63.44,-15.77],[-63.44,-15.77],[-63.44,-15.77],[-63.44,-15.77],[-63.44,-15.77],[-63.44,-15.77],[-63.44,-15.77],[-63.44,-15.77],[-63.44,-15.76],[-63.44,-15.76],[-63.44,-15.76],[-63.44,-15.76],[-63.44,-15.76],[-63.44,-15.76],[-63.44,-15.76],[-63.44,-15.76],[-63.44,-15.76],[-63.44,-15.76],[-63.44,-15.76],[-63.44,-15.76],[-63.43,-15.76],[-63.43,-15.76],[-63.43,-15.76],[-63.43,-15.76],[-63.43,-15.76],[-63.43,-15.76],[-63.43,-15.76],[-63.43,-15.76],[-63.43,-15.76],[-63.43,-15.76],[-63.43,-15.76],[-63.43,-15.76],[-63.43,-15.76],[-63.43,-15.76],[-63.43,-15.76],[-63.43,-15.76],[-63.43,-15.76],[-63.43,-15.76],[-63.43,-15.76],[-63.43,-15.76],[-63.43,-15.76],[-63.43,-15.76],[-63.43,-15.76],[-63.43,-15.76],[-63.43,-15.76],[-63.43,-15.76],[-63.43,-15.76],[-63.44,-15.76],[-63.44,-15.76],[-63.44,-15.76],[-63.44,-15.76],[-63.44,-15.76],[-63.44,-15.76],[-63.44,-15.76],[-63.44,-15.76],[-63.44,-15.76],[-63.44,-15.76],[-63.44,-15.76],[-63.44,-15.76],[-63.44,-15.76],[-63.44,-15.76],[-63.44,-15.76],[-63.44,-15.76],[-63.44,-15.76],[-63.44,-15.76],[-63.44,-15.76],[-63.44,-15.76],[-63.44,-15.76],[-63.44,-15.76],[-63.44,-15.75],[-63.44,-15.75],[-63.43,-15.75],[-63.43,-15.75],[-63.43,-15.75],[-63.43,-15.75],[-63.43,-15.75],[-63.43,-15.75],[-63.43,-15.75],[-63.43,-15.75],[-63.43,-15.75],[-63.43,-15.75],[-63.43,-15.75],[-63.43,-15.75],[-63.43,-15.74],[-63.43,-15.74],[-63.43,-15.74],[-63.43,-15.74],[-63.43,-15.74],[-63.43,-15.74],[-63.43,-15.74],[-63.44,-15.74],[-63.44,-15.74],[-63.44,-15.74],[-63.44,-15.74],[-63.44,-15.74],[-63.44,-15.74],[-63.44,-15.74],[-63.44,-15.74],[-63.44,-15.74],[-63.44,-15.74],[-63.44,-15.74],[-63.44,-15.74],[-63.43,-15.74],[-63.43,-15.74],[-63.43,-15.74],[-63.43,-15.74],[-63.43,-15.74],[-63.43,-15.74],[-63.43,-15.74],[-63.44,-15.74],[-63.44,-15.74],[-63.44,-15.74],[-63.44,-15.74],[-63.44,-15.74],[-63.44,-15.74],[-63.44,-15.74],[-63.44,-15.74],[-63.44,-15.74],[-63.44,-15.74],[-63.44,-15.74],[-63.44,-15.74],[-63.44,-15.73],[-63.44,-15.73],[-63.44,-15.73],[-63.44,-15.73],[-63.44,-15.73],[-63.44,-15.73],[-63.44,-15.73],[-63.44,-15.73],[-63.44,-15.73],[-63.44,-15.73],[-63.44,-15.74],[-63.44,-15.74],[-63.44,-15.74],[-63.45,-15.74],[-63.45,-15.74],[-63.45,-15.74],[-63.45,-15.74],[-63.45,-15.74],[-63.45,-15.74],[-63.45,-15.74],[-63.45,-15.74],[-63.45,-15.74],[-63.45,-15.74],[-63.45,-15.74],[-63.45,-15.74],[-63.45,-15.74],[-63.45,-15.74],[-63.45,-15.74],[-63.45,-15.74],[-63.45,-15.74],[-63.45,-15.74],[-63.45,-15.74],[-63.45,-15.74],[-63.46,-15.74],[-63.46,-15.74],[-63.46,-15.74],[-63.46,-15.74],[-63.46,-15.74],[-63.46,-15.74],[-63.46,-15.74],[-63.46,-15.73],[-63.46,-15.73],[-63.46,-15.73],[-63.45,-15.73],[-63.45,-15.73],[-63.45,-15.73],[-63.45,-15.73],[-63.45,-15.73],[-63.46,-15.73],[-63.46,-15.73],[-63.46,-15.73],[-63.46,-15.73],[-63.46,-15.73],[-63.46,-15.73],[-63.46,-15.73],[-63.46,-15.73],[-63.46,-15.73],[-63.46,-15.73],[-63.46,-15.73],[-63.46,-15.73],[-63.46,-15.73],[-63.46,-15.73],[-63.46,-15.73],[-63.46,-15.73],[-63.46,-15.73],[-63.46,-15.73],[-63.46,-15.73],[-63.46,-15.73],[-63.46,-15.73],[-63.46,-15.73],[-63.46,-15.73],[-63.47,-15.73],[-63.47,-15.73],[-63.47,-15.73],[-63.47,-15.73],[-63.47,-15.73],[-63.47,-15.73],[-63.47,-15.73],[-63.47,-15.73],[-63.47,-15.73],[-63.47,-15.73],[-63.47,-15.73],[-63.47,-15.73],[-63.47,-15.73],[-63.47,-15.73],[-63.47,-15.73],[-63.47,-15.73],[-63.47,-15.73],[-63.47,-15.73],[-63.47,-15.72],[-63.47,-15.72],[-63.47,-15.72],[-63.47,-15.72],[-63.47,-15.72],[-63.47,-15.72],[-63.47,-15.72],[-63.47,-15.72],[-63.47,-15.72],[-63.47,-15.72],[-63.47,-15.71],[-63.47,-15.71],[-63.47,-15.71],[-63.47,-15.71],[-63.48,-15.71],[-63.48,-15.72],[-63.48,-15.72],[-63.48,-15.72],[-63.48,-15.72],[-63.48,-15.72],[-63.48,-15.72],[-63.48,-15.72],[-63.48,-15.72],[-63.48,-15.72],[-63.48,-15.72],[-63.48,-15.71],[-63.48,-15.71],[-63.48,-15.71],[-63.48,-15.71],[-63.48,-15.71],[-63.48,-15.71],[-63.48,-15.71],[-63.48,-15.71],[-63.48,-15.71],[-63.48,-15.71],[-63.48,-15.71],[-63.48,-15.71],[-63.48,-15.71],[-63.48,-15.71],[-63.48,-15.71],[-63.48,-15.71],[-63.48,-15.71],[-63.48,-15.71],[-63.47,-15.71],[-63.47,-15.71],[-63.47,-15.71],[-63.47,-15.71],[-63.47,-15.71],[-63.47,-15.71],[-63.47,-15.71],[-63.47,-15.71],[-63.47,-15.71],[-63.47,-15.71],[-63.47,-15.71],[-63.47,-15.7],[-63.47,-15.7],[-63.47,-15.7],[-63.47,-15.7],[-63.47,-15.7],[-63.47,-15.7],[-63.48,-15.7],[-63.48,-15.7],[-63.48,-15.7],[-63.48,-15.7],[-63.48,-15.7],[-63.48,-15.7],[-63.48,-15.7],[-63.48,-15.7],[-63.48,-15.7],[-63.48,-15.7],[-63.48,-15.7],[-63.48,-15.7],[-63.48,-15.7],[-63.48,-15.7],[-63.48,-15.7],[-63.48,-15.7],[-63.48,-15.7],[-63.48,-15.7],[-63.48,-15.7],[-63.48,-15.7],[-63.48,-15.7],[-63.48,-15.7],[-63.48,-15.7],[-63.48,-15.7],[-63.49,-15.7],[-63.49,-15.7],[-63.49,-15.7],[-63.49,-15.7],[-63.49,-15.7],[-63.49,-15.7],[-63.49,-15.7],[-63.49,-15.7],[-63.49,-15.7],[-63.49,-15.7],[-63.49,-15.7],[-63.49,-15.7],[-63.49,-15.7],[-63.49,-15.7],[-63.49,-15.7],[-63.49,-15.7],[-63.49,-15.7],[-63.49,-15.7],[-63.49,-15.7],[-63.49,-15.7],[-63.49,-15.7],[-63.49,-15.7],[-63.49,-15.7],[-63.49,-15.7],[-63.49,-15.69],[-63.49,-15.69],[-63.49,-15.69],[-63.49,-15.69],[-63.49,-15.69],[-63.49,-15.69],[-63.49,-15.69],[-63.49,-15.69],[-63.49,-15.69],[-63.49,-15.69],[-63.49,-15.69],[-63.49,-15.69],[-63.49,-15.69],[-63.49,-15.69],[-63.5,-15.69],[-63.5,-15.69],[-63.5,-15.69],[-63.5,-15.69],[-63.5,-15.69],[-63.5,-15.69],[-63.5,-15.69],[-63.5,-15.69],[-63.49,-15.69],[-63.49,-15.69],[-63.49,-15.69],[-63.49,-15.69],[-63.49,-15.69],[-63.49,-15.69],[-63.49,-15.69],[-63.49,-15.69],[-63.49,-15.69],[-63.49,-15.69],[-63.49,-15.69],[-63.49,-15.68],[-63.49,-15.68],[-63.49,-15.68],[-63.49,-15.68],[-63.49,-15.68],[-63.49,-15.68],[-63.49,-15.68],[-63.49,-15.68],[-63.5,-15.68],[-63.5,-15.68],[-63.5,-15.68],[-63.5,-15.68],[-63.5,-15.68],[-63.5,-15.68],[-63.5,-15.68],[-63.5,-15.68],[-63.5,-15.68],[-63.5,-15.68],[-63.5,-15.68],[-63.5,-15.68],[-63.5,-15.68],[-63.5,-15.68],[-63.5,-15.68],[-63.5,-15.68],[-63.5,-15.68],[-63.5,-15.68],[-63.5,-15.68],[-63.5,-15.68],[-63.5,-15.68],[-63.5,-15.68],[-63.5,-15.68],[-63.5,-15.68],[-63.5,-15.68],[-63.5,-15.68],[-63.5,-15.68],[-63.51,-15.68],[-63.51,-15.68],[-63.51,-15.68],[-63.51,-15.68],[-63.51,-15.68],[-63.51,-15.68],[-63.51,-15.68],[-63.51,-15.68],[-63.51,-15.68],[-63.51,-15.68],[-63.51,-15.68],[-63.51,-15.68],[-63.51,-15.68],[-63.51,-15.67],[-63.51,-15.67],[-63.51,-15.67],[-63.51,-15.67],[-63.51,-15.67],[-63.51,-15.67],[-63.51,-15.67],[-63.51,-15.67],[-63.51,-15.67],[-63.51,-15.67],[-63.51,-15.67],[-63.51,-15.66],[-63.51,-15.66],[-63.51,-15.66],[-63.51,-15.66],[-63.51,-15.66],[-63.51,-15.66],[-63.51,-15.66],[-63.51,-15.66],[-63.51,-15.66],[-63.52,-15.66],[-63.52,-15.66],[-63.52,-15.66],[-63.52,-15.66],[-63.52,-15.66],[-63.52,-15.66],[-63.52,-15.66],[-63.52,-15.66],[-63.52,-15.66],[-63.52,-15.66],[-63.52,-15.66],[-63.52,-15.66],[-63.52,-15.66],[-63.52,-15.66],[-63.52,-15.66],[-63.52,-15.66],[-63.52,-15.66],[-63.52,-15.66],[-63.52,-15.66],[-63.52,-15.65],[-63.52,-15.65],[-63.52,-15.65],[-63.52,-15.65],[-63.52,-15.65],[-63.53,-15.65],[-63.53,-15.65],[-63.53,-15.65],[-63.53,-15.65],[-63.53,-15.65],[-63.53,-15.65],[-63.53,-15.66],[-63.53,-15.66],[-63.53,-15.66],[-63.53,-15.66],[-63.53,-15.66],[-63.53,-15.66],[-63.53,-15.66],[-63.53,-15.66],[-63.53,-15.66],[-63.53,-15.66],[-63.53,-15.66],[-63.53,-15.66],[-63.53,-15.66],[-63.53,-15.66],[-63.53,-15.66],[-63.53,-15.66],[-63.53,-15.66],[-63.54,-15.66],[-63.54,-15.66],[-63.54,-15.66],[-63.54,-15.66],[-63.54,-15.66],[-63.54,-15.66],[-63.54,-15.66],[-63.54,-15.66],[-63.54,-15.66],[-63.54,-15.65],[-63.54,-15.65],[-63.54,-15.65],[-63.54,-15.65],[-63.54,-15.65],[-63.54,-15.65],[-63.54,-15.65],[-63.54,-15.65],[-63.54,-15.65],[-63.54,-15.65],[-63.54,-15.65],[-63.54,-15.65],[-63.54,-15.65],[-63.54,-15.65],[-63.54,-15.65],[-63.55,-15.65],[-63.55,-15.65],[-63.55,-15.65],[-63.55,-15.65],[-63.55,-15.65],[-63.55,-15.65],[-63.55,-15.65],[-63.55,-15.65],[-63.55,-15.65],[-63.55,-15.65],[-63.55,-15.65],[-63.55,-15.65],[-63.55,-15.65],[-63.55,-15.65],[-63.55,-15.65],[-63.55,-15.65],[-63.55,-15.65],[-63.55,-15.65],[-63.55,-15.65],[-63.55,-15.65],[-63.55,-15.65],[-63.55,-15.66],[-63.55,-15.66],[-63.55,-15.66],[-63.55,-15.66],[-63.55,-15.66],[-63.55,-15.66],[-63.55,-15.66],[-63.55,-15.66],[-63.55,-15.66],[-63.55,-15.66],[-63.56,-15.66],[-63.56,-15.66],[-63.56,-15.66],[-63.56,-15.66],[-63.56,-15.66],[-63.56,-15.66],[-63.56,-15.66],[-63.56,-15.66],[-63.56,-15.66],[-63.56,-15.66],[-63.56,-15.66],[-63.56,-15.66],[-63.56,-15.66],[-63.56,-15.66],[-63.56,-15.66],[-63.56,-15.66],[-63.56,-15.66],[-63.56,-15.66],[-63.57,-15.66],[-63.57,-15.66],[-63.57,-15.66],[-63.57,-15.66],[-63.57,-15.66],[-63.57,-15.66],[-63.57,-15.66],[-63.57,-15.66],[-63.57,-15.66],[-63.57,-15.66],[-63.57,-15.66],[-63.57,-15.66],[-63.57,-15.66],[-63.57,-15.66],[-63.57,-15.66],[-63.57,-15.66],[-63.57,-15.66],[-63.57,-15.66],[-63.57,-15.66],[-63.57,-15.66],[-63.57,-15.66],[-63.57,-15.66],[-63.57,-15.66],[-63.57,-15.66],[-63.57,-15.66],[-63.57,-15.66],[-63.57,-15.66],[-63.57,-15.66],[-63.57,-15.66],[-63.58,-15.66],[-63.58,-15.66],[-63.58,-15.66],[-63.58,-15.66],[-63.58,-15.66],[-63.58,-15.66],[-63.58,-15.66],[-63.58,-15.66],[-63.58,-15.66],[-63.58,-15.66],[-63.58,-15.65],[-63.58,-15.65],[-63.57,-15.65],[-63.57,-15.65],[-63.57,-15.65],[-63.57,-15.65],[-63.57,-15.65],[-63.57,-15.65],[-63.57,-15.65],[-63.57,-15.65],[-63.57,-15.65],[-63.58,-15.65],[-63.58,-15.65],[-63.58,-15.65],[-63.58,-15.65],[-63.58,-15.65],[-63.58,-15.65],[-63.58,-15.65],[-63.58,-15.65],[-63.58,-15.65],[-63.58,-15.65],[-63.58,-15.65],[-63.58,-15.65],[-63.58,-15.64],[-63.58,-15.64],[-63.58,-15.64],[-63.58,-15.64],[-63.58,-15.64],[-63.58,-15.64],[-63.58,-15.64],[-63.58,-15.64],[-63.58,-15.64],[-63.58,-15.64],[-63.58,-15.64],[-63.58,-15.64],[-63.58,-15.64],[-63.58,-15.64],[-63.58,-15.64],[-63.59,-15.63],[-63.59,-15.63],[-63.58,-15.63],[-63.58,-15.63],[-63.58,-15.63],[-63.58,-15.63],[-63.58,-15.63],[-63.58,-15.63],[-63.58,-15.63],[-63.58,-15.63],[-63.58,-15.63],[-63.58,-15.63],[-63.59,-15.63],[-63.59,-15.63],[-63.59,-15.63],[-63.59,-15.63],[-63.59,-15.63],[-63.59,-15.63],[-63.59,-15.63],[-63.59,-15.63],[-63.59,-15.63],[-63.59,-15.63],[-63.59,-15.63],[-63.59,-15.63],[-63.59,-15.63],[-63.59,-15.63],[-63.59,-15.63],[-63.59,-15.63],[-63.59,-15.63],[-63.6,-15.63],[-63.6,-15.63],[-63.6,-15.63],[-63.6,-15.63],[-63.6,-15.63],[-63.6,-15.63],[-63.6,-15.63],[-63.6,-15.63],[-63.6,-15.63],[-63.6,-15.63],[-63.6,-15.63],[-63.6,-15.63],[-63.6,-15.63],[-63.6,-15.63],[-63.6,-15.63],[-63.6,-15.63],[-63.6,-15.63],[-63.6,-15.63],[-63.6,-15.63],[-63.6,-15.63],[-63.6,-15.63],[-63.6,-15.63],[-63.6,-15.63],[-63.6,-15.63],[-63.6,-15.63],[-63.6,-15.63],[-63.6,-15.63],[-63.6,-15.63],[-63.6,-15.63],[-63.6,-15.63],[-63.6,-15.63],[-63.6,-15.63],[-63.6,-15.63],[-63.6,-15.63],[-63.6,-15.63],[-63.6,-15.63],[-63.61,-15.63],[-63.61,-15.63],[-63.61,-15.63],[-63.61,-15.63],[-63.61,-15.63],[-63.61,-15.63],[-63.61,-15.63],[-63.61,-15.63],[-63.61,-15.63],[-63.61,-15.63],[-63.61,-15.63],[-63.61,-15.63],[-63.61,-15.63],[-63.61,-15.63],[-63.61,-15.63],[-63.61,-15.63],[-63.61,-15.63],[-63.62,-15.63],[-63.62,-15.63],[-63.62,-15.63],[-63.62,-15.63],[-63.62,-15.63],[-63.62,-15.63],[-63.62,-15.63],[-63.62,-15.63],[-63.62,-15.63],[-63.62,-15.63],[-63.62,-15.63],[-63.62,-15.63],[-63.63,-15.63],[-63.63,-15.63],[-63.63,-15.63],[-63.63,-15.63],[-63.63,-15.63],[-63.63,-15.63],[-63.63,-15.63],[-63.63,-15.63],[-63.63,-15.63],[-63.63,-15.63],[-63.63,-15.63],[-63.63,-15.63],[-63.63,-15.63],[-63.63,-15.63],[-63.63,-15.63],[-63.63,-15.63],[-63.63,-15.63],[-63.63,-15.63],[-63.63,-15.62],[-63.63,-15.62],[-63.63,-15.62],[-63.63,-15.62],[-63.63,-15.62],[-63.63,-15.62],[-63.63,-15.62],[-63.63,-15.62],[-63.63,-15.62],[-63.64,-15.62],[-63.64,-15.62],[-63.64,-15.62],[-63.64,-15.62],[-63.64,-15.62],[-63.64,-15.62],[-63.64,-15.62],[-63.64,-15.62],[-63.64,-15.62],[-63.64,-15.62],[-63.64,-15.62],[-63.64,-15.62],[-63.64,-15.62],[-63.64,-15.62],[-63.64,-15.62],[-63.64,-15.62],[-63.64,-15.62],[-63.64,-15.62],[-63.64,-15.62],[-63.64,-15.62],[-63.63,-15.62],[-63.63,-15.62],[-63.63,-15.62],[-63.63,-15.62],[-63.63,-15.62],[-63.63,-15.61],[-63.63,-15.61],[-63.63,-15.61],[-63.63,-15.61],[-63.63,-15.61],[-63.63,-15.61],[-63.63,-15.61],[-63.63,-15.61],[-63.63,-15.61],[-63.63,-15.61],[-63.63,-15.61],[-63.63,-15.61],[-63.63,-15.61],[-63.63,-15.61],[-63.63,-15.61],[-63.63,-15.61],[-63.63,-15.61],[-63.63,-15.61],[-63.64,-15.61],[-63.64,-15.61],[-63.64,-15.61],[-63.64,-15.61],[-63.64,-15.61],[-63.64,-15.61],[-63.64,-15.61],[-63.64,-15.61],[-63.64,-15.61],[-63.64,-15.61],[-63.65,-15.61],[-63.65,-15.61],[-63.65,-15.61],[-63.65,-15.6],[-63.65,-15.6],[-63.65,-15.6],[-63.65,-15.6],[-63.65,-15.6],[-63.65,-15.6],[-63.65,-15.6],[-63.65,-15.6],[-63.65,-15.6],[-63.64,-15.6],[-63.64,-15.6],[-63.64,-15.6],[-63.64,-15.6],[-63.64,-15.6],[-63.64,-15.6],[-63.64,-15.6],[-63.64,-15.6],[-63.64,-15.6],[-63.65,-15.6],[-63.65,-15.6],[-63.65,-15.6],[-63.65,-15.6],[-63.65,-15.6],[-63.65,-15.59],[-63.65,-15.59],[-63.65,-15.59],[-63.65,-15.59],[-63.65,-15.59],[-63.65,-15.59],[-63.64,-15.59],[-63.64,-15.59],[-63.64,-15.59],[-63.64,-15.59],[-63.64,-15.59],[-63.64,-15.59],[-63.64,-15.59],[-63.64,-15.59],[-63.64,-15.59],[-63.64,-15.59],[-63.65,-15.59],[-63.65,-15.59],[-63.65,-15.59],[-63.65,-15.59],[-63.65,-15.59],[-63.65,-15.58],[-63.65,-15.58],[-63.66,-15.58],[-63.66,-15.58],[-63.66,-15.58],[-63.66,-15.58],[-63.66,-15.58],[-63.66,-15.58],[-63.66,-15.58],[-63.66,-15.58],[-63.66,-15.58],[-63.66,-15.58],[-63.65,-15.58],[-63.65,-15.58],[-63.65,-15.58],[-63.65,-15.58],[-63.65,-15.58],[-63.65,-15.58],[-63.65,-15.58],[-63.65,-15.58],[-63.65,-15.58],[-63.65,-15.58],[-63.65,-15.58],[-63.65,-15.58],[-63.65,-15.58],[-63.66,-15.58],[-63.66,-15.58],[-63.66,-15.58],[-63.66,-15.58],[-63.66,-15.58],[-63.66,-15.58],[-63.67,-15.58],[-63.67,-15.58],[-63.67,-15.58],[-63.67,-15.58],[-63.67,-15.58],[-63.67,-15.58],[-63.67,-15.58],[-63.67,-15.58],[-63.67,-15.58],[-63.67,-15.57],[-63.67,-15.57],[-63.67,-15.57],[-63.67,-15.57],[-63.67,-15.57],[-63.67,-15.57],[-63.67,-15.57],[-63.67,-15.57],[-63.67,-15.57],[-63.67,-15.57],[-63.67,-15.57],[-63.67,-15.57],[-63.67,-15.57],[-63.67,-15.57],[-63.67,-15.57],[-63.67,-15.57],[-63.67,-15.57],[-63.67,-15.57],[-63.67,-15.57],[-63.68,-15.57],[-63.68,-15.57],[-63.68,-15.57],[-63.68,-15.57],[-63.68,-15.57],[-63.68,-15.58],[-63.68,-15.58],[-63.68,-15.58],[-63.68,-15.58],[-63.68,-15.58],[-63.68,-15.58],[-63.68,-15.58],[-63.68,-15.58],[-63.68,-15.58],[-63.68,-15.58],[-63.68,-15.57],[-63.68,-15.57],[-63.68,-15.57],[-63.68,-15.57],[-63.68,-15.57],[-63.69,-15.57],[-63.69,-15.57],[-63.69,-15.57],[-63.69,-15.57],[-63.69,-15.58],[-63.69,-15.58],[-63.69,-15.58],[-63.69,-15.58],[-63.69,-15.58],[-63.69,-15.58],[-63.69,-15.58],[-63.69,-15.58],[-63.69,-15.58],[-63.69,-15.58],[-63.69,-15.58],[-63.69,-15.58],[-63.69,-15.58],[-63.69,-15.58],[-63.69,-15.58],[-63.69,-15.58],[-63.69,-15.58],[-63.69,-15.58],[-63.69,-15.57],[-63.69,-15.57],[-63.69,-15.57],[-63.69,-15.57],[-63.69,-15.57],[-63.69,-15.57],[-63.69,-15.57],[-63.69,-15.57],[-63.69,-15.57],[-63.69,-15.57],[-63.69,-15.57],[-63.69,-15.57],[-63.69,-15.57],[-63.69,-15.57],[-63.69,-15.57],[-63.69,-15.57],[-63.69,-15.57],[-63.69,-15.57],[-63.69,-15.56],[-63.69,-15.56],[-63.69,-15.56],[-63.69,-15.56],[-63.69,-15.56],[-63.69,-15.56],[-63.69,-15.56],[-63.69,-15.56],[-63.68,-15.56],[-63.68,-15.56],[-63.68,-15.56],[-63.68,-15.56],[-63.68,-15.56],[-63.68,-15.56],[-63.69,-15.56],[-63.69,-15.56],[-63.69,-15.56],[-63.69,-15.56],[-63.69,-15.56],[-63.69,-15.56],[-63.69,-15.56],[-63.69,-15.56],[-63.69,-15.56],[-63.69,-15.56],[-63.69,-15.56],[-63.69,-15.56],[-63.69,-15.55],[-63.69,-15.55],[-63.69,-15.55],[-63.69,-15.55],[-63.69,-15.55],[-63.69,-15.55],[-63.69,-15.55],[-63.69,-15.55],[-63.69,-15.55],[-63.69,-15.55],[-63.69,-15.55],[-63.69,-15.55],[-63.69,-15.55],[-63.69,-15.55],[-63.69,-15.55],[-63.69,-15.55],[-63.69,-15.55],[-63.69,-15.55],[-63.69,-15.55],[-63.69,-15.54],[-63.69,-15.54],[-63.69,-15.54],[-63.69,-15.54],[-63.69,-15.54],[-63.69,-15.54],[-63.69,-15.54],[-63.69,-15.54],[-63.69,-15.54],[-63.69,-15.54],[-63.69,-15.54],[-63.69,-15.54],[-63.69,-15.54],[-63.69,-15.54],[-63.69,-15.54],[-63.69,-15.54],[-63.69,-15.54],[-63.69,-15.53],[-63.69,-15.53],[-63.69,-15.53],[-63.69,-15.53],[-63.69,-15.53],[-63.69,-15.53],[-63.69,-15.53],[-63.69,-15.53],[-63.69,-15.53],[-63.69,-15.53],[-63.69,-15.53],[-63.69,-15.53],[-63.69,-15.53],[-63.69,-15.53],[-63.69,-15.53],[-63.69,-15.53],[-63.69,-15.53],[-63.68,-15.53],[-63.68,-15.53],[-63.68,-15.53],[-63.68,-15.53],[-63.68,-15.53],[-63.68,-15.53],[-63.68,-15.53],[-63.68,-15.53],[-63.68,-15.53],[-63.68,-15.53],[-63.68,-15.53],[-63.68,-15.53],[-63.68,-15.53],[-63.68,-15.53],[-63.68,-15.53],[-63.68,-15.53],[-63.68,-15.53],[-63.68,-15.53],[-63.68,-15.53],[-63.68,-15.53],[-63.68,-15.53],[-63.68,-15.53],[-63.68,-15.53],[-63.68,-15.53],[-63.68,-15.52],[-63.68,-15.52],[-63.68,-15.52],[-63.68,-15.52],[-63.69,-15.52],[-63.69,-15.52],[-63.69,-15.52],[-63.69,-15.52],[-63.69,-15.52],[-63.69,-15.52],[-63.69,-15.52],[-63.69,-15.52],[-63.69,-15.52],[-63.69,-15.52],[-63.69,-15.52],[-63.69,-15.52],[-63.69,-15.52],[-63.69,-15.52],[-63.69,-15.52],[-63.69,-15.52],[-63.69,-15.52],[-63.69,-15.52],[-63.69,-15.52],[-63.69,-15.52],[-63.69,-15.52],[-63.69,-15.52],[-63.69,-15.52],[-63.68,-15.52],[-63.68,-15.52],[-63.68,-15.52],[-63.68,-15.52],[-63.68,-15.52],[-63.68,-15.52],[-63.68,-15.52],[-63.68,-15.52],[-63.68,-15.51],[-63.68,-15.51],[-63.68,-15.51],[-63.68,-15.51],[-63.68,-15.51],[-63.68,-15.51],[-63.68,-15.51],[-63.68,-15.51],[-63.68,-15.51],[-63.68,-15.51],[-63.68,-15.51],[-63.68,-15.51],[-63.68,-15.51],[-63.68,-15.51],[-63.68,-15.51],[-63.68,-15.51],[-63.68,-15.51],[-63.68,-15.51],[-63.68,-15.51],[-63.69,-15.51],[-63.69,-15.51],[-63.69,-15.51],[-63.69,-15.51],[-63.69,-15.51],[-63.69,-15.51],[-63.69,-15.51],[-63.69,-15.51],[-63.69,-15.51],[-63.69,-15.51],[-63.69,-15.51],[-63.69,-15.51],[-63.69,-15.51],[-63.69,-15.5],[-63.69,-15.5],[-63.69,-15.5],[-63.69,-15.5],[-63.69,-15.5],[-63.69,-15.5],[-63.69,-15.5],[-63.69,-15.5],[-63.68,-15.5],[-63.68,-15.5],[-63.68,-15.5],[-63.68,-15.5],[-63.68,-15.5],[-63.68,-15.5],[-63.68,-15.5],[-63.68,-15.5],[-63.68,-15.5],[-63.68,-15.5],[-63.68,-15.5],[-63.68,-15.5],[-63.68,-15.5],[-63.68,-15.5],[-63.68,-15.5],[-63.68,-15.5],[-63.68,-15.49],[-63.68,-15.49],[-63.68,-15.49],[-63.68,-15.49],[-63.68,-15.49],[-63.68,-15.49],[-63.68,-15.49],[-63.68,-15.49],[-63.68,-15.49],[-63.68,-15.49],[-63.68,-15.49],[-63.68,-15.49],[-63.68,-15.49],[-63.68,-15.49],[-63.69,-15.49],[-63.69,-15.49],[-63.69,-15.49],[-63.69,-15.49],[-63.69,-15.49],[-63.69,-15.49],[-63.69,-15.49],[-63.69,-15.49],[-63.69,-15.49],[-63.69,-15.49],[-63.69,-15.49],[-63.69,-15.49],[-63.69,-15.49],[-63.69,-15.49],[-63.69,-15.49],[-63.69,-15.49],[-63.69,-15.49],[-63.69,-15.49],[-63.69,-15.49],[-63.69,-15.49],[-63.69,-15.49],[-63.69,-15.49],[-63.69,-15.49],[-63.69,-15.49],[-63.69,-15.49],[-63.69,-15.49],[-63.69,-15.49],[-63.69,-15.49],[-63.7,-15.49],[-63.7,-15.49],[-63.7,-15.49],[-63.7,-15.49],[-63.7,-15.49],[-63.7,-15.49],[-63.7,-15.49],[-63.7,-15.49],[-63.7,-15.49],[-63.7,-15.49],[-63.7,-15.49],[-63.7,-15.49],[-63.7,-15.49],[-63.7,-15.48],[-63.7,-15.48],[-63.7,-15.48],[-63.7,-15.48],[-63.7,-15.48],[-63.7,-15.48],[-63.7,-15.48],[-63.7,-15.48],[-63.7,-15.48],[-63.7,-15.48],[-63.7,-15.48],[-63.7,-15.48],[-63.7,-15.48],[-63.7,-15.48],[-63.7,-15.48],[-63.7,-15.48],[-63.7,-15.48],[-63.7,-15.48],[-63.7,-15.48],[-63.7,-15.48],[-63.7,-15.48],[-63.7,-15.48],[-63.7,-15.48],[-63.7,-15.48],[-63.7,-15.48],[-63.7,-15.48],[-63.71,-15.48],[-63.71,-15.48],[-63.71,-15.48],[-63.71,-15.48],[-63.71,-15.49],[-63.71,-15.49],[-63.71,-15.49],[-63.71,-15.49],[-63.71,-15.49],[-63.71,-15.49],[-63.71,-15.49],[-63.71,-15.49],[-63.71,-15.49],[-63.71,-15.48],[-63.71,-15.48],[-63.71,-15.48],[-63.71,-15.48],[-63.71,-15.48],[-63.71,-15.48],[-63.71,-15.48],[-63.71,-15.48],[-63.71,-15.48],[-63.71,-15.48],[-63.71,-15.48],[-63.71,-15.48],[-63.71,-15.48],[-63.71,-15.48],[-63.71,-15.48],[-63.71,-15.48],[-63.71,-15.48],[-63.71,-15.48],[-63.71,-15.48],[-63.71,-15.48],[-63.71,-15.48],[-63.71,-15.47],[-63.71,-15.47],[-63.71,-15.47],[-63.71,-15.47],[-63.72,-15.47],[-63.72,-15.47],[-63.72,-15.47],[-63.72,-15.47],[-63.72,-15.47],[-63.72,-15.47],[-63.72,-15.47],[-63.72,-15.47],[-63.72,-15.47],[-63.72,-15.47],[-63.72,-15.47],[-63.72,-15.47],[-63.72,-15.47],[-63.72,-15.47],[-63.72,-15.47],[-63.72,-15.47],[-63.72,-15.47],[-63.72,-15.47],[-63.72,-15.46],[-63.72,-15.46],[-63.72,-15.46],[-63.72,-15.46],[-63.72,-15.46],[-63.72,-15.46],[-63.72,-15.46],[-63.72,-15.46],[-63.72,-15.46],[-63.72,-15.46],[-63.72,-15.46],[-63.72,-15.46],[-63.72,-15.46],[-63.72,-15.46],[-63.72,-15.46],[-63.72,-15.46],[-63.72,-15.46],[-63.72,-15.46],[-63.72,-15.46],[-63.72,-15.46],[-63.72,-15.46],[-63.72,-15.46],[-63.72,-15.46],[-63.72,-15.46],[-63.72,-15.46],[-63.73,-15.46],[-63.73,-15.46],[-63.73,-15.46],[-63.73,-15.46],[-63.73,-15.46],[-63.73,-15.45],[-63.73,-15.45],[-63.73,-15.45],[-63.73,-15.45],[-63.73,-15.45],[-63.73,-15.45],[-63.73,-15.45],[-63.73,-15.45],[-63.73,-15.45],[-63.73,-15.45],[-63.73,-15.45],[-63.73,-15.45],[-63.73,-15.45],[-63.73,-15.45],[-63.73,-15.45],[-63.73,-15.45],[-63.73,-15.45],[-63.73,-15.45],[-63.73,-15.45],[-63.73,-15.45],[-63.73,-15.45],[-63.73,-15.45],[-63.73,-15.45],[-63.73,-15.45],[-63.73,-15.45],[-63.74,-15.45],[-63.74,-15.45],[-63.74,-15.45],[-63.74,-15.45],[-63.73,-15.45],[-63.73,-15.45],[-63.73,-15.46],[-63.73,-15.46],[-63.73,-15.46],[-63.73,-15.46],[-63.73,-15.46],[-63.73,-15.46],[-63.73,-15.46],[-63.73,-15.46],[-63.73,-15.46],[-63.73,-15.46],[-63.73,-15.46],[-63.73,-15.46],[-63.73,-15.46],[-63.73,-15.46],[-63.73,-15.46],[-63.73,-15.46],[-63.73,-15.46],[-63.73,-15.46],[-63.73,-15.46],[-63.73,-15.47],[-63.73,-15.47],[-63.73,-15.47],[-63.73,-15.46],[-63.73,-15.46],[-63.73,-15.46],[-63.74,-15.46],[-63.74,-15.46],[-63.74,-15.46],[-63.74,-15.46],[-63.74,-15.46],[-63.74,-15.46],[-63.74,-15.46],[-63.74,-15.46],[-63.74,-15.46],[-63.74,-15.46],[-63.74,-15.46],[-63.74,-15.46],[-63.74,-15.46],[-63.74,-15.46],[-63.74,-15.46],[-63.74,-15.46],[-63.74,-15.46],[-63.74,-15.46],[-63.74,-15.46],[-63.74,-15.46],[-63.74,-15.46],[-63.74,-15.46],[-63.74,-15.46],[-63.74,-15.46],[-63.74,-15.46],[-63.74,-15.46],[-63.74,-15.46],[-63.74,-15.45],[-63.74,-15.45],[-63.74,-15.45],[-63.74,-15.45],[-63.74,-15.45],[-63.74,-15.45],[-63.74,-15.45],[-63.74,-15.45],[-63.74,-15.45],[-63.74,-15.45],[-63.74,-15.45],[-63.74,-15.45],[-63.74,-15.45],[-63.74,-15.45],[-63.75,-15.45],[-63.75,-15.46],[-63.75,-15.46],[-63.75,-15.46],[-63.75,-15.46],[-63.75,-15.46],[-63.75,-15.46],[-63.75,-15.46],[-63.75,-15.46],[-63.75,-15.46],[-63.75,-15.46],[-63.75,-15.46],[-63.75,-15.46],[-63.75,-15.46],[-63.75,-15.46],[-63.75,-15.46],[-63.75,-15.46],[-63.75,-15.46],[-63.75,-15.46],[-63.75,-15.47],[-63.75,-15.47],[-63.75,-15.47],[-63.75,-15.47],[-63.75,-15.47],[-63.75,-15.47],[-63.75,-15.47],[-63.75,-15.47],[-63.75,-15.47],[-63.75,-15.47],[-63.75,-15.47],[-63.75,-15.47],[-63.75,-15.47],[-63.75,-15.47],[-63.75,-15.47],[-63.75,-15.47],[-63.75,-15.47],[-63.75,-15.47],[-63.75,-15.46],[-63.75,-15.46],[-63.75,-15.46],[-63.75,-15.46],[-63.75,-15.46],[-63.75,-15.46],[-63.75,-15.46],[-63.75,-15.46],[-63.75,-15.46],[-63.75,-15.46],[-63.75,-15.46],[-63.75,-15.46],[-63.75,-15.46],[-63.75,-15.46],[-63.75,-15.46],[-63.75,-15.46],[-63.75,-15.46],[-63.75,-15.46],[-63.75,-15.45],[-63.75,-15.45],[-63.75,-15.45],[-63.75,-15.45],[-63.75,-15.45],[-63.76,-15.45],[-63.76,-15.45],[-63.76,-15.45],[-63.76,-15.45],[-63.76,-15.45],[-63.76,-15.45],[-63.76,-15.45],[-63.76,-15.45],[-63.76,-15.45],[-63.76,-15.45],[-63.76,-15.45],[-63.76,-15.45],[-63.76,-15.45],[-63.76,-15.45],[-63.76,-15.45],[-63.76,-15.45],[-63.76,-15.45],[-63.76,-15.45],[-63.76,-15.45],[-63.76,-15.45],[-63.76,-15.45],[-63.76,-15.45],[-63.76,-15.45],[-63.76,-15.45],[-63.76,-15.45],[-63.76,-15.45],[-63.76,-15.45],[-63.76,-15.45],[-63.76,-15.45],[-63.76,-15.45],[-63.76,-15.45],[-63.76,-15.44],[-63.76,-15.44],[-63.76,-15.44],[-63.76,-15.44],[-63.76,-15.44],[-63.76,-15.44],[-63.76,-15.44],[-63.76,-15.44],[-63.76,-15.44],[-63.76,-15.44],[-63.76,-15.44],[-63.76,-15.44],[-63.76,-15.44],[-63.76,-15.44],[-63.76,-15.44],[-63.76,-15.44],[-63.76,-15.44],[-63.76,-15.44],[-63.76,-15.44],[-63.76,-15.44],[-63.76,-15.43],[-63.76,-15.43],[-63.76,-15.43],[-63.76,-15.43],[-63.77,-15.43],[-63.77,-15.43],[-63.77,-15.44],[-63.77,-15.44],[-63.77,-15.44],[-63.77,-15.44],[-63.77,-15.44],[-63.77,-15.44],[-63.77,-15.44],[-63.77,-15.44],[-63.77,-15.44],[-63.77,-15.44],[-63.77,-15.44],[-63.77,-15.43],[-63.77,-15.43],[-63.77,-15.43],[-63.77,-15.43],[-63.77,-15.43],[-63.77,-15.43],[-63.78,-15.43],[-63.78,-15.43],[-63.78,-15.43],[-63.78,-15.43],[-63.78,-15.43],[-63.78,-15.43],[-63.78,-15.43],[-63.78,-15.43],[-63.78,-15.43],[-63.78,-15.43],[-63.78,-15.43],[-63.78,-15.43],[-63.78,-15.43],[-63.78,-15.43],[-63.78,-15.43],[-63.78,-15.43],[-63.78,-15.44],[-63.78,-15.44],[-63.78,-15.44],[-63.78,-15.44],[-63.78,-15.44],[-63.78,-15.44],[-63.78,-15.44],[-63.78,-15.44],[-63.78,-15.44],[-63.78,-15.43],[-63.79,-15.43],[-63.79,-15.43],[-63.79,-15.43],[-63.79,-15.43],[-63.79,-15.43],[-63.79,-15.43],[-63.79,-15.43],[-63.79,-15.43],[-63.79,-15.43],[-63.79,-15.43],[-63.79,-15.43],[-63.79,-15.43],[-63.79,-15.43],[-63.79,-15.43],[-63.79,-15.43],[-63.79,-15.43],[-63.79,-15.43],[-63.79,-15.43],[-63.79,-15.43],[-63.79,-15.43],[-63.79,-15.43],[-63.79,-15.42],[-63.79,-15.42],[-63.79,-15.42],[-63.79,-15.42],[-63.79,-15.42],[-63.79,-15.42],[-63.79,-15.42],[-63.79,-15.42],[-63.79,-15.42],[-63.79,-15.42],[-63.79,-15.42],[-63.79,-15.42],[-63.79,-15.42],[-63.8,-15.42],[-63.8,-15.42],[-63.8,-15.42],[-63.8,-15.42],[-63.8,-15.42],[-63.8,-15.42],[-63.8,-15.42],[-63.8,-15.42],[-63.8,-15.42],[-63.79,-15.42],[-63.79,-15.42],[-63.79,-15.42],[-63.79,-15.42],[-63.79,-15.42],[-63.79,-15.41],[-63.79,-15.41],[-63.79,-15.41],[-63.79,-15.41],[-63.79,-15.41],[-63.79,-15.41],[-63.79,-15.41],[-63.79,-15.41],[-63.79,-15.41],[-63.79,-15.41],[-63.79,-15.41],[-63.79,-15.41],[-63.79,-15.41],[-63.79,-15.41],[-63.79,-15.41],[-63.79,-15.41],[-63.79,-15.41],[-63.79,-15.41],[-63.79,-15.41],[-63.79,-15.41],[-63.79,-15.41],[-63.78,-15.41],[-63.78,-15.41],[-63.78,-15.41],[-63.78,-15.41],[-63.78,-15.41],[-63.78,-15.41],[-63.78,-15.41],[-63.78,-15.41],[-63.78,-15.4],[-63.78,-15.4],[-63.78,-15.4],[-63.78,-15.4],[-63.78,-15.4],[-63.78,-15.4],[-63.78,-15.4],[-63.78,-15.4],[-63.78,-15.4],[-63.78,-15.4],[-63.78,-15.4],[-63.78,-15.4],[-63.78,-15.4],[-63.78,-15.4],[-63.78,-15.4],[-63.78,-15.4],[-63.78,-15.4],[-63.78,-15.4],[-63.78,-15.4],[-63.78,-15.4],[-63.78,-15.4],[-63.78,-15.4],[-63.78,-15.4],[-63.78,-15.4],[-63.79,-15.4],[-63.79,-15.4],[-63.79,-15.4],[-63.79,-15.4],[-63.79,-15.4],[-63.79,-15.4],[-63.79,-15.4],[-63.79,-15.4],[-63.79,-15.4],[-63.79,-15.4],[-63.79,-15.4],[-63.79,-15.4],[-63.79,-15.4],[-63.79,-15.4],[-63.79,-15.4],[-63.78,-15.4],[-63.78,-15.4],[-63.78,-15.4],[-63.78,-15.4],[-63.78,-15.4],[-63.78,-15.4],[-63.78,-15.4],[-63.78,-15.4],[-63.78,-15.4],[-63.78,-15.4],[-63.78,-15.4],[-63.78,-15.4],[-63.78,-15.4],[-63.78,-15.4],[-63.78,-15.4],[-63.78,-15.4],[-63.78,-15.4],[-63.78,-15.4],[-63.78,-15.4],[-63.78,-15.4],[-63.77,-15.4],[-63.77,-15.4],[-63.77,-15.4],[-63.77,-15.4],[-63.77,-15.4],[-63.77,-15.4],[-63.77,-15.4],[-63.77,-15.4],[-63.77,-15.4],[-63.77,-15.4],[-63.77,-15.4],[-63.77,-15.39],[-63.77,-15.39],[-63.77,-15.39],[-63.77,-15.39],[-63.77,-15.39],[-63.77,-15.39],[-63.77,-15.39],[-63.78,-15.39],[-63.78,-15.39],[-63.78,-15.39],[-63.78,-15.39],[-63.78,-15.39],[-63.78,-15.39],[-63.78,-15.39],[-63.78,-15.39],[-63.78,-15.39],[-63.78,-15.39],[-63.78,-15.39],[-63.78,-15.39],[-63.78,-15.39],[-63.78,-15.39],[-63.78,-15.39],[-63.78,-15.39],[-63.78,-15.39],[-63.78,-15.39],[-63.78,-15.39],[-63.78,-15.39],[-63.78,-15.39],[-63.78,-15.39],[-63.78,-15.39],[-63.78,-15.39],[-63.78,-15.39],[-63.78,-15.39],[-63.78,-15.39],[-63.78,-15.38],[-63.78,-15.38],[-63.78,-15.38],[-63.78,-15.38],[-63.78,-15.38],[-63.79,-15.38],[-63.79,-15.38],[-63.79,-15.38],[-63.79,-15.38],[-63.79,-15.38],[-63.79,-15.38],[-63.79,-15.38],[-63.79,-15.38],[-63.79,-15.38],[-63.79,-15.38],[-63.79,-15.38],[-63.79,-15.38],[-63.79,-15.38],[-63.79,-15.38],[-63.79,-15.38],[-63.79,-15.38],[-63.79,-15.38],[-63.79,-15.38],[-63.79,-15.38],[-63.79,-15.38],[-63.79,-15.38],[-63.79,-15.38],[-63.79,-15.38],[-63.79,-15.38],[-63.79,-15.38],[-63.79,-15.38],[-63.79,-15.38],[-63.79,-15.38],[-63.79,-15.38],[-63.79,-15.37],[-63.79,-15.37],[-63.8,-15.37],[-63.8,-15.37],[-63.8,-15.37],[-63.8,-15.37],[-63.8,-15.37],[-63.8,-15.37],[-63.8,-15.37],[-63.8,-15.37],[-63.8,-15.37],[-63.8,-15.37],[-63.8,-15.37],[-63.8,-15.37],[-63.8,-15.37],[-63.8,-15.37],[-63.8,-15.37],[-63.8,-15.37],[-63.8,-15.37],[-63.8,-15.37],[-63.8,-15.37],[-63.8,-15.37],[-63.8,-15.37],[-63.8,-15.37],[-63.8,-15.37],[-63.8,-15.37],[-63.8,-15.37],[-63.8,-15.37],[-63.8,-15.37],[-63.8,-15.36],[-63.8,-15.36],[-63.8,-15.36],[-63.8,-15.36],[-63.8,-15.36],[-63.8,-15.36],[-63.8,-15.36],[-63.8,-15.36],[-63.81,-15.36],[-63.81,-15.36],[-63.81,-15.36],[-63.81,-15.36],[-63.81,-15.36],[-63.81,-15.36],[-63.81,-15.36],[-63.81,-15.36],[-63.81,-15.36],[-63.81,-15.36],[-63.81,-15.36],[-63.81,-15.36],[-63.81,-15.36],[-63.81,-15.36],[-63.81,-15.36],[-63.81,-15.36],[-63.81,-15.36],[-63.81,-15.36],[-63.81,-15.36],[-63.82,-15.36],[-63.82,-15.36],[-63.82,-15.36],[-63.82,-15.36],[-63.82,-15.36],[-63.82,-15.36],[-63.82,-15.36],[-63.82,-15.36],[-63.82,-15.36],[-63.82,-15.36],[-63.82,-15.36],[-63.82,-15.36],[-63.82,-15.36],[-63.82,-15.36],[-63.82,-15.36],[-63.82,-15.36],[-63.82,-15.36],[-63.82,-15.36],[-63.82,-15.35],[-63.82,-15.35],[-63.82,-15.35],[-63.82,-15.35],[-63.82,-15.35],[-63.82,-15.35],[-63.82,-15.35],[-63.82,-15.35],[-63.82,-15.35],[-63.82,-15.35],[-63.82,-15.35],[-63.82,-15.35],[-63.82,-15.35],[-63.82,-15.35],[-63.82,-15.35],[-63.82,-15.35],[-63.82,-15.35],[-63.82,-15.35],[-63.82,-15.35],[-63.82,-15.35],[-63.82,-15.35],[-63.82,-15.35],[-63.82,-15.35],[-63.82,-15.35],[-63.82,-15.35],[-63.82,-15.35],[-63.82,-15.35],[-63.82,-15.35],[-63.82,-15.35],[-63.82,-15.35],[-63.82,-15.35],[-63.82,-15.35],[-63.82,-15.35],[-63.82,-15.35],[-63.83,-15.35],[-63.83,-15.35],[-63.83,-15.35],[-63.83,-15.35],[-63.83,-15.35],[-63.83,-15.35],[-63.83,-15.35],[-63.83,-15.35],[-63.83,-15.35],[-63.83,-15.35],[-63.83,-15.35],[-63.83,-15.35],[-63.83,-15.35],[-63.83,-15.35],[-63.83,-15.35],[-63.83,-15.35],[-63.83,-15.35],[-63.83,-15.35],[-63.83,-15.35],[-63.83,-15.34],[-63.83,-15.34],[-63.83,-15.34],[-63.83,-15.34],[-63.83,-15.34],[-63.83,-15.34],[-63.83,-15.34],[-63.83,-15.34],[-63.83,-15.34],[-63.83,-15.34],[-63.84,-15.34],[-63.84,-15.34],[-63.84,-15.34],[-63.84,-15.34],[-63.84,-15.34],[-63.84,-15.34],[-63.84,-15.34],[-63.84,-15.34],[-63.84,-15.34],[-63.84,-15.34],[-63.83,-15.34],[-63.83,-15.34],[-63.83,-15.34],[-63.83,-15.34],[-63.83,-15.34],[-63.83,-15.34],[-63.83,-15.34],[-63.83,-15.34],[-63.83,-15.33],[-63.83,-15.33],[-63.83,-15.33],[-63.83,-15.33],[-63.83,-15.33],[-63.83,-15.33],[-63.83,-15.33],[-63.83,-15.33],[-63.83,-15.33],[-63.83,-15.33],[-63.84,-15.33],[-63.84,-15.33],[-63.84,-15.33],[-63.84,-15.33],[-63.84,-15.33],[-63.84,-15.33],[-63.84,-15.33],[-63.83,-15.33],[-63.83,-15.33],[-63.83,-15.33],[-63.83,-15.33],[-63.83,-15.33],[-63.83,-15.33],[-63.83,-15.33],[-63.83,-15.33],[-63.83,-15.33],[-63.83,-15.32],[-63.83,-15.32],[-63.83,-15.32],[-63.83,-15.32],[-63.83,-15.32],[-63.83,-15.32],[-63.83,-15.32],[-63.83,-15.32],[-63.83,-15.32],[-63.83,-15.32],[-63.83,-15.32],[-63.83,-15.32],[-63.84,-15.32],[-63.84,-15.32],[-63.84,-15.32],[-63.84,-15.32],[-63.84,-15.32],[-63.84,-15.32],[-63.84,-15.32],[-63.84,-15.32],[-63.84,-15.32],[-63.84,-15.32],[-63.84,-15.32],[-63.84,-15.32],[-63.84,-15.32],[-63.84,-15.32],[-63.84,-15.32],[-63.84,-15.32],[-63.84,-15.32],[-63.84,-15.32],[-63.84,-15.32],[-63.84,-15.32],[-63.84,-15.32],[-63.84,-15.32],[-63.84,-15.32],[-63.84,-15.32],[-63.84,-15.31],[-63.84,-15.31],[-63.84,-15.31],[-63.84,-15.31],[-63.84,-15.31],[-63.84,-15.31],[-63.84,-15.31],[-63.84,-15.31],[-63.85,-15.31],[-63.85,-15.31],[-63.85,-15.31],[-63.85,-15.31],[-63.85,-15.31],[-63.85,-15.31],[-63.85,-15.31],[-63.85,-15.31],[-63.85,-15.31],[-63.85,-15.31],[-63.85,-15.31],[-63.85,-15.31],[-63.85,-15.31],[-63.85,-15.31],[-63.85,-15.31],[-63.85,-15.3],[-63.85,-15.3],[-63.85,-15.3],[-63.85,-15.3],[-63.85,-15.3],[-63.85,-15.3],[-63.85,-15.3],[-63.85,-15.3],[-63.85,-15.3],[-63.85,-15.3],[-63.85,-15.3],[-63.85,-15.3],[-63.85,-15.3],[-63.85,-15.3],[-63.85,-15.3],[-63.85,-15.3],[-63.85,-15.3],[-63.85,-15.3],[-63.85,-15.3],[-63.85,-15.3],[-63.85,-15.3],[-63.85,-15.3],[-63.85,-15.29],[-63.85,-15.29],[-63.85,-15.29],[-63.85,-15.29],[-63.85,-15.29],[-63.85,-15.29],[-63.85,-15.29],[-63.85,-15.29],[-63.85,-15.29],[-63.85,-15.29],[-63.85,-15.29],[-63.85,-15.29],[-63.85,-15.29],[-63.85,-15.29],[-63.85,-15.29],[-63.85,-15.29],[-63.85,-15.29],[-63.85,-15.29],[-63.85,-15.29],[-63.85,-15.29],[-63.85,-15.29],[-63.85,-15.28],[-63.85,-15.28],[-63.85,-15.28],[-63.85,-15.28],[-63.85,-15.28],[-63.85,-15.28],[-63.85,-15.28],[-63.85,-15.28],[-63.85,-15.28],[-63.85,-15.28],[-63.85,-15.28],[-63.85,-15.28],[-63.85,-15.28],[-63.85,-15.28],[-63.85,-15.28],[-63.85,-15.28],[-63.85,-15.28],[-63.85,-15.28],[-63.85,-15.28],[-63.85,-15.28],[-63.85,-15.27],[-63.85,-15.27],[-63.85,-15.27],[-63.85,-15.27],[-63.85,-15.27],[-63.85,-15.27],[-63.85,-15.27],[-63.85,-15.27],[-63.85,-15.27],[-63.85,-15.27],[-63.85,-15.27],[-63.85,-15.27],[-63.85,-15.27],[-63.85,-15.27],[-63.85,-15.27],[-63.85,-15.27],[-63.85,-15.27],[-63.85,-15.27],[-63.85,-15.27],[-63.85,-15.27],[-63.85,-15.27],[-63.85,-15.27],[-63.85,-15.27],[-63.85,-15.27],[-63.86,-15.27],[-63.86,-15.27],[-63.86,-15.27],[-63.86,-15.27],[-63.86,-15.27],[-63.86,-15.27],[-63.86,-15.27],[-63.86,-15.27],[-63.86,-15.27],[-63.86,-15.27],[-63.86,-15.27],[-63.86,-15.27],[-63.86,-15.27],[-63.86,-15.27],[-63.86,-15.27],[-63.86,-15.27],[-63.86,-15.27],[-63.86,-15.27],[-63.86,-15.26],[-63.86,-15.26],[-63.86,-15.26],[-63.86,-15.26],[-63.86,-15.26],[-63.86,-15.26],[-63.86,-15.26],[-63.86,-15.26],[-63.86,-15.26],[-63.86,-15.26],[-63.86,-15.26],[-63.86,-15.26],[-63.86,-15.26],[-63.86,-15.26],[-63.86,-15.26],[-63.86,-15.26],[-63.86,-15.26],[-63.86,-15.26],[-63.86,-15.26],[-63.86,-15.26],[-63.86,-15.26],[-63.87,-15.26],[-63.87,-15.26],[-63.87,-15.26],[-63.87,-15.26],[-63.87,-15.26],[-63.87,-15.26],[-63.87,-15.26],[-63.87,-15.26],[-63.87,-15.26],[-63.87,-15.26],[-63.87,-15.26],[-63.87,-15.26],[-63.87,-15.26],[-63.87,-15.26],[-63.87,-15.26],[-63.87,-15.26],[-63.87,-15.26],[-63.87,-15.26],[-63.87,-15.25],[-63.87,-15.25],[-63.87,-15.25],[-63.87,-15.25],[-63.87,-15.25],[-63.87,-15.25],[-63.87,-15.25],[-63.87,-15.25],[-63.87,-15.25],[-63.86,-15.25],[-63.86,-15.25],[-63.86,-15.25],[-63.86,-15.25],[-63.86,-15.25],[-63.86,-15.25],[-63.86,-15.25],[-63.86,-15.25],[-63.86,-15.25],[-63.86,-15.25],[-63.86,-15.25],[-63.86,-15.25],[-63.86,-15.25],[-63.86,-15.25],[-63.86,-15.25],[-63.86,-15.25],[-63.86,-15.25],[-63.86,-15.25],[-63.86,-15.25],[-63.86,-15.25],[-63.87,-15.25],[-63.87,-15.25],[-63.87,-15.25],[-63.86,-15.24],[-63.86,-15.24],[-63.86,-15.24],[-63.86,-15.24],[-63.86,-15.24],[-63.86,-15.24],[-63.86,-15.24],[-63.86,-15.24],[-63.86,-15.24],[-63.86,-15.24],[-63.86,-15.24],[-63.86,-15.24],[-63.86,-15.24],[-63.86,-15.24],[-63.86,-15.24],[-63.86,-15.24],[-63.86,-15.24],[-63.86,-15.24],[-63.86,-15.24],[-63.86,-15.24],[-63.86,-15.24],[-63.86,-15.24],[-63.86,-15.24],[-63.86,-15.24],[-63.86,-15.24],[-63.86,-15.23],[-63.86,-15.23],[-63.86,-15.23],[-63.86,-15.23],[-63.86,-15.23],[-63.87,-15.23],[-63.87,-15.23],[-63.87,-15.23],[-63.86,-15.23],[-63.86,-15.23],[-63.86,-15.23],[-63.86,-15.23],[-63.86,-15.23],[-63.86,-15.23],[-63.86,-15.23],[-63.86,-15.23],[-63.86,-15.23],[-63.86,-15.23],[-63.86,-15.23],[-63.86,-15.23],[-63.86,-15.23],[-63.86,-15.23],[-63.86,-15.23],[-63.86,-15.23],[-63.86,-15.23],[-63.86,-15.23],[-63.86,-15.23],[-63.86,-15.22],[-63.86,-15.22],[-63.86,-15.22],[-63.86,-15.22],[-63.86,-15.22],[-63.86,-15.22],[-63.86,-15.22],[-63.86,-15.22],[-63.86,-15.22],[-63.86,-15.22],[-63.86,-15.22],[-63.86,-15.22],[-63.86,-15.22],[-63.86,-15.22],[-63.86,-15.22],[-63.86,-15.22],[-63.86,-15.22],[-63.87,-15.22],[-63.87,-15.22],[-63.87,-15.22],[-63.87,-15.22],[-63.87,-15.22],[-63.87,-15.22],[-63.87,-15.22],[-63.87,-15.22],[-63.87,-15.22],[-63.87,-15.22],[-63.87,-15.22],[-63.87,-15.22],[-63.87,-15.22],[-63.87,-15.22],[-63.87,-15.22],[-63.87,-15.22],[-63.87,-15.22],[-63.87,-15.22],[-63.87,-15.22],[-63.88,-15.22],[-63.88,-15.22],[-63.88,-15.22],[-63.88,-15.22],[-63.88,-15.22],[-63.88,-15.22],[-63.88,-15.22],[-63.88,-15.22],[-63.88,-15.22],[-63.88,-15.22],[-63.88,-15.22],[-63.88,-15.22],[-63.88,-15.22],[-63.88,-15.22],[-63.88,-15.22],[-63.88,-15.22],[-63.88,-15.22],[-63.88,-15.21],[-63.88,-15.21],[-63.88,-15.21],[-63.88,-15.21],[-63.88,-15.21],[-63.88,-15.21],[-63.88,-15.21],[-63.88,-15.21],[-63.88,-15.21],[-63.88,-15.21],[-63.88,-15.21],[-63.88,-15.21],[-63.88,-15.21],[-63.88,-15.21],[-63.88,-15.21],[-63.88,-15.21],[-63.89,-15.21],[-63.89,-15.21],[-63.89,-15.21],[-63.89,-15.21],[-63.89,-15.2],[-63.89,-15.2],[-63.89,-15.2],[-63.89,-15.2],[-63.89,-15.2],[-63.89,-15.2],[-63.89,-15.2],[-63.89,-15.2],[-63.89,-15.2],[-63.89,-15.2],[-63.89,-15.2],[-63.89,-15.2],[-63.89,-15.21],[-63.89,-15.21],[-63.89,-15.21],[-63.89,-15.21],[-63.89,-15.21],[-63.89,-15.21],[-63.89,-15.21],[-63.89,-15.21],[-63.89,-15.21],[-63.89,-15.21],[-63.89,-15.21],[-63.89,-15.2],[-63.89,-15.2],[-63.89,-15.2],[-63.89,-15.2],[-63.89,-15.2],[-63.89,-15.2],[-63.89,-15.2],[-63.89,-15.2],[-63.89,-15.2],[-63.89,-15.2],[-63.89,-15.2],[-63.89,-15.2],[-63.89,-15.2],[-63.89,-15.2],[-63.89,-15.2],[-63.89,-15.2],[-63.89,-15.2],[-63.89,-15.2],[-63.89,-15.2],[-63.89,-15.2],[-63.89,-15.19],[-63.89,-15.19],[-63.89,-15.19],[-63.89,-15.19],[-63.89,-15.19],[-63.89,-15.19],[-63.89,-15.19],[-63.89,-15.19],[-63.89,-15.19],[-63.89,-15.19],[-63.89,-15.19],[-63.89,-15.19],[-63.89,-15.19],[-63.89,-15.19],[-63.89,-15.19],[-63.88,-15.19],[-63.88,-15.2],[-63.88,-15.2],[-63.88,-15.2],[-63.88,-15.19],[-63.88,-15.19],[-63.88,-15.19],[-63.88,-15.19],[-63.88,-15.19],[-63.88,-15.19],[-63.88,-15.19],[-63.88,-15.19],[-63.88,-15.19],[-63.88,-15.19],[-63.88,-15.19],[-63.88,-15.19],[-63.88,-15.19],[-63.88,-15.19],[-63.88,-15.19],[-63.89,-15.19],[-63.89,-15.19],[-63.89,-15.19],[-63.89,-15.19],[-63.89,-15.19],[-63.89,-15.19],[-63.89,-15.19],[-63.89,-15.19],[-63.89,-15.19],[-63.89,-15.19],[-63.89,-15.19],[-63.89,-15.19],[-63.89,-15.19],[-63.89,-15.18],[-63.89,-15.18],[-63.89,-15.18],[-63.89,-15.18],[-63.89,-15.18],[-63.89,-15.18],[-63.89,-15.18],[-63.89,-15.18],[-63.89,-15.18],[-63.89,-15.18],[-63.89,-15.18],[-63.89,-15.18],[-63.89,-15.18],[-63.89,-15.18],[-63.89,-15.18],[-63.89,-15.18],[-63.89,-15.18],[-63.89,-15.18],[-63.89,-15.18],[-63.89,-15.18],[-63.89,-15.18],[-63.89,-15.17],[-63.89,-15.17],[-63.89,-15.17],[-63.89,-15.17],[-63.89,-15.17],[-63.89,-15.17],[-63.89,-15.17],[-63.89,-15.17],[-63.89,-15.17],[-63.89,-15.17],[-63.89,-15.17],[-63.89,-15.17],[-63.89,-15.17],[-63.9,-15.17],[-63.9,-15.17],[-63.9,-15.17],[-63.9,-15.17],[-63.9,-15.17],[-63.9,-15.17],[-63.9,-15.17],[-63.9,-15.17],[-63.9,-15.17],[-63.9,-15.17],[-63.9,-15.17],[-63.9,-15.17],[-63.9,-15.17],[-63.9,-15.17],[-63.9,-15.17],[-63.9,-15.17],[-63.9,-15.17],[-63.9,-15.17],[-63.9,-15.17],[-63.9,-15.17],[-63.9,-15.17],[-63.9,-15.17],[-63.9,-15.16],[-63.9,-15.16],[-63.9,-15.16],[-63.9,-15.16],[-63.9,-15.16],[-63.9,-15.16],[-63.9,-15.16],[-63.9,-15.16],[-63.9,-15.16],[-63.9,-15.17],[-63.9,-15.17],[-63.9,-15.17],[-63.9,-15.17],[-63.91,-15.17],[-63.91,-15.17],[-63.91,-15.16],[-63.91,-15.16],[-63.91,-15.16],[-63.91,-15.16],[-63.91,-15.16],[-63.91,-15.16],[-63.91,-15.16],[-63.91,-15.16],[-63.91,-15.16],[-63.91,-15.16],[-63.91,-15.16],[-63.91,-15.16],[-63.91,-15.16],[-63.91,-15.16],[-63.91,-15.16],[-63.91,-15.16],[-63.91,-15.16],[-63.91,-15.16],[-63.91,-15.16],[-63.91,-15.16],[-63.91,-15.16],[-63.91,-15.16],[-63.91,-15.16],[-63.91,-15.16],[-63.91,-15.16],[-63.91,-15.16],[-63.91,-15.16],[-63.92,-15.16],[-63.92,-15.16],[-63.92,-15.16],[-63.92,-15.16],[-63.92,-15.16],[-63.92,-15.16],[-63.92,-15.16],[-63.92,-15.16],[-63.92,-15.16],[-63.92,-15.16],[-63.92,-15.16],[-63.92,-15.16],[-63.92,-15.16],[-63.92,-15.16],[-63.92,-15.16],[-63.92,-15.16],[-63.92,-15.16],[-63.92,-15.16],[-63.92,-15.16],[-63.92,-15.16],[-63.92,-15.16],[-63.92,-15.16],[-63.92,-15.16],[-63.92,-15.16],[-63.92,-15.16],[-63.92,-15.16],[-63.92,-15.16],[-63.92,-15.16],[-63.92,-15.16],[-63.92,-15.16],[-63.93,-15.16],[-63.93,-15.16],[-63.93,-15.16],[-63.93,-15.16],[-63.93,-15.16],[-63.93,-15.16],[-63.93,-15.16],[-63.93,-15.16],[-63.93,-15.16],[-63.93,-15.16],[-63.93,-15.16],[-63.93,-15.16],[-63.93,-15.16],[-63.93,-15.16],[-63.93,-15.16],[-63.93,-15.16],[-63.93,-15.17],[-63.93,-15.17],[-63.93,-15.17],[-63.93,-15.17],[-63.93,-15.17],[-63.93,-15.17],[-63.93,-15.17],[-63.93,-15.17],[-63.93,-15.16],[-63.94,-15.16],[-63.94,-15.16],[-63.94,-15.16],[-63.94,-15.16],[-63.94,-15.16],[-63.94,-15.16],[-63.94,-15.16],[-63.94,-15.16],[-63.94,-15.16],[-63.94,-15.16],[-63.94,-15.16],[-63.94,-15.16],[-63.94,-15.16],[-63.94,-15.16],[-63.94,-15.16],[-63.94,-15.16],[-63.94,-15.16],[-63.94,-15.16],[-63.94,-15.16],[-63.94,-15.16],[-63.94,-15.16],[-63.94,-15.16],[-63.94,-15.16],[-63.94,-15.16],[-63.94,-15.16],[-63.94,-15.16],[-63.94,-15.16],[-63.94,-15.15],[-63.94,-15.15],[-63.94,-15.15],[-63.94,-15.15],[-63.94,-15.15],[-63.94,-15.15],[-63.94,-15.15],[-63.94,-15.15],[-63.94,-15.15],[-63.94,-15.15],[-63.94,-15.15],[-63.94,-15.15],[-63.94,-15.15],[-63.94,-15.15],[-63.94,-15.15],[-63.94,-15.15],[-63.94,-15.15],[-63.94,-15.15],[-63.94,-15.15],[-63.94,-15.15],[-63.94,-15.15],[-63.94,-15.15],[-63.94,-15.14],[-63.94,-15.14],[-63.94,-15.14],[-63.94,-15.14],[-63.94,-15.14],[-63.94,-15.14],[-63.94,-15.14],[-63.94,-15.14],[-63.94,-15.14],[-63.94,-15.14],[-63.94,-15.14],[-63.94,-15.14],[-63.94,-15.14],[-63.94,-15.14],[-63.94,-15.14],[-63.94,-15.14],[-63.94,-15.14],[-63.94,-15.14],[-63.94,-15.14],[-63.94,-15.14],[-63.94,-15.14],[-63.94,-15.14],[-63.94,-15.14],[-63.94,-15.14],[-63.94,-15.13],[-63.94,-15.13],[-63.94,-15.13],[-63.94,-15.13],[-63.94,-15.13],[-63.94,-15.13],[-63.94,-15.13],[-63.94,-15.13],[-63.94,-15.13],[-63.94,-15.13],[-63.94,-15.13],[-63.94,-15.13],[-63.94,-15.13],[-63.94,-15.13],[-63.94,-15.13],[-63.94,-15.13],[-63.94,-15.13],[-63.94,-15.13],[-63.94,-15.13],[-63.94,-15.13],[-63.94,-15.13],[-63.94,-15.13],[-63.94,-15.13],[-63.94,-15.12],[-63.94,-15.12],[-63.94,-15.12],[-63.94,-15.12],[-63.94,-15.12],[-63.94,-15.12],[-63.94,-15.12],[-63.94,-15.12],[-63.94,-15.12],[-63.94,-15.12],[-63.94,-15.12],[-63.94,-15.12],[-63.94,-15.12],[-63.94,-15.12],[-63.94,-15.12],[-63.94,-15.12],[-63.94,-15.12],[-63.94,-15.12],[-63.94,-15.12],[-63.94,-15.11],[-63.94,-15.11],[-63.94,-15.11],[-63.94,-15.11],[-63.94,-15.11],[-63.94,-15.11],[-63.94,-15.11],[-63.94,-15.11],[-63.94,-15.11],[-63.94,-15.11],[-63.94,-15.11],[-63.94,-15.11],[-63.94,-15.11],[-63.94,-15.11],[-63.94,-15.11],[-63.94,-15.11],[-63.94,-15.11],[-63.94,-15.11],[-63.94,-15.11],[-63.94,-15.11],[-63.94,-15.1],[-63.94,-15.1],[-63.94,-15.1],[-63.94,-15.1],[-63.94,-15.1],[-63.94,-15.1],[-63.94,-15.1],[-63.94,-15.1],[-63.94,-15.1],[-63.94,-15.1],[-63.94,-15.1],[-63.94,-15.1],[-63.95,-15.1],[-63.95,-15.1],[-63.95,-15.1],[-63.95,-15.1],[-63.95,-15.1],[-63.95,-15.1],[-63.95,-15.1],[-63.95,-15.1],[-63.95,-15.1],[-63.95,-15.1],[-63.95,-15.1],[-63.95,-15.1],[-63.95,-15.1],[-63.95,-15.1],[-63.95,-15.1],[-63.95,-15.09],[-63.95,-15.09],[-63.95,-15.09],[-63.95,-15.09],[-63.95,-15.09],[-63.95,-15.09],[-63.95,-15.09],[-63.95,-15.09],[-63.95,-15.09],[-63.95,-15.09],[-63.95,-15.09],[-63.95,-15.09],[-63.95,-15.09],[-63.95,-15.09],[-63.95,-15.09],[-63.95,-15.09],[-63.95,-15.09],[-63.95,-15.09],[-63.95,-15.09],[-63.95,-15.09],[-63.95,-15.09],[-63.95,-15.08],[-63.95,-15.08],[-63.95,-15.08],[-63.95,-15.08],[-63.95,-15.08],[-63.95,-15.08],[-63.95,-15.08],[-63.95,-15.08],[-63.95,-15.08],[-63.95,-15.08],[-63.95,-15.08],[-63.95,-15.08],[-63.96,-15.08],[-63.96,-15.08],[-63.96,-15.08],[-63.96,-15.08],[-63.96,-15.08],[-63.96,-15.08],[-63.96,-15.08],[-63.96,-15.08],[-63.96,-15.08],[-63.96,-15.08],[-63.96,-15.08],[-63.95,-15.08],[-63.95,-15.08],[-63.95,-15.08],[-63.95,-15.08],[-63.95,-15.08],[-63.95,-15.08],[-63.95,-15.08],[-63.95,-15.08],[-63.95,-15.08],[-63.95,-15.08],[-63.95,-15.07],[-63.95,-15.07],[-63.95,-15.07],[-63.95,-15.07],[-63.95,-15.07],[-63.95,-15.07],[-63.95,-15.07],[-63.95,-15.07],[-63.95,-15.07],[-63.95,-15.07],[-63.95,-15.07],[-63.95,-15.07],[-63.95,-15.07],[-63.96,-15.07],[-63.96,-15.07],[-63.96,-15.07],[-63.96,-15.07],[-63.96,-15.07],[-63.96,-15.07],[-63.96,-15.07],[-63.96,-15.07],[-63.96,-15.07],[-63.96,-15.07],[-63.96,-15.07],[-63.96,-15.07],[-63.96,-15.07],[-63.96,-15.07],[-63.96,-15.07],[-63.96,-15.07],[-63.96,-15.06],[-63.96,-15.06],[-63.96,-15.06],[-63.96,-15.06],[-63.96,-15.06],[-63.96,-15.06],[-63.96,-15.06],[-63.96,-15.06],[-63.96,-15.06],[-63.96,-15.06],[-63.96,-15.06],[-63.96,-15.06],[-63.96,-15.06],[-63.96,-15.06],[-63.96,-15.06],[-63.96,-15.06],[-63.96,-15.06],[-63.96,-15.06],[-63.96,-15.06],[-63.96,-15.06],[-63.96,-15.06],[-63.95,-15.06],[-63.95,-15.06],[-63.95,-15.06],[-63.95,-15.06],[-63.95,-15.06],[-63.95,-15.06],[-63.95,-15.06],[-63.95,-15.06],[-63.95,-15.06],[-63.95,-15.05],[-63.95,-15.05],[-63.95,-15.05],[-63.95,-15.05],[-63.95,-15.05],[-63.95,-15.05],[-63.95,-15.05],[-63.95,-15.05],[-63.95,-15.05],[-63.95,-15.05],[-63.95,-15.05],[-63.94,-15.05],[-63.94,-15.05],[-63.94,-15.05],[-63.94,-15.05],[-63.94,-15.05],[-63.94,-15.05],[-63.94,-15.05],[-63.94,-15.05],[-63.94,-15.05],[-63.94,-15.05],[-63.94,-15.05],[-63.94,-15.05],[-63.94,-15.05],[-63.94,-15.05],[-63.94,-15.05],[-63.94,-15.05],[-63.94,-15.05],[-63.94,-15.05],[-63.94,-15.05],[-63.94,-15.04],[-63.94,-15.04],[-63.94,-15.04],[-63.94,-15.04],[-63.93,-15.04],[-63.93,-15.04],[-63.93,-15.04],[-63.93,-15.04],[-63.93,-15.04],[-63.93,-15.04],[-63.93,-15.04],[-63.93,-15.04],[-63.93,-15.04],[-63.93,-15.04],[-63.93,-15.04],[-63.93,-15.04],[-63.93,-15.04],[-63.93,-15.04],[-63.93,-15.04],[-63.93,-15.04],[-63.93,-15.04],[-63.93,-15.04],[-63.93,-15.04],[-63.93,-15.04],[-63.93,-15.03],[-63.93,-15.03],[-63.93,-15.03],[-63.92,-15.03],[-63.92,-15.03],[-63.92,-15.03],[-63.92,-15.03],[-63.92,-15.03],[-63.92,-15.03],[-63.92,-15.03],[-63.92,-15.03],[-63.92,-15.03],[-63.92,-15.03],[-63.92,-15.03],[-63.92,-15.03],[-63.92,-15.03],[-63.92,-15.03],[-63.92,-15.03],[-63.92,-15.03],[-63.92,-15.03],[-63.92,-15.03],[-63.92,-15.03],[-63.92,-15.03],[-63.92,-15.03],[-63.92,-15.03],[-63.92,-15.03],[-63.92,-15.03],[-63.92,-15.03],[-63.92,-15.03],[-63.92,-15.03],[-63.92,-15.02],[-63.92,-15.02],[-63.92,-15.02],[-63.92,-15.02],[-63.92,-15.02],[-63.92,-15.02],[-63.92,-15.02],[-63.92,-15.02],[-63.92,-15.02],[-63.93,-15.02],[-63.93,-15.02],[-63.93,-15.02],[-63.93,-15.02],[-63.93,-15.02],[-63.93,-15.02],[-63.93,-15.02],[-63.93,-15.02],[-63.93,-15.02],[-63.93,-15.02],[-63.93,-15.02],[-63.93,-15.02],[-63.93,-15.02],[-63.93,-15.02],[-63.93,-15.02],[-63.93,-15.02],[-63.93,-15.02],[-63.93,-15.02],[-63.93,-15.02],[-63.93,-15.02],[-63.93,-15.02],[-63.93,-15.02],[-63.93,-15.02],[-63.93,-15.02],[-63.94,-15.02],[-63.94,-15.02],[-63.94,-15.02],[-63.94,-15.02],[-63.94,-15.02],[-63.94,-15.02],[-63.94,-15.01],[-63.94,-15.01],[-63.94,-15.01],[-63.94,-15.01],[-63.94,-15.01],[-63.94,-15.01],[-63.94,-15.01],[-63.94,-15.01],[-63.94,-15.01],[-63.94,-15.01],[-63.94,-15.01],[-63.94,-15.01],[-63.94,-15.01],[-63.94,-15.01],[-63.94,-15.01],[-63.94,-15.01],[-63.94,-15.01],[-63.93,-15.01],[-63.93,-15.01],[-63.93,-15.01],[-63.93,-15.01],[-63.93,-15.01],[-63.93,-15.01],[-63.93,-15.01],[-63.93,-15.01],[-63.93,-15.01],[-63.93,-15.01],[-63.93,-15.01],[-63.93,-15.01],[-63.93,-15],[-63.93,-15],[-63.93,-15],[-63.93,-15],[-63.93,-15],[-63.93,-15],[-63.93,-15],[-63.93,-15],[-63.93,-15],[-63.93,-15],[-63.93,-15],[-63.93,-15],[-63.93,-15],[-63.93,-15],[-63.93,-15],[-63.93,-15],[-63.93,-15],[-63.93,-15],[-63.92,-15],[-63.92,-15],[-63.92,-15],[-63.92,-15],[-63.92,-15],[-63.92,-15],[-63.92,-15],[-63.92,-15],[-63.92,-15],[-63.92,-15],[-63.92,-15],[-63.92,-15],[-63.92,-15],[-63.92,-14.99],[-63.92,-14.99],[-63.92,-14.99],[-63.92,-14.99],[-63.92,-14.99],[-63.92,-14.99],[-63.92,-14.99],[-63.92,-14.99],[-63.92,-14.99],[-63.92,-14.99],[-63.92,-14.99],[-63.92,-14.99],[-63.92,-14.99],[-63.92,-14.99],[-63.92,-14.99],[-63.92,-14.99],[-63.92,-14.99],[-63.92,-14.99],[-63.92,-14.99],[-63.92,-14.99],[-63.92,-14.99],[-63.92,-14.99],[-63.92,-14.99],[-63.92,-14.99],[-63.92,-14.98],[-63.92,-14.98],[-63.92,-14.98],[-63.92,-14.98],[-63.92,-14.98],[-63.92,-14.98],[-63.92,-14.98],[-63.92,-14.98],[-63.92,-14.98],[-63.92,-14.98],[-63.92,-14.98],[-63.92,-14.98],[-63.92,-14.98],[-63.92,-14.98],[-63.92,-14.98],[-63.92,-14.98],[-63.92,-14.98],[-63.92,-14.98],[-63.92,-14.98],[-63.92,-14.98],[-63.92,-14.98],[-63.92,-14.98],[-63.92,-14.97],[-63.92,-14.97],[-63.92,-14.97],[-63.92,-14.97],[-63.92,-14.97],[-63.92,-14.97],[-63.92,-14.97],[-63.92,-14.97],[-63.92,-14.97],[-63.92,-14.97],[-63.92,-14.97],[-63.92,-14.97],[-63.92,-14.97],[-63.92,-14.97],[-63.92,-14.97],[-63.92,-14.97],[-63.92,-14.97],[-63.92,-14.97],[-63.92,-14.97],[-63.92,-14.97],[-63.92,-14.96],[-63.92,-14.96],[-63.92,-14.96],[-63.92,-14.96],[-63.92,-14.96],[-63.92,-14.96],[-63.92,-14.96],[-63.92,-14.96],[-63.92,-14.96],[-63.92,-14.96],[-63.93,-14.96],[-63.93,-14.96],[-63.93,-14.96],[-63.93,-14.96],[-63.93,-14.96],[-63.93,-14.96],[-63.93,-14.96],[-63.93,-14.96],[-63.89,-14.84],[-63.87,-14.75],[-63.76,-14.35],[-63.56,-14.28],[-63.08,-14.11],[-62.14,-13.76],[-61.53,-13.53],[-61.52,-13.53],[-61.52,-13.53],[-61.52,-13.53],[-61.52,-13.53],[-61.51,-13.53],[-61.51,-13.54],[-61.51,-13.54],[-61.51,-13.54],[-61.51,-13.54],[-61.51,-13.54],[-61.51,-13.54],[-61.51,-13.54],[-61.51,-13.54],[-61.51,-13.54],[-61.51,-13.54],[-61.5,-13.55],[-61.5,-13.55],[-61.5,-13.55],[-61.5,-13.54],[-61.5,-13.54],[-61.5,-13.54],[-61.5,-13.54],[-61.5,-13.54],[-61.5,-13.54],[-61.5,-13.54],[-61.5,-13.54],[-61.49,-13.54],[-61.49,-13.54],[-61.49,-13.54],[-61.49,-13.54],[-61.49,-13.54],[-61.49,-13.54],[-61.49,-13.54],[-61.49,-13.54],[-61.49,-13.54],[-61.49,-13.54],[-61.49,-13.55],[-61.49,-13.55],[-61.48,-13.55],[-61.48,-13.55],[-61.48,-13.55],[-61.48,-13.55],[-61.48,-13.55],[-61.48,-13.55],[-61.48,-13.55],[-61.48,-13.55],[-61.48,-13.55],[-61.48,-13.55],[-61.48,-13.55],[-61.48,-13.55],[-61.48,-13.55],[-61.48,-13.55],[-61.48,-13.55],[-61.47,-13.55],[-61.47,-13.55],[-61.47,-13.55],[-61.47,-13.55],[-61.47,-13.55],[-61.47,-13.55],[-61.47,-13.55],[-61.47,-13.55],[-61.47,-13.55],[-61.46,-13.55],[-61.46,-13.55],[-61.46,-13.55],[-61.46,-13.55],[-61.46,-13.55],[-61.46,-13.55],[-61.46,-13.55],[-61.46,-13.55],[-61.46,-13.55],[-61.46,-13.55],[-61.45,-13.55],[-61.45,-13.55],[-61.45,-13.55],[-61.45,-13.54],[-61.45,-13.54],[-61.45,-13.54],[-61.45,-13.54],[-61.45,-13.54],[-61.45,-13.54],[-61.45,-13.54],[-61.45,-13.54],[-61.45,-13.54],[-61.44,-13.54],[-61.44,-13.54],[-61.44,-13.54],[-61.44,-13.54],[-61.44,-13.54],[-61.44,-13.54],[-61.44,-13.54],[-61.43,-13.54],[-61.43,-13.54],[-61.43,-13.54],[-61.43,-13.54],[-61.43,-13.54],[-61.43,-13.54],[-61.43,-13.54],[-61.43,-13.54],[-61.43,-13.54],[-61.43,-13.54],[-61.43,-13.54],[-61.43,-13.54],[-61.43,-13.54],[-61.42,-13.54],[-61.42,-13.54],[-61.42,-13.54],[-61.42,-13.54],[-61.42,-13.54],[-61.42,-13.54],[-61.42,-13.54],[-61.42,-13.54],[-61.42,-13.54],[-61.42,-13.54],[-61.42,-13.54],[-61.42,-13.54],[-61.42,-13.54],[-61.41,-13.54],[-61.41,-13.54],[-61.41,-13.54],[-61.41,-13.54],[-61.41,-13.53],[-61.41,-13.53],[-61.41,-13.53],[-61.41,-13.53],[-61.41,-13.53],[-61.41,-13.53],[-61.41,-13.53],[-61.41,-13.53],[-61.41,-13.53],[-61.4,-13.53],[-61.4,-13.53],[-61.4,-13.53],[-61.4,-13.53],[-61.4,-13.53],[-61.4,-13.53],[-61.4,-13.53],[-61.4,-13.53],[-61.4,-13.53],[-61.4,-13.53],[-61.4,-13.53],[-61.4,-13.53],[-61.4,-13.53],[-61.4,-13.52],[-61.4,-13.52],[-61.4,-13.52],[-61.4,-13.52],[-61.4,-13.52],[-61.4,-13.52],[-61.4,-13.52],[-61.4,-13.52],[-61.4,-13.52],[-61.4,-13.52],[-61.4,-13.52],[-61.39,-13.52],[-61.39,-13.52],[-61.39,-13.52],[-61.39,-13.52],[-61.39,-13.52],[-61.39,-13.52],[-61.39,-13.52],[-61.39,-13.52],[-61.39,-13.52],[-61.39,-13.52],[-61.38,-13.52],[-61.38,-13.52],[-61.38,-13.52],[-61.38,-13.52],[-61.38,-13.52],[-61.38,-13.52],[-61.38,-13.52],[-61.38,-13.52],[-61.38,-13.52],[-61.38,-13.52],[-61.38,-13.52],[-61.38,-13.52],[-61.37,-13.52],[-61.37,-13.52],[-61.37,-13.52],[-61.37,-13.52],[-61.37,-13.52],[-61.37,-13.52],[-61.37,-13.52],[-61.37,-13.52],[-61.37,-13.52],[-61.37,-13.52],[-61.37,-13.52],[-61.37,-13.52],[-61.36,-13.52],[-61.36,-13.52],[-61.36,-13.52],[-61.36,-13.52],[-61.36,-13.52],[-61.36,-13.52],[-61.36,-13.52],[-61.36,-13.52],[-61.36,-13.52],[-61.36,-13.52],[-61.36,-13.52],[-61.36,-13.52],[-61.35,-13.52],[-61.35,-13.52],[-61.35,-13.52],[-61.35,-13.52],[-61.35,-13.52],[-61.35,-13.52],[-61.35,-13.52],[-61.35,-13.52],[-61.34,-13.52],[-61.34,-13.52],[-61.34,-13.51],[-61.34,-13.51],[-61.34,-13.51],[-61.34,-13.51],[-61.34,-13.51],[-61.34,-13.51],[-61.34,-13.51],[-61.34,-13.51],[-61.34,-13.51],[-61.34,-13.51],[-61.34,-13.51],[-61.34,-13.51],[-61.34,-13.51],[-61.34,-13.51],[-61.34,-13.51],[-61.34,-13.51],[-61.34,-13.5],[-61.34,-13.5],[-61.34,-13.5],[-61.34,-13.5],[-61.34,-13.5],[-61.33,-13.5],[-61.33,-13.5],[-61.33,-13.5],[-61.33,-13.5],[-61.33,-13.5],[-61.33,-13.5],[-61.33,-13.5],[-61.33,-13.5],[-61.33,-13.5],[-61.33,-13.5],[-61.33,-13.5],[-61.33,-13.5],[-61.32,-13.5],[-61.32,-13.5],[-61.32,-13.5],[-61.32,-13.5],[-61.32,-13.5],[-61.32,-13.5],[-61.32,-13.5],[-61.32,-13.5],[-61.32,-13.5],[-61.32,-13.5],[-61.32,-13.5],[-61.32,-13.5],[-61.31,-13.5],[-61.31,-13.5],[-61.31,-13.5],[-61.31,-13.5],[-61.31,-13.5],[-61.31,-13.5],[-61.31,-13.5],[-61.31,-13.5],[-61.31,-13.5],[-61.31,-13.5],[-61.31,-13.5],[-61.31,-13.5],[-61.31,-13.5],[-61.3,-13.5],[-61.3,-13.5],[-61.3,-13.5],[-61.3,-13.5],[-61.3,-13.5],[-61.3,-13.5],[-61.3,-13.5],[-61.3,-13.5],[-61.3,-13.5],[-61.3,-13.5],[-61.3,-13.5],[-61.3,-13.5],[-61.3,-13.5],[-61.3,-13.5],[-61.3,-13.5],[-61.3,-13.5],[-61.3,-13.5],[-61.3,-13.49],[-61.29,-13.49],[-61.29,-13.49],[-61.29,-13.49],[-61.29,-13.49],[-61.29,-13.49],[-61.29,-13.49],[-61.29,-13.49],[-61.29,-13.49],[-61.29,-13.49],[-61.29,-13.49],[-61.29,-13.49],[-61.29,-13.49],[-61.29,-13.49],[-61.29,-13.49],[-61.29,-13.49],[-61.29,-13.49],[-61.29,-13.49],[-61.29,-13.49],[-61.29,-13.5],[-61.29,-13.5],[-61.29,-13.5],[-61.28,-13.5],[-61.28,-13.5],[-61.28,-13.5],[-61.28,-13.5],[-61.28,-13.5],[-61.28,-13.5],[-61.28,-13.5],[-61.28,-13.5],[-61.28,-13.5],[-61.28,-13.5],[-61.28,-13.5],[-61.28,-13.5],[-61.28,-13.5],[-61.28,-13.5],[-61.28,-13.5],[-61.27,-13.5],[-61.27,-13.5],[-61.27,-13.5],[-61.27,-13.5],[-61.27,-13.5],[-61.27,-13.5],[-61.27,-13.5],[-61.27,-13.5],[-61.27,-13.5],[-61.27,-13.49],[-61.26,-13.49],[-61.26,-13.49],[-61.26,-13.49],[-61.26,-13.49],[-61.26,-13.49],[-61.26,-13.49],[-61.26,-13.49],[-61.26,-13.49],[-61.26,-13.49],[-61.26,-13.49],[-61.26,-13.49],[-61.26,-13.49],[-61.26,-13.49],[-61.26,-13.49],[-61.25,-13.49],[-61.25,-13.49],[-61.25,-13.49],[-61.25,-13.49],[-61.25,-13.49],[-61.24,-13.49],[-61.24,-13.5],[-61.24,-13.5],[-61.24,-13.5],[-61.24,-13.5],[-61.24,-13.5],[-61.24,-13.5],[-61.24,-13.5],[-61.24,-13.5],[-61.24,-13.5],[-61.24,-13.5],[-61.24,-13.5],[-61.24,-13.5],[-61.24,-13.5],[-61.24,-13.51],[-61.24,-13.51],[-61.24,-13.51],[-61.24,-13.51],[-61.24,-13.51],[-61.24,-13.51],[-61.24,-13.51],[-61.24,-13.51],[-61.24,-13.51],[-61.24,-13.51],[-61.24,-13.51],[-61.24,-13.51],[-61.24,-13.51],[-61.24,-13.51],[-61.24,-13.51],[-61.24,-13.51],[-61.24,-13.51],[-61.24,-13.51],[-61.24,-13.51],[-61.24,-13.52],[-61.24,-13.52],[-61.24,-13.52],[-61.24,-13.52],[-61.23,-13.52],[-61.23,-13.52],[-61.23,-13.52],[-61.23,-13.52],[-61.23,-13.52],[-61.23,-13.52],[-61.23,-13.52],[-61.23,-13.52],[-61.23,-13.52],[-61.23,-13.52],[-61.23,-13.52],[-61.23,-13.52],[-61.23,-13.52],[-61.23,-13.53],[-61.23,-13.53],[-61.23,-13.53],[-61.23,-13.53],[-61.22,-13.53],[-61.22,-13.53],[-61.22,-13.53],[-61.22,-13.53],[-61.22,-13.53],[-61.22,-13.53],[-61.22,-13.53],[-61.22,-13.53],[-61.22,-13.53],[-61.22,-13.53],[-61.22,-13.53],[-61.22,-13.53],[-61.22,-13.53],[-61.22,-13.52],[-61.21,-13.52],[-61.21,-13.52],[-61.21,-13.52],[-61.21,-13.52],[-61.21,-13.52],[-61.21,-13.52],[-61.21,-13.52],[-61.21,-13.52],[-61.21,-13.52],[-61.21,-13.52],[-61.21,-13.52],[-61.21,-13.52],[-61.21,-13.52],[-61.2,-13.52],[-61.2,-13.52],[-61.2,-13.52],[-61.2,-13.52],[-61.2,-13.52],[-61.2,-13.53],[-61.2,-13.53],[-61.2,-13.53],[-61.2,-13.53],[-61.2,-13.53],[-61.2,-13.53],[-61.19,-13.53],[-61.19,-13.53],[-61.19,-13.53],[-61.19,-13.53],[-61.19,-13.53],[-61.19,-13.53],[-61.19,-13.53],[-61.19,-13.53],[-61.19,-13.53],[-61.19,-13.53],[-61.19,-13.53],[-61.19,-13.53],[-61.19,-13.53],[-61.19,-13.53],[-61.19,-13.53],[-61.18,-13.53],[-61.18,-13.53],[-61.18,-13.53],[-61.18,-13.53],[-61.18,-13.52],[-61.18,-13.52],[-61.18,-13.52],[-61.18,-13.52],[-61.18,-13.52],[-61.18,-13.52],[-61.18,-13.52],[-61.18,-13.52],[-61.18,-13.52],[-61.18,-13.52],[-61.18,-13.52],[-61.19,-13.52],[-61.19,-13.52],[-61.19,-13.52],[-61.19,-13.52],[-61.19,-13.52],[-61.19,-13.52],[-61.19,-13.51],[-61.19,-13.51],[-61.19,-13.51],[-61.19,-13.51],[-61.19,-13.51],[-61.19,-13.51],[-61.19,-13.51],[-61.19,-13.51],[-61.19,-13.51],[-61.19,-13.51],[-61.19,-13.51],[-61.19,-13.51],[-61.18,-13.51],[-61.18,-13.51],[-61.18,-13.51],[-61.18,-13.5],[-61.18,-13.5],[-61.18,-13.5],[-61.18,-13.5],[-61.18,-13.5],[-61.18,-13.5],[-61.18,-13.5],[-61.18,-13.5],[-61.18,-13.5],[-61.18,-13.5],[-61.18,-13.51],[-61.18,-13.51],[-61.18,-13.51],[-61.18,-13.51],[-61.18,-13.51],[-61.18,-13.51],[-61.18,-13.51],[-61.18,-13.51],[-61.18,-13.51],[-61.18,-13.51],[-61.18,-13.51],[-61.18,-13.51],[-61.18,-13.51],[-61.18,-13.51],[-61.18,-13.51],[-61.18,-13.51],[-61.18,-13.51],[-61.18,-13.51],[-61.17,-13.51],[-61.17,-13.51],[-61.17,-13.51],[-61.17,-13.51],[-61.17,-13.51],[-61.17,-13.51],[-61.17,-13.51],[-61.17,-13.51],[-61.17,-13.51],[-61.17,-13.51],[-61.17,-13.51],[-61.16,-13.51],[-61.16,-13.51],[-61.16,-13.51],[-61.16,-13.51],[-61.16,-13.51],[-61.16,-13.51],[-61.16,-13.51],[-61.16,-13.51],[-61.16,-13.51],[-61.16,-13.51],[-61.16,-13.51],[-61.16,-13.51],[-61.16,-13.51],[-61.15,-13.51],[-61.15,-13.51],[-61.15,-13.51],[-61.15,-13.52],[-61.15,-13.52],[-61.15,-13.52],[-61.15,-13.52],[-61.15,-13.52],[-61.15,-13.52],[-61.15,-13.52],[-61.15,-13.52],[-61.15,-13.52],[-61.15,-13.52],[-61.15,-13.52],[-61.15,-13.52],[-61.15,-13.52],[-61.15,-13.53],[-61.15,-13.53],[-61.15,-13.53],[-61.15,-13.53],[-61.15,-13.53],[-61.15,-13.53],[-61.15,-13.53],[-61.15,-13.53],[-61.14,-13.53],[-61.14,-13.53],[-61.14,-13.53],[-61.14,-13.53],[-61.14,-13.53],[-61.14,-13.52],[-61.14,-13.52],[-61.14,-13.52],[-61.14,-13.52],[-61.14,-13.52],[-61.14,-13.52],[-61.14,-13.52],[-61.14,-13.52],[-61.14,-13.52],[-61.14,-13.52],[-61.15,-13.52],[-61.15,-13.52],[-61.15,-13.52],[-61.15,-13.51],[-61.15,-13.51],[-61.14,-13.51],[-61.14,-13.51],[-61.14,-13.51],[-61.14,-13.51],[-61.14,-13.51],[-61.14,-13.51],[-61.14,-13.51],[-61.14,-13.51],[-61.14,-13.51],[-61.14,-13.51],[-61.14,-13.51],[-61.14,-13.51],[-61.14,-13.51],[-61.14,-13.51],[-61.14,-13.51],[-61.14,-13.51],[-61.14,-13.51],[-61.14,-13.51],[-61.14,-13.51],[-61.14,-13.52],[-61.14,-13.52],[-61.14,-13.52],[-61.14,-13.52],[-61.14,-13.52],[-61.14,-13.52],[-61.14,-13.52],[-61.14,-13.52],[-61.14,-13.52],[-61.14,-13.52],[-61.14,-13.52],[-61.14,-13.52],[-61.14,-13.52],[-61.14,-13.52],[-61.14,-13.52],[-61.14,-13.53],[-61.14,-13.53],[-61.14,-13.53],[-61.13,-13.53],[-61.13,-13.53],[-61.13,-13.52],[-61.13,-13.52],[-61.13,-13.52],[-61.13,-13.52],[-61.13,-13.52],[-61.13,-13.52],[-61.13,-13.52],[-61.13,-13.52],[-61.13,-13.52],[-61.13,-13.52],[-61.13,-13.52],[-61.13,-13.52],[-61.13,-13.52],[-61.13,-13.52],[-61.13,-13.52],[-61.12,-13.52],[-61.12,-13.52],[-61.12,-13.52],[-61.12,-13.52],[-61.12,-13.52],[-61.12,-13.52],[-61.12,-13.52],[-61.12,-13.52],[-61.12,-13.52],[-61.12,-13.52],[-61.12,-13.52],[-61.12,-13.52],[-61.12,-13.52],[-61.12,-13.52],[-61.12,-13.52],[-61.11,-13.52],[-61.11,-13.52],[-61.11,-13.52],[-61.11,-13.52],[-61.11,-13.52],[-61.11,-13.52],[-61.11,-13.52],[-61.11,-13.53],[-61.11,-13.53],[-61.11,-13.53],[-61.11,-13.53],[-61.11,-13.53],[-61.11,-13.53],[-61.11,-13.53],[-61.11,-13.53],[-61.11,-13.53],[-61.1,-13.53],[-61.1,-13.53],[-61.1,-13.52],[-61.1,-13.52],[-61.1,-13.52],[-61.1,-13.52],[-61.1,-13.52],[-61.1,-13.52],[-61.1,-13.52],[-61.1,-13.52],[-61.1,-13.51],[-61.1,-13.51],[-61.1,-13.51],[-61.1,-13.51],[-61.1,-13.51],[-61.1,-13.51],[-61.1,-13.51],[-61.1,-13.51],[-61.1,-13.51],[-61.1,-13.51],[-61.1,-13.51],[-61.1,-13.51],[-61.1,-13.51],[-61.1,-13.51],[-61.1,-13.51],[-61.1,-13.51],[-61.1,-13.51],[-61.1,-13.5],[-61.1,-13.5],[-61.1,-13.5],[-61.09,-13.5],[-61.09,-13.5],[-61.09,-13.5],[-61.09,-13.5],[-61.09,-13.5],[-61.09,-13.5],[-61.09,-13.5],[-61.09,-13.5],[-61.09,-13.5],[-61.09,-13.5],[-61.09,-13.5],[-61.09,-13.5],[-61.09,-13.49],[-61.09,-13.49],[-61.09,-13.49],[-61.09,-13.49],[-61.09,-13.49],[-61.09,-13.49],[-61.09,-13.49],[-61.09,-13.49],[-61.09,-13.49],[-61.09,-13.49],[-61.09,-13.49],[-61.09,-13.49],[-61.09,-13.49],[-61.09,-13.49],[-61.09,-13.49],[-61.09,-13.49],[-61.09,-13.49],[-61.09,-13.49],[-61.09,-13.5],[-61.09,-13.5],[-61.09,-13.5],[-61.09,-13.5],[-61.09,-13.5],[-61.08,-13.5],[-61.08,-13.5],[-61.08,-13.5],[-61.08,-13.5],[-61.08,-13.5],[-61.08,-13.5],[-61.08,-13.5],[-61.08,-13.5],[-61.08,-13.5],[-61.08,-13.5],[-61.08,-13.5],[-61.08,-13.5],[-61.08,-13.5],[-61.08,-13.5],[-61.07,-13.5],[-61.07,-13.5],[-61.07,-13.5],[-61.07,-13.5],[-61.07,-13.5],[-61.07,-13.5],[-61.07,-13.5],[-61.07,-13.5],[-61.07,-13.5],[-61.07,-13.5],[-61.06,-13.5],[-61.06,-13.5],[-61.06,-13.5],[-61.06,-13.5],[-61.06,-13.5],[-61.06,-13.5],[-61.06,-13.5],[-61.06,-13.5],[-61.06,-13.5],[-61.06,-13.5],[-61.06,-13.5],[-61.06,-13.5],[-61.06,-13.5],[-61.06,-13.5],[-61.06,-13.5],[-61.06,-13.51],[-61.06,-13.51],[-61.06,-13.51],[-61.06,-13.51],[-61.06,-13.51],[-61.06,-13.51],[-61.06,-13.51],[-61.06,-13.51],[-61.05,-13.51],[-61.05,-13.51],[-61.05,-13.51],[-61.05,-13.51],[-61.05,-13.51],[-61.05,-13.51],[-61.05,-13.51],[-61.05,-13.51],[-61.05,-13.51],[-61.05,-13.51],[-61.05,-13.51],[-61.05,-13.51],[-61.05,-13.51],[-61.04,-13.51],[-61.04,-13.51],[-61.04,-13.51],[-61.04,-13.51],[-61.04,-13.51],[-61.04,-13.5],[-61.04,-13.5],[-61.04,-13.5],[-61.04,-13.5],[-61.04,-13.5],[-61.04,-13.5],[-61.04,-13.5],[-61.04,-13.5],[-61.04,-13.5],[-61.04,-13.5],[-61.04,-13.5],[-61.04,-13.5],[-61.04,-13.5],[-61.04,-13.5],[-61.04,-13.5],[-61.04,-13.5],[-61.04,-13.5],[-61.04,-13.5],[-61.04,-13.49],[-61.04,-13.49],[-61.04,-13.49],[-61.04,-13.49],[-61.04,-13.49],[-61.04,-13.49],[-61.05,-13.49],[-61.05,-13.49],[-61.05,-13.49],[-61.05,-13.49],[-61.05,-13.49],[-61.05,-13.49],[-61.05,-13.49],[-61.05,-13.49],[-61.05,-13.49],[-61.05,-13.49],[-61.05,-13.49],[-61.05,-13.48],[-61.05,-13.48],[-61.05,-13.48],[-61.05,-13.48],[-61.05,-13.48],[-61.05,-13.48],[-61.05,-13.48],[-61.05,-13.48],[-61.05,-13.48],[-61.05,-13.48],[-61.05,-13.48],[-61.05,-13.48],[-61.05,-13.48],[-61.05,-13.48],[-61.05,-13.48],[-61.05,-13.47],[-61.05,-13.47],[-61.05,-13.47],[-61.05,-13.47],[-61.05,-13.47],[-61.04,-13.47],[-61.04,-13.47],[-61.04,-13.47],[-61.04,-13.47],[-61.04,-13.47],[-61.04,-13.47],[-61.04,-13.47],[-61.04,-13.47],[-61.04,-13.47],[-61.04,-13.47],[-61.04,-13.47],[-61.04,-13.47],[-61.03,-13.47],[-61.03,-13.47],[-61.03,-13.47],[-61.03,-13.47],[-61.03,-13.47],[-61.03,-13.47],[-61.03,-13.48],[-61.03,-13.48],[-61.02,-13.48],[-61.02,-13.48],[-61.02,-13.48],[-61.02,-13.48],[-61.02,-13.48],[-61.02,-13.48],[-61.02,-13.48],[-61.02,-13.48],[-61.01,-13.48],[-61.01,-13.48],[-61.01,-13.48],[-61.01,-13.48],[-61.01,-13.48],[-61.01,-13.48],[-61.01,-13.48],[-61,-13.48],[-61,-13.48],[-61,-13.48],[-61,-13.48],[-61,-13.48],[-61,-13.48],[-61,-13.48],[-61,-13.48],[-60.99,-13.49],[-60.99,-13.49],[-60.99,-13.49],[-60.99,-13.49],[-60.99,-13.49],[-60.99,-13.49],[-60.99,-13.49],[-60.99,-13.49],[-60.99,-13.49],[-60.99,-13.49],[-60.99,-13.49],[-60.99,-13.49],[-60.99,-13.49],[-60.99,-13.49],[-60.99,-13.5],[-60.99,-13.5],[-60.99,-13.5],[-60.99,-13.5],[-60.99,-13.5],[-60.99,-13.5],[-60.99,-13.5],[-60.99,-13.5],[-60.99,-13.5],[-60.99,-13.5],[-60.99,-13.5],[-60.99,-13.5],[-60.99,-13.5],[-60.99,-13.5],[-60.99,-13.5],[-60.99,-13.5],[-60.99,-13.5],[-60.99,-13.5],[-60.99,-13.5],[-61,-13.5],[-61,-13.5],[-61,-13.5],[-61,-13.5],[-61,-13.5],[-61,-13.5],[-61,-13.5],[-61,-13.5],[-61,-13.5],[-61,-13.5],[-61,-13.5],[-61,-13.5],[-61,-13.5],[-61,-13.5],[-61,-13.5],[-61.01,-13.5],[-61.01,-13.5],[-61.01,-13.5],[-61.01,-13.5],[-61.01,-13.5],[-61.01,-13.5],[-61.01,-13.5],[-61.01,-13.5],[-61.01,-13.51],[-61.01,-13.51],[-61.01,-13.51],[-61.01,-13.51],[-61.01,-13.51],[-61.01,-13.51],[-61.01,-13.51],[-61.01,-13.51],[-61.01,-13.51],[-61.01,-13.51],[-61.01,-13.51],[-61.01,-13.51],[-61.01,-13.51],[-61.01,-13.51],[-61,-13.52],[-61,-13.52],[-61,-13.52],[-61,-13.52],[-61,-13.52],[-61,-13.52],[-61,-13.52],[-61,-13.52],[-61,-13.52],[-61,-13.52],[-61,-13.52],[-61,-13.52],[-61,-13.52],[-61,-13.52],[-61,-13.52],[-61,-13.52],[-61,-13.53],[-61,-13.53],[-61,-13.53],[-61,-13.53],[-61,-13.53],[-61,-13.53],[-61,-13.53],[-61,-13.53],[-61,-13.53],[-61,-13.53],[-61,-13.53],[-61,-13.53],[-61,-13.53],[-61,-13.53],[-61,-13.53],[-61,-13.52],[-61,-13.52],[-61,-13.52],[-61,-13.52],[-61,-13.52],[-61.01,-13.52],[-61.01,-13.52],[-61.01,-13.52],[-61.01,-13.52],[-61.01,-13.52],[-61.01,-13.52],[-61.01,-13.53],[-61.01,-13.53],[-61.01,-13.53],[-61.01,-13.53],[-61.01,-13.53],[-61.01,-13.53],[-61.01,-13.53],[-61.01,-13.53],[-61.01,-13.53],[-61.01,-13.53],[-61.01,-13.53],[-61.01,-13.53],[-61.01,-13.53],[-61.01,-13.54],[-61.01,-13.54],[-61.01,-13.54],[-61.01,-13.54],[-61.01,-13.54],[-61.01,-13.54],[-61.01,-13.54],[-61.01,-13.54],[-61.01,-13.54],[-61.01,-13.54],[-61.01,-13.54],[-61.01,-13.54],[-61.01,-13.54],[-61.01,-13.54],[-61.01,-13.55],[-61.01,-13.55],[-61.01,-13.55],[-61.01,-13.55],[-61,-13.55],[-61,-13.55],[-61,-13.55],[-61,-13.55],[-61,-13.55],[-61,-13.55],[-61,-13.55],[-61,-13.55],[-61,-13.55],[-61,-13.55],[-60.99,-13.54],[-60.99,-13.54],[-60.99,-13.54],[-60.99,-13.54],[-60.99,-13.54],[-60.99,-13.54],[-60.99,-13.54],[-60.99,-13.54],[-60.99,-13.54],[-60.99,-13.54],[-60.99,-13.54],[-60.98,-13.54],[-60.98,-13.54],[-60.98,-13.54],[-60.98,-13.54],[-60.98,-13.54],[-60.98,-13.54],[-60.99,-13.54],[-60.99,-13.54],[-60.99,-13.54],[-60.99,-13.54],[-60.99,-13.54],[-60.99,-13.53],[-60.99,-13.53],[-60.98,-13.53],[-60.98,-13.53],[-60.98,-13.53],[-60.98,-13.53],[-60.98,-13.53],[-60.98,-13.53],[-60.98,-13.53],[-60.98,-13.54],[-60.98,-13.54],[-60.98,-13.54],[-60.98,-13.54],[-60.98,-13.54],[-60.98,-13.54],[-60.98,-13.54],[-60.97,-13.53],[-60.97,-13.53],[-60.97,-13.53],[-60.97,-13.53],[-60.97,-13.53],[-60.97,-13.53],[-60.97,-13.53],[-60.97,-13.53],[-60.97,-13.53],[-60.97,-13.53],[-60.97,-13.53],[-60.96,-13.53],[-60.96,-13.53],[-60.96,-13.53],[-60.96,-13.53],[-60.96,-13.53],[-60.96,-13.53],[-60.96,-13.54],[-60.96,-13.54],[-60.96,-13.54],[-60.96,-13.54],[-60.96,-13.54],[-60.96,-13.54],[-60.96,-13.54],[-60.96,-13.54],[-60.96,-13.54],[-60.96,-13.54],[-60.96,-13.54],[-60.96,-13.54],[-60.96,-13.54],[-60.96,-13.54],[-60.96,-13.55],[-60.96,-13.55],[-60.96,-13.55],[-60.96,-13.55],[-60.96,-13.55],[-60.95,-13.55],[-60.95,-13.55],[-60.95,-13.55],[-60.95,-13.55],[-60.95,-13.55],[-60.95,-13.55],[-60.95,-13.55],[-60.95,-13.55],[-60.95,-13.55],[-60.95,-13.55],[-60.95,-13.55],[-60.95,-13.55],[-60.94,-13.55],[-60.94,-13.55],[-60.94,-13.55],[-60.94,-13.55],[-60.94,-13.54],[-60.94,-13.54],[-60.94,-13.54],[-60.94,-13.54],[-60.94,-13.54],[-60.94,-13.54],[-60.94,-13.54],[-60.94,-13.54],[-60.94,-13.54],[-60.94,-13.54],[-60.94,-13.54],[-60.94,-13.54],[-60.93,-13.54],[-60.93,-13.54],[-60.93,-13.54],[-60.93,-13.54],[-60.93,-13.54],[-60.93,-13.54],[-60.93,-13.54],[-60.93,-13.54],[-60.93,-13.54],[-60.93,-13.54],[-60.93,-13.54],[-60.92,-13.54],[-60.92,-13.54],[-60.92,-13.54],[-60.92,-13.54],[-60.92,-13.54],[-60.92,-13.54],[-60.92,-13.54],[-60.92,-13.54],[-60.92,-13.54],[-60.92,-13.54],[-60.92,-13.54],[-60.92,-13.54],[-60.92,-13.54],[-60.92,-13.54],[-60.92,-13.54],[-60.92,-13.54],[-60.92,-13.54],[-60.92,-13.54],[-60.92,-13.55],[-60.92,-13.55],[-60.92,-13.55],[-60.92,-13.55],[-60.92,-13.55],[-60.92,-13.55],[-60.92,-13.55],[-60.92,-13.55],[-60.92,-13.55],[-60.92,-13.55],[-60.92,-13.55],[-60.92,-13.55],[-60.92,-13.55],[-60.92,-13.55],[-60.92,-13.55],[-60.92,-13.55],[-60.92,-13.55],[-60.92,-13.56],[-60.92,-13.56],[-60.92,-13.56],[-60.92,-13.56],[-60.92,-13.56],[-60.92,-13.56],[-60.92,-13.56],[-60.92,-13.56],[-60.92,-13.56],[-60.92,-13.56],[-60.92,-13.56],[-60.92,-13.56],[-60.92,-13.56],[-60.92,-13.57],[-60.92,-13.57],[-60.92,-13.57],[-60.92,-13.57],[-60.92,-13.57],[-60.92,-13.57],[-60.92,-13.57],[-60.92,-13.57],[-60.92,-13.57],[-60.92,-13.57],[-60.92,-13.57],[-60.91,-13.57],[-60.91,-13.57],[-60.91,-13.57],[-60.91,-13.57],[-60.91,-13.57],[-60.91,-13.58],[-60.91,-13.58],[-60.91,-13.58],[-60.91,-13.58],[-60.91,-13.58],[-60.91,-13.58],[-60.91,-13.58],[-60.91,-13.58],[-60.91,-13.58],[-60.91,-13.58],[-60.9,-13.58],[-60.9,-13.58],[-60.9,-13.58],[-60.9,-13.59],[-60.9,-13.59],[-60.9,-13.59],[-60.9,-13.59],[-60.9,-13.59],[-60.9,-13.59],[-60.9,-13.59],[-60.9,-13.59],[-60.9,-13.59],[-60.9,-13.59],[-60.9,-13.59],[-60.9,-13.59],[-60.89,-13.59],[-60.89,-13.59],[-60.89,-13.59],[-60.89,-13.59],[-60.89,-13.59],[-60.89,-13.59],[-60.89,-13.59],[-60.89,-13.59],[-60.89,-13.59],[-60.89,-13.59],[-60.89,-13.59],[-60.89,-13.59],[-60.89,-13.59],[-60.89,-13.6],[-60.89,-13.6],[-60.89,-13.6],[-60.89,-13.6],[-60.89,-13.6],[-60.88,-13.6],[-60.88,-13.6],[-60.88,-13.6],[-60.88,-13.6],[-60.88,-13.6],[-60.88,-13.6],[-60.88,-13.6],[-60.88,-13.6],[-60.88,-13.61],[-60.88,-13.61],[-60.88,-13.61],[-60.88,-13.61],[-60.88,-13.61],[-60.88,-13.61],[-60.88,-13.61],[-60.88,-13.61],[-60.88,-13.61],[-60.88,-13.61],[-60.88,-13.61],[-60.88,-13.62],[-60.88,-13.62],[-60.87,-13.62],[-60.87,-13.62],[-60.87,-13.62],[-60.87,-13.62],[-60.87,-13.62],[-60.87,-13.62],[-60.87,-13.62],[-60.87,-13.62],[-60.87,-13.62],[-60.87,-13.62],[-60.87,-13.62],[-60.87,-13.62],[-60.86,-13.62],[-60.86,-13.62],[-60.86,-13.62],[-60.86,-13.62],[-60.86,-13.62],[-60.86,-13.62],[-60.86,-13.62],[-60.86,-13.62],[-60.86,-13.62],[-60.86,-13.62],[-60.86,-13.62],[-60.86,-13.62],[-60.85,-13.62],[-60.85,-13.62],[-60.85,-13.63],[-60.85,-13.63],[-60.85,-13.63],[-60.85,-13.63],[-60.85,-13.63],[-60.85,-13.63],[-60.85,-13.63],[-60.85,-13.63],[-60.85,-13.63],[-60.85,-13.63],[-60.85,-13.63],[-60.84,-13.63],[-60.84,-13.63],[-60.84,-13.63],[-60.84,-13.63],[-60.84,-13.63],[-60.84,-13.63],[-60.84,-13.63],[-60.84,-13.63],[-60.84,-13.62],[-60.84,-13.62],[-60.84,-13.62],[-60.84,-13.62],[-60.84,-13.62],[-60.84,-13.62],[-60.83,-13.62],[-60.83,-13.62],[-60.83,-13.62],[-60.83,-13.62],[-60.83,-13.62],[-60.83,-13.62],[-60.83,-13.62],[-60.83,-13.62],[-60.83,-13.62],[-60.83,-13.63],[-60.83,-13.63],[-60.83,-13.63],[-60.83,-13.63],[-60.83,-13.63],[-60.82,-13.63],[-60.82,-13.63],[-60.82,-13.63],[-60.82,-13.63],[-60.82,-13.63],[-60.82,-13.63],[-60.82,-13.63],[-60.82,-13.63],[-60.82,-13.63],[-60.82,-13.63],[-60.82,-13.63],[-60.82,-13.63],[-60.82,-13.63],[-60.82,-13.63],[-60.82,-13.63],[-60.81,-13.63],[-60.81,-13.63],[-60.81,-13.63],[-60.81,-13.64],[-60.81,-13.64],[-60.81,-13.64],[-60.81,-13.64],[-60.81,-13.64],[-60.81,-13.64],[-60.81,-13.64],[-60.81,-13.64],[-60.81,-13.64],[-60.81,-13.64],[-60.81,-13.64],[-60.81,-13.64],[-60.81,-13.64],[-60.81,-13.65],[-60.81,-13.65],[-60.81,-13.65],[-60.81,-13.65],[-60.81,-13.65],[-60.81,-13.65],[-60.81,-13.65],[-60.81,-13.65],[-60.81,-13.65],[-60.81,-13.65],[-60.81,-13.65],[-60.81,-13.65],[-60.8,-13.65],[-60.8,-13.65],[-60.8,-13.65],[-60.8,-13.65],[-60.8,-13.65],[-60.8,-13.65],[-60.8,-13.65],[-60.8,-13.65],[-60.8,-13.65],[-60.8,-13.65],[-60.79,-13.65],[-60.79,-13.65],[-60.79,-13.65],[-60.79,-13.65],[-60.79,-13.65],[-60.79,-13.65],[-60.79,-13.65],[-60.79,-13.65],[-60.79,-13.65],[-60.79,-13.65],[-60.78,-13.65],[-60.78,-13.65],[-60.78,-13.65],[-60.78,-13.65],[-60.78,-13.65],[-60.78,-13.65],[-60.78,-13.65],[-60.78,-13.66],[-60.78,-13.66],[-60.78,-13.66],[-60.78,-13.66],[-60.78,-13.66],[-60.78,-13.66],[-60.78,-13.66],[-60.77,-13.66],[-60.77,-13.66],[-60.77,-13.66],[-60.77,-13.66],[-60.77,-13.66],[-60.77,-13.66],[-60.77,-13.66],[-60.77,-13.66],[-60.77,-13.66],[-60.77,-13.66],[-60.77,-13.66],[-60.77,-13.66],[-60.77,-13.66],[-60.77,-13.66],[-60.77,-13.66],[-60.77,-13.66],[-60.77,-13.67],[-60.77,-13.67],[-60.77,-13.67],[-60.77,-13.67],[-60.77,-13.67],[-60.77,-13.67],[-60.77,-13.67],[-60.77,-13.67],[-60.77,-13.67],[-60.77,-13.67],[-60.77,-13.67],[-60.77,-13.67],[-60.77,-13.67],[-60.77,-13.67],[-60.77,-13.68],[-60.77,-13.68],[-60.77,-13.68],[-60.77,-13.68],[-60.77,-13.68],[-60.77,-13.68],[-60.77,-13.68],[-60.77,-13.68],[-60.77,-13.68],[-60.76,-13.68],[-60.76,-13.68],[-60.76,-13.68],[-60.76,-13.68],[-60.76,-13.68],[-60.76,-13.68],[-60.76,-13.68],[-60.76,-13.68],[-60.76,-13.68],[-60.76,-13.68],[-60.76,-13.68],[-60.76,-13.68],[-60.76,-13.68],[-60.75,-13.68],[-60.75,-13.68],[-60.75,-13.68],[-60.75,-13.68],[-60.75,-13.68],[-60.75,-13.68],[-60.75,-13.68],[-60.75,-13.68],[-60.75,-13.68],[-60.75,-13.68],[-60.75,-13.68],[-60.75,-13.68],[-60.74,-13.68],[-60.74,-13.68],[-60.74,-13.68],[-60.74,-13.68],[-60.74,-13.68],[-60.74,-13.68],[-60.74,-13.68],[-60.73,-13.68],[-60.73,-13.68],[-60.73,-13.68],[-60.73,-13.68],[-60.73,-13.68],[-60.73,-13.68],[-60.73,-13.68],[-60.73,-13.68],[-60.73,-13.68],[-60.73,-13.68],[-60.73,-13.68],[-60.73,-13.68],[-60.73,-13.68],[-60.73,-13.68],[-60.72,-13.68],[-60.72,-13.68],[-60.72,-13.68],[-60.72,-13.69],[-60.72,-13.69],[-60.72,-13.69],[-60.72,-13.69],[-60.72,-13.69],[-60.72,-13.69],[-60.72,-13.69],[-60.72,-13.69],[-60.72,-13.69],[-60.72,-13.69],[-60.72,-13.69],[-60.72,-13.69],[-60.71,-13.69],[-60.71,-13.69],[-60.71,-13.69],[-60.71,-13.69],[-60.71,-13.69],[-60.71,-13.69],[-60.71,-13.69],[-60.71,-13.69],[-60.71,-13.69],[-60.71,-13.69],[-60.71,-13.69],[-60.71,-13.69],[-60.71,-13.69],[-60.7,-13.69],[-60.7,-13.69],[-60.7,-13.69],[-60.7,-13.69],[-60.7,-13.69],[-60.7,-13.69],[-60.7,-13.69],[-60.7,-13.69],[-60.7,-13.69],[-60.7,-13.7],[-60.7,-13.7],[-60.7,-13.7],[-60.7,-13.7],[-60.7,-13.7],[-60.7,-13.7],[-60.7,-13.7],[-60.7,-13.7],[-60.7,-13.7],[-60.7,-13.7],[-60.7,-13.7],[-60.7,-13.7],[-60.7,-13.7],[-60.7,-13.71],[-60.7,-13.71],[-60.7,-13.71],[-60.7,-13.71],[-60.7,-13.71],[-60.7,-13.71],[-60.7,-13.71],[-60.69,-13.71],[-60.69,-13.71],[-60.69,-13.71],[-60.69,-13.71],[-60.69,-13.71],[-60.69,-13.71],[-60.69,-13.71],[-60.69,-13.71],[-60.69,-13.71],[-60.69,-13.71],[-60.69,-13.7],[-60.69,-13.7],[-60.69,-13.7],[-60.69,-13.7],[-60.69,-13.7],[-60.69,-13.7],[-60.69,-13.7],[-60.69,-13.7],[-60.69,-13.7],[-60.69,-13.7],[-60.69,-13.7],[-60.69,-13.69],[-60.69,-13.69],[-60.69,-13.69],[-60.69,-13.69],[-60.69,-13.69],[-60.69,-13.69],[-60.69,-13.69],[-60.69,-13.69],[-60.69,-13.69],[-60.69,-13.69],[-60.69,-13.69],[-60.69,-13.69],[-60.69,-13.7],[-60.69,-13.7],[-60.69,-13.7],[-60.69,-13.7],[-60.69,-13.7],[-60.69,-13.7],[-60.68,-13.7],[-60.68,-13.7],[-60.68,-13.7],[-60.68,-13.7],[-60.68,-13.7],[-60.68,-13.7],[-60.68,-13.7],[-60.68,-13.71],[-60.68,-13.71],[-60.68,-13.71],[-60.68,-13.71],[-60.68,-13.71],[-60.68,-13.71],[-60.68,-13.71],[-60.68,-13.71],[-60.68,-13.71],[-60.68,-13.71],[-60.68,-13.71],[-60.68,-13.71],[-60.68,-13.71],[-60.68,-13.71],[-60.68,-13.71],[-60.68,-13.72],[-60.68,-13.72],[-60.68,-13.72],[-60.68,-13.72],[-60.67,-13.72],[-60.67,-13.72],[-60.67,-13.72],[-60.67,-13.72],[-60.67,-13.72],[-60.67,-13.72],[-60.67,-13.72],[-60.67,-13.72],[-60.67,-13.72],[-60.67,-13.72],[-60.67,-13.72],[-60.67,-13.72],[-60.67,-13.72],[-60.67,-13.72],[-60.67,-13.72],[-60.67,-13.72],[-60.66,-13.72],[-60.66,-13.72],[-60.66,-13.72],[-60.66,-13.73],[-60.66,-13.73],[-60.66,-13.73],[-60.66,-13.73],[-60.66,-13.73],[-60.66,-13.73],[-60.66,-13.73],[-60.66,-13.73],[-60.66,-13.73],[-60.66,-13.73],[-60.66,-13.73],[-60.66,-13.73],[-60.66,-13.73],[-60.66,-13.73],[-60.66,-13.73],[-60.65,-13.73],[-60.65,-13.73],[-60.65,-13.73],[-60.65,-13.73],[-60.65,-13.73],[-60.65,-13.73],[-60.65,-13.73],[-60.65,-13.73],[-60.65,-13.73],[-60.65,-13.73],[-60.65,-13.73],[-60.65,-13.73],[-60.65,-13.72],[-60.65,-13.72],[-60.65,-13.72],[-60.65,-13.73],[-60.65,-13.73],[-60.65,-13.73],[-60.65,-13.73],[-60.65,-13.73],[-60.65,-13.73],[-60.65,-13.73],[-60.65,-13.73],[-60.65,-13.73],[-60.65,-13.73],[-60.65,-13.73],[-60.65,-13.73],[-60.65,-13.73],[-60.64,-13.73],[-60.64,-13.73],[-60.64,-13.73],[-60.64,-13.73],[-60.64,-13.73],[-60.64,-13.73],[-60.64,-13.73],[-60.64,-13.73],[-60.64,-13.73],[-60.64,-13.73],[-60.64,-13.73],[-60.64,-13.73],[-60.64,-13.72],[-60.64,-13.72],[-60.64,-13.72],[-60.64,-13.72],[-60.64,-13.72],[-60.64,-13.72],[-60.64,-13.72],[-60.63,-13.72],[-60.63,-13.72],[-60.63,-13.72],[-60.63,-13.72],[-60.63,-13.72],[-60.63,-13.72],[-60.63,-13.72],[-60.63,-13.72],[-60.63,-13.72],[-60.63,-13.72],[-60.63,-13.72],[-60.63,-13.72],[-60.63,-13.72],[-60.63,-13.72],[-60.63,-13.72],[-60.62,-13.72],[-60.62,-13.71],[-60.62,-13.71],[-60.62,-13.71],[-60.62,-13.71],[-60.62,-13.72],[-60.62,-13.72],[-60.62,-13.72],[-60.62,-13.72],[-60.62,-13.72],[-60.62,-13.72],[-60.62,-13.72],[-60.62,-13.72],[-60.61,-13.72],[-60.61,-13.72],[-60.61,-13.72],[-60.61,-13.72],[-60.61,-13.72],[-60.61,-13.72],[-60.61,-13.72],[-60.61,-13.72],[-60.61,-13.72],[-60.61,-13.72],[-60.61,-13.72],[-60.61,-13.72],[-60.61,-13.73],[-60.61,-13.73],[-60.61,-13.73],[-60.61,-13.73],[-60.61,-13.73],[-60.61,-13.73],[-60.61,-13.73],[-60.61,-13.73],[-60.61,-13.73],[-60.61,-13.73],[-60.61,-13.73],[-60.61,-13.73],[-60.61,-13.73],[-60.61,-13.73],[-60.61,-13.74],[-60.61,-13.74],[-60.61,-13.74],[-60.61,-13.74],[-60.61,-13.73],[-60.61,-13.73],[-60.61,-13.73],[-60.61,-13.73],[-60.6,-13.73],[-60.6,-13.73],[-60.6,-13.73],[-60.6,-13.73],[-60.6,-13.74],[-60.6,-13.74],[-60.6,-13.74],[-60.6,-13.74],[-60.6,-13.74],[-60.6,-13.74],[-60.6,-13.74],[-60.6,-13.74],[-60.6,-13.74],[-60.6,-13.74],[-60.6,-13.74],[-60.6,-13.74],[-60.6,-13.74],[-60.6,-13.74],[-60.6,-13.74],[-60.6,-13.74],[-60.6,-13.74],[-60.6,-13.74],[-60.6,-13.74],[-60.6,-13.74],[-60.6,-13.74],[-60.6,-13.74],[-60.59,-13.74],[-60.59,-13.74],[-60.59,-13.74],[-60.59,-13.74],[-60.59,-13.74],[-60.59,-13.74],[-60.59,-13.74],[-60.59,-13.74],[-60.59,-13.74],[-60.59,-13.74],[-60.59,-13.74],[-60.59,-13.74],[-60.59,-13.74],[-60.59,-13.74],[-60.59,-13.74],[-60.59,-13.74],[-60.59,-13.74],[-60.58,-13.74],[-60.58,-13.74],[-60.58,-13.74],[-60.58,-13.74],[-60.58,-13.74],[-60.58,-13.74],[-60.58,-13.74],[-60.58,-13.74],[-60.58,-13.74],[-60.58,-13.74],[-60.57,-13.74],[-60.57,-13.74],[-60.57,-13.74],[-60.57,-13.75],[-60.57,-13.75],[-60.57,-13.75],[-60.57,-13.75],[-60.58,-13.75],[-60.58,-13.75],[-60.58,-13.75],[-60.58,-13.75],[-60.58,-13.75],[-60.58,-13.75],[-60.58,-13.75],[-60.57,-13.76],[-60.57,-13.76],[-60.57,-13.76],[-60.57,-13.76],[-60.57,-13.76],[-60.57,-13.76],[-60.57,-13.76],[-60.57,-13.76],[-60.57,-13.76],[-60.57,-13.76],[-60.57,-13.76],[-60.57,-13.76],[-60.57,-13.76],[-60.56,-13.76],[-60.56,-13.76],[-60.56,-13.76],[-60.56,-13.76],[-60.57,-13.76],[-60.57,-13.76],[-60.57,-13.76],[-60.57,-13.76],[-60.57,-13.76],[-60.57,-13.76],[-60.57,-13.76],[-60.57,-13.76],[-60.57,-13.76],[-60.57,-13.77],[-60.57,-13.77],[-60.57,-13.77],[-60.57,-13.77],[-60.57,-13.77],[-60.56,-13.77],[-60.56,-13.77],[-60.56,-13.77],[-60.56,-13.77],[-60.56,-13.77],[-60.56,-13.77],[-60.56,-13.77],[-60.56,-13.77],[-60.56,-13.77],[-60.56,-13.77],[-60.56,-13.77],[-60.56,-13.77],[-60.56,-13.77],[-60.56,-13.77],[-60.55,-13.77],[-60.55,-13.77],[-60.55,-13.77],[-60.55,-13.77],[-60.55,-13.77],[-60.55,-13.77],[-60.55,-13.77],[-60.55,-13.77],[-60.55,-13.78],[-60.55,-13.78],[-60.55,-13.78],[-60.55,-13.78],[-60.55,-13.78],[-60.55,-13.78],[-60.55,-13.78],[-60.55,-13.78],[-60.55,-13.78],[-60.55,-13.78],[-60.55,-13.78],[-60.55,-13.78],[-60.55,-13.78],[-60.54,-13.78],[-60.54,-13.78],[-60.54,-13.78],[-60.54,-13.78],[-60.54,-13.78],[-60.54,-13.77],[-60.54,-13.77],[-60.55,-13.77],[-60.55,-13.77],[-60.55,-13.77],[-60.55,-13.77],[-60.55,-13.77],[-60.55,-13.77],[-60.55,-13.77],[-60.55,-13.77],[-60.55,-13.77],[-60.54,-13.77],[-60.54,-13.77],[-60.54,-13.77],[-60.54,-13.77],[-60.54,-13.77],[-60.54,-13.77],[-60.54,-13.77],[-60.54,-13.77],[-60.54,-13.77],[-60.54,-13.77],[-60.54,-13.77],[-60.54,-13.77],[-60.54,-13.77],[-60.54,-13.77],[-60.54,-13.77],[-60.53,-13.77],[-60.53,-13.77],[-60.53,-13.77],[-60.53,-13.77],[-60.53,-13.77],[-60.53,-13.77],[-60.53,-13.77],[-60.53,-13.77],[-60.53,-13.77],[-60.53,-13.77],[-60.53,-13.77],[-60.53,-13.77],[-60.53,-13.77],[-60.53,-13.77],[-60.52,-13.77],[-60.52,-13.77],[-60.52,-13.77],[-60.52,-13.77],[-60.52,-13.77],[-60.52,-13.77],[-60.52,-13.77],[-60.52,-13.77],[-60.52,-13.77],[-60.52,-13.77],[-60.52,-13.77],[-60.52,-13.77],[-60.52,-13.77],[-60.52,-13.77],[-60.52,-13.77],[-60.52,-13.78],[-60.52,-13.78],[-60.52,-13.78],[-60.52,-13.78],[-60.52,-13.78],[-60.52,-13.78],[-60.52,-13.78],[-60.52,-13.78],[-60.52,-13.78],[-60.52,-13.78],[-60.52,-13.78],[-60.52,-13.78],[-60.52,-13.78],[-60.52,-13.78],[-60.52,-13.79],[-60.52,-13.79],[-60.52,-13.79],[-60.52,-13.79],[-60.52,-13.79],[-60.53,-13.79],[-60.53,-13.79],[-60.53,-13.79],[-60.53,-13.79],[-60.53,-13.79],[-60.53,-13.79],[-60.53,-13.79],[-60.53,-13.79],[-60.52,-13.79],[-60.52,-13.79],[-60.52,-13.79],[-60.52,-13.79],[-60.52,-13.79],[-60.52,-13.79],[-60.52,-13.79],[-60.52,-13.79],[-60.52,-13.79],[-60.52,-13.79],[-60.52,-13.79],[-60.52,-13.79],[-60.52,-13.79],[-60.52,-13.79],[-60.51,-13.79],[-60.51,-13.79],[-60.51,-13.79],[-60.51,-13.79],[-60.51,-13.79],[-60.51,-13.79],[-60.51,-13.79],[-60.51,-13.79],[-60.51,-13.79],[-60.51,-13.79],[-60.51,-13.79],[-60.51,-13.79],[-60.51,-13.79],[-60.5,-13.79],[-60.5,-13.79],[-60.5,-13.79],[-60.5,-13.79],[-60.5,-13.79],[-60.5,-13.79],[-60.5,-13.79],[-60.5,-13.79],[-60.5,-13.79],[-60.5,-13.79],[-60.5,-13.79],[-60.5,-13.79],[-60.5,-13.79],[-60.5,-13.79],[-60.5,-13.79],[-60.5,-13.79],[-60.5,-13.79],[-60.5,-13.79],[-60.5,-13.79],[-60.5,-13.79],[-60.5,-13.79],[-60.49,-13.79],[-60.49,-13.79],[-60.49,-13.79],[-60.49,-13.79],[-60.49,-13.79],[-60.49,-13.79],[-60.49,-13.79],[-60.49,-13.79],[-60.49,-13.79],[-60.48,-13.79],[-60.48,-13.79],[-60.48,-13.79],[-60.48,-13.79],[-60.48,-13.79],[-60.48,-13.79],[-60.48,-13.79],[-60.48,-13.79],[-60.47,-13.79],[-60.47,-13.79],[-60.47,-13.79],[-60.47,-13.79],[-60.46,-13.79],[-60.46,-13.79],[-60.46,-13.79],[-60.46,-13.8],[-60.46,-13.8],[-60.46,-13.8],[-60.46,-13.8],[-60.46,-13.8],[-60.46,-13.8],[-60.46,-13.81],[-60.46,-13.81],[-60.46,-13.81],[-60.46,-13.81],[-60.46,-13.81],[-60.46,-13.81],[-60.46,-13.82],[-60.46,-13.82],[-60.46,-13.82],[-60.46,-13.82],[-60.46,-13.82],[-60.46,-13.83],[-60.46,-13.83],[-60.47,-13.83],[-60.47,-13.83],[-60.47,-13.83],[-60.47,-13.83],[-60.47,-13.83],[-60.47,-13.83],[-60.47,-13.83],[-60.47,-13.83],[-60.47,-13.83],[-60.46,-13.83],[-60.46,-13.83],[-60.46,-13.84],[-60.46,-13.84],[-60.47,-13.84],[-60.47,-13.84],[-60.47,-13.84],[-60.47,-13.84],[-60.47,-13.84],[-60.47,-13.85],[-60.47,-13.85],[-60.47,-13.85],[-60.47,-13.85],[-60.47,-13.85],[-60.47,-13.85],[-60.47,-13.85],[-60.46,-13.85],[-60.46,-13.85],[-60.46,-13.85],[-60.46,-13.85],[-60.46,-13.85],[-60.46,-13.85],[-60.46,-13.85],[-60.45,-13.85],[-60.45,-13.85],[-60.45,-13.85],[-60.45,-13.85],[-60.45,-13.85],[-60.45,-13.86],[-60.45,-13.86],[-60.45,-13.86],[-60.45,-13.86],[-60.45,-13.86],[-60.45,-13.87],[-60.45,-13.87],[-60.45,-13.87],[-60.45,-13.87],[-60.45,-13.88],[-60.45,-13.88],[-60.45,-13.88],[-60.45,-13.88],[-60.45,-13.88],[-60.45,-13.88],[-60.45,-13.88],[-60.45,-13.88],[-60.45,-13.88],[-60.45,-13.88],[-60.45,-13.88],[-60.45,-13.88],[-60.45,-13.88],[-60.45,-13.88],[-60.45,-13.88],[-60.44,-13.88],[-60.44,-13.88],[-60.44,-13.88],[-60.44,-13.89],[-60.44,-13.89],[-60.44,-13.89],[-60.44,-13.89],[-60.44,-13.89],[-60.44,-13.89],[-60.44,-13.9],[-60.44,-13.9],[-60.44,-13.9],[-60.44,-13.91],[-60.44,-13.91],[-60.44,-13.91],[-60.44,-13.91],[-60.44,-13.91],[-60.44,-13.91],[-60.44,-13.91],[-60.44,-13.91],[-60.44,-13.92],[-60.44,-13.92],[-60.44,-13.92],[-60.44,-13.92],[-60.44,-13.92],[-60.44,-13.92],[-60.44,-13.92],[-60.44,-13.93],[-60.44,-13.93],[-60.44,-13.93],[-60.44,-13.93],[-60.44,-13.93],[-60.44,-13.93],[-60.44,-13.93],[-60.44,-13.93],[-60.44,-13.94],[-60.44,-13.94],[-60.44,-13.94],[-60.44,-13.94],[-60.44,-13.94],[-60.43,-13.94],[-60.43,-13.94],[-60.43,-13.94],[-60.43,-13.94],[-60.43,-13.94],[-60.43,-13.95],[-60.43,-13.95],[-60.43,-13.95],[-60.43,-13.95],[-60.43,-13.95],[-60.43,-13.95],[-60.43,-13.95],[-60.43,-13.95],[-60.43,-13.96],[-60.43,-13.96],[-60.43,-13.96],[-60.43,-13.96],[-60.43,-13.96],[-60.42,-13.97],[-60.42,-13.97],[-60.42,-13.97],[-60.42,-13.97],[-60.42,-13.97],[-60.42,-13.97],[-60.42,-13.97],[-60.42,-13.97],[-60.41,-13.98],[-60.41,-13.98],[-60.41,-13.98],[-60.41,-13.98],[-60.41,-13.98],[-60.41,-13.98],[-60.41,-13.99],[-60.4,-13.99],[-60.4,-13.99],[-60.4,-13.99],[-60.4,-13.99],[-60.4,-14],[-60.4,-14],[-60.4,-14],[-60.4,-14],[-60.4,-14],[-60.4,-14],[-60.4,-14.01],[-60.41,-14.01],[-60.41,-14.02],[-60.41,-14.02],[-60.41,-14.02],[-60.41,-14.02],[-60.41,-14.03],[-60.42,-14.03],[-60.42,-14.03],[-60.42,-14.04],[-60.42,-14.04],[-60.42,-14.04],[-60.42,-14.04],[-60.42,-14.04],[-60.43,-14.05],[-60.43,-14.05],[-60.43,-14.05],[-60.43,-14.05],[-60.43,-14.05],[-60.43,-14.06],[-60.43,-14.06],[-60.43,-14.06],[-60.44,-14.07],[-60.44,-14.07],[-60.44,-14.07],[-60.44,-14.07],[-60.44,-14.07],[-60.44,-14.08],[-60.44,-14.08],[-60.44,-14.08],[-60.45,-14.08],[-60.45,-14.08],[-60.45,-14.08],[-60.45,-14.08],[-60.45,-14.08],[-60.46,-14.09],[-60.46,-14.09],[-60.46,-14.09],[-60.46,-14.09],[-60.47,-14.1],[-60.47,-14.1],[-60.47,-14.1],[-60.47,-14.1],[-60.47,-14.11],[-60.47,-14.11],[-60.47,-14.11],[-60.47,-14.11],[-60.47,-14.11],[-60.47,-14.11],[-60.47,-14.12],[-60.47,-14.13],[-60.47,-14.13],[-60.47,-14.13],[-60.47,-14.13],[-60.47,-14.14],[-60.47,-14.14],[-60.47,-14.14],[-60.47,-14.14],[-60.47,-14.15],[-60.47,-14.15],[-60.47,-14.15],[-60.47,-14.16],[-60.48,-14.16],[-60.48,-14.16],[-60.48,-14.16],[-60.48,-14.17],[-60.48,-14.17],[-60.48,-14.17],[-60.48,-14.18],[-60.48,-14.18],[-60.48,-14.18],[-60.48,-14.18],[-60.48,-14.18],[-60.48,-14.18],[-60.48,-14.18],[-60.48,-14.18],[-60.47,-14.18],[-60.47,-14.18],[-60.47,-14.18],[-60.47,-14.18],[-60.47,-14.18],[-60.46,-14.18],[-60.46,-14.19],[-60.46,-14.19],[-60.46,-14.19],[-60.46,-14.2],[-60.46,-14.2],[-60.46,-14.2],[-60.46,-14.2],[-60.46,-14.2],[-60.46,-14.21],[-60.46,-14.21],[-60.46,-14.22],[-60.46,-14.22],[-60.46,-14.23],[-60.46,-14.23],[-60.46,-14.23],[-60.45,-14.23],[-60.45,-14.23],[-60.45,-14.23],[-60.45,-14.24],[-60.45,-14.24],[-60.45,-14.24],[-60.45,-14.24],[-60.45,-14.25],[-60.46,-14.25],[-60.46,-14.25],[-60.46,-14.25],[-60.46,-14.26],[-60.46,-14.26],[-60.46,-14.26],[-60.46,-14.27],[-60.45,-14.27],[-60.45,-14.27],[-60.45,-14.27],[-60.45,-14.28],[-60.45,-14.28],[-60.45,-14.28],[-60.45,-14.28],[-60.45,-14.29],[-60.45,-14.29],[-60.45,-14.29],[-60.45,-14.29],[-60.45,-14.3],[-60.45,-14.3],[-60.45,-14.3],[-60.44,-14.3],[-60.44,-14.31],[-60.44,-14.31],[-60.44,-14.31],[-60.44,-14.31],[-60.43,-14.32],[-60.43,-14.32],[-60.43,-14.32],[-60.43,-14.32],[-60.43,-14.32],[-60.42,-14.32],[-60.42,-14.32],[-60.42,-14.33],[-60.41,-14.33],[-60.41,-14.33],[-60.41,-14.34],[-60.41,-14.34],[-60.41,-14.34],[-60.41,-14.34],[-60.4,-14.35],[-60.4,-14.35],[-60.4,-14.35],[-60.4,-14.35],[-60.4,-14.35],[-60.4,-14.35],[-60.4,-14.35],[-60.39,-14.35],[-60.39,-14.35],[-60.39,-14.35],[-60.39,-14.35],[-60.39,-14.36],[-60.39,-14.36],[-60.39,-14.36],[-60.39,-14.36],[-60.38,-14.36],[-60.38,-14.36],[-60.38,-14.36],[-60.38,-14.36],[-60.38,-14.37],[-60.38,-14.37],[-60.38,-14.37],[-60.38,-14.37],[-60.38,-14.38],[-60.38,-14.38],[-60.38,-14.39],[-60.38,-14.39],[-60.38,-14.39],[-60.38,-14.39],[-60.39,-14.39],[-60.39,-14.39],[-60.39,-14.39],[-60.39,-14.39],[-60.4,-14.4],[-60.4,-14.4],[-60.4,-14.4],[-60.4,-14.41],[-60.4,-14.41],[-60.4,-14.42],[-60.39,-14.42],[-60.39,-14.42],[-60.39,-14.42],[-60.39,-14.43],[-60.39,-14.43],[-60.39,-14.43],[-60.39,-14.43],[-60.38,-14.44],[-60.38,-14.44],[-60.38,-14.45],[-60.37,-14.45],[-60.37,-14.46],[-60.37,-14.46],[-60.37,-14.46],[-60.36,-14.48],[-60.36,-14.48],[-60.35,-14.49],[-60.35,-14.49],[-60.35,-14.5],[-60.35,-14.5],[-60.35,-14.5],[-60.35,-14.5],[-60.35,-14.5],[-60.35,-14.5],[-60.34,-14.5],[-60.34,-14.5],[-60.34,-14.5],[-60.34,-14.5],[-60.34,-14.5],[-60.34,-14.5],[-60.34,-14.5],[-60.34,-14.5],[-60.34,-14.51],[-60.34,-14.51],[-60.34,-14.51],[-60.34,-14.51],[-60.34,-14.51],[-60.34,-14.51],[-60.34,-14.51],[-60.34,-14.51],[-60.34,-14.51],[-60.34,-14.51],[-60.34,-14.51],[-60.34,-14.51],[-60.34,-14.51],[-60.34,-14.51],[-60.34,-14.52],[-60.34,-14.52],[-60.34,-14.52],[-60.34,-14.52],[-60.34,-14.52],[-60.34,-14.52],[-60.34,-14.52],[-60.34,-14.52],[-60.34,-14.52],[-60.34,-14.52],[-60.34,-14.52],[-60.34,-14.52],[-60.34,-14.52],[-60.34,-14.52],[-60.33,-14.53],[-60.33,-14.53],[-60.33,-14.53],[-60.34,-14.53],[-60.34,-14.53],[-60.34,-14.53],[-60.34,-14.53],[-60.34,-14.53],[-60.34,-14.53],[-60.34,-14.53],[-60.34,-14.53],[-60.34,-14.53],[-60.34,-14.53],[-60.34,-14.53],[-60.34,-14.53],[-60.34,-14.53],[-60.34,-14.53],[-60.34,-14.53],[-60.34,-14.53],[-60.34,-14.53],[-60.34,-14.53],[-60.34,-14.54],[-60.34,-14.54],[-60.33,-14.54],[-60.33,-14.54],[-60.33,-14.54],[-60.33,-14.54],[-60.33,-14.54],[-60.33,-14.54],[-60.33,-14.54],[-60.33,-14.54],[-60.33,-14.54],[-60.33,-14.54],[-60.33,-14.55],[-60.33,-14.55],[-60.33,-14.55],[-60.33,-14.55],[-60.33,-14.55],[-60.33,-14.55],[-60.33,-14.55],[-60.33,-14.55],[-60.33,-14.55],[-60.33,-14.56],[-60.33,-14.56],[-60.33,-14.56],[-60.33,-14.56],[-60.33,-14.56],[-60.33,-14.56],[-60.33,-14.56],[-60.33,-14.56],[-60.33,-14.56],[-60.33,-14.56],[-60.33,-14.57],[-60.33,-14.57],[-60.33,-14.57],[-60.33,-14.57],[-60.33,-14.57],[-60.33,-14.57],[-60.33,-14.57],[-60.33,-14.57],[-60.33,-14.57],[-60.33,-14.57],[-60.33,-14.58],[-60.33,-14.58],[-60.33,-14.58],[-60.33,-14.58],[-60.33,-14.58],[-60.33,-14.58],[-60.33,-14.58],[-60.33,-14.58],[-60.33,-14.59],[-60.33,-14.59],[-60.33,-14.59],[-60.33,-14.59],[-60.33,-14.59],[-60.33,-14.59],[-60.33,-14.59],[-60.33,-14.59],[-60.33,-14.59],[-60.33,-14.59],[-60.33,-14.59],[-60.33,-14.59],[-60.32,-14.6],[-60.32,-14.6],[-60.32,-14.6],[-60.32,-14.6],[-60.32,-14.6],[-60.32,-14.6],[-60.32,-14.6],[-60.32,-14.6],[-60.32,-14.61],[-60.32,-14.61],[-60.32,-14.61],[-60.32,-14.61],[-60.32,-14.61],[-60.32,-14.61],[-60.32,-14.61],[-60.31,-14.61],[-60.31,-14.61],[-60.31,-14.61],[-60.31,-14.61],[-60.31,-14.61],[-60.31,-14.61],[-60.31,-14.61],[-60.31,-14.61],[-60.3,-14.61],[-60.3,-14.61],[-60.3,-14.61],[-60.3,-14.61],[-60.3,-14.61],[-60.3,-14.62],[-60.3,-14.62],[-60.3,-14.62],[-60.3,-14.62],[-60.29,-14.62],[-60.29,-14.62],[-60.29,-14.62],[-60.29,-14.62],[-60.29,-14.62],[-60.29,-14.62],[-60.29,-14.62],[-60.29,-14.62],[-60.29,-14.62],[-60.28,-14.62],[-60.28,-14.62],[-60.28,-14.62],[-60.28,-14.62],[-60.28,-14.62],[-60.28,-14.62],[-60.28,-14.62],[-60.27,-14.62],[-60.27,-14.62],[-60.27,-14.62],[-60.27,-14.62],[-60.27,-14.62],[-60.27,-14.62],[-60.27,-14.62],[-60.27,-14.62],[-60.27,-14.62],[-60.27,-14.62],[-60.27,-14.62],[-60.27,-14.62],[-60.27,-14.62],[-60.27,-14.63],[-60.27,-14.63],[-60.27,-14.63],[-60.27,-14.63],[-60.27,-14.63],[-60.27,-14.63],[-60.27,-14.63],[-60.27,-14.63],[-60.27,-14.63],[-60.27,-14.63],[-60.27,-14.63],[-60.27,-14.64],[-60.27,-14.64],[-60.27,-14.64],[-60.27,-14.64],[-60.27,-14.64],[-60.27,-14.64],[-60.27,-14.65],[-60.27,-14.65],[-60.27,-14.65],[-60.27,-14.65],[-60.27,-14.65],[-60.27,-14.65],[-60.27,-14.65],[-60.27,-14.66],[-60.27,-14.66],[-60.27,-14.66],[-60.27,-14.66],[-60.27,-14.66],[-60.27,-14.66],[-60.27,-14.67],[-60.27,-14.67],[-60.27,-14.67],[-60.27,-14.67],[-60.27,-14.67],[-60.27,-14.67],[-60.27,-14.68],[-60.27,-14.68],[-60.27,-14.68],[-60.27,-14.68],[-60.27,-14.68],[-60.27,-14.68],[-60.27,-14.68],[-60.27,-14.69],[-60.27,-14.69],[-60.27,-14.69],[-60.27,-14.69],[-60.27,-14.69],[-60.27,-14.69],[-60.27,-14.69],[-60.27,-14.69],[-60.27,-14.7],[-60.27,-14.7],[-60.27,-14.7],[-60.27,-14.7],[-60.27,-14.7],[-60.27,-14.7],[-60.27,-14.7],[-60.27,-14.7],[-60.27,-14.7],[-60.27,-14.71],[-60.27,-14.71],[-60.27,-14.71],[-60.27,-14.71],[-60.27,-14.71],[-60.27,-14.71],[-60.27,-14.71],[-60.27,-14.71],[-60.27,-14.71],[-60.27,-14.71],[-60.27,-14.72],[-60.27,-14.72],[-60.26,-14.72],[-60.26,-14.72],[-60.26,-14.72],[-60.26,-14.72],[-60.26,-14.72],[-60.26,-14.72],[-60.26,-14.73],[-60.26,-14.73],[-60.26,-14.73],[-60.26,-14.74],[-60.26,-14.74],[-60.26,-14.75],[-60.26,-14.77],[-60.26,-14.79],[-60.26,-14.81],[-60.25,-14.88],[-60.25,-14.9],[-60.25,-14.92],[-60.25,-14.94],[-60.25,-14.96],[-60.25,-14.98],[-60.25,-14.98],[-60.25,-14.99],[-60.25,-15],[-60.24,-15.09],[-60.25,-15.09],[-60.26,-15.09],[-60.29,-15.09],[-60.31,-15.09],[-60.32,-15.09],[-60.33,-15.09],[-60.34,-15.09],[-60.34,-15.09],[-60.35,-15.09],[-60.36,-15.09],[-60.36,-15.09],[-60.36,-15.09],[-60.37,-15.09],[-60.37,-15.09],[-60.38,-15.09],[-60.38,-15.09],[-60.39,-15.09],[-60.39,-15.09],[-60.4,-15.09],[-60.4,-15.09],[-60.4,-15.09],[-60.41,-15.09],[-60.41,-15.09],[-60.42,-15.09],[-60.43,-15.09],[-60.43,-15.09],[-60.44,-15.09],[-60.44,-15.09],[-60.45,-15.09],[-60.48,-15.09],[-60.49,-15.09],[-60.49,-15.09],[-60.5,-15.09],[-60.5,-15.09],[-60.5,-15.09],[-60.56,-15.09],[-60.57,-15.09],[-60.57,-15.1],[-60.53,-15.14],[-60.51,-15.16],[-60.5,-15.17],[-60.5,-15.17],[-60.5,-15.18],[-60.5,-15.18],[-60.5,-15.18],[-60.49,-15.18],[-60.49,-15.18],[-60.49,-15.19],[-60.48,-15.19],[-60.48,-15.2],[-60.48,-15.2],[-60.47,-15.2],[-60.47,-15.21],[-60.42,-15.26],[-60.41,-15.27],[-60.36,-15.33],[-60.34,-15.36],[-60.32,-15.37],[-60.3,-15.39],[-60.29,-15.41],[-60.27,-15.44],[-60.24,-15.47],[-60.23,-15.49],[-60.23,-15.5],[-60.23,-15.51],[-60.23,-15.53],[-60.22,-15.66],[-60.2,-15.76],[-60.2,-15.84],[-60.19,-15.89],[-60.18,-15.96],[-60.18,-16],[-60.18,-16.03],[-60.18,-16.04],[-60.18,-16.08],[-60.18,-16.11],[-60.17,-16.16],[-60.17,-16.17],[-60.17,-16.18],[-60.17,-16.19],[-60.17,-16.22],[-60.17,-16.24],[-60.17,-16.26],[-60.17,-16.26],[-60.17,-16.26],[-60.16,-16.26],[-60.16,-16.26],[-60.15,-16.26],[-60.14,-16.26],[-60.14,-16.26],[-60.12,-16.26],[-60.12,-16.26],[-60.12,-16.26],[-60.12,-16.26],[-60.12,-16.26],[-60.1,-16.26],[-60.09,-16.26],[-60.09,-16.26],[-60.08,-16.26],[-60.07,-16.26],[-60.06,-16.27],[-60.05,-16.27],[-60.04,-16.27],[-60.03,-16.27],[-60.01,-16.27],[-60,-16.27],[-60,-16.27],[-59.98,-16.27],[-59.97,-16.27],[-59.97,-16.27],[-59.97,-16.27],[-59.97,-16.27],[-59.97,-16.27],[-59.96,-16.27],[-59.96,-16.27],[-59.96,-16.27],[-59.96,-16.27],[-59.96,-16.27],[-59.95,-16.27],[-59.95,-16.27],[-59.95,-16.27],[-59.95,-16.27],[-59.95,-16.27],[-59.94,-16.27],[-59.94,-16.27],[-59.94,-16.27],[-59.94,-16.27],[-59.94,-16.27],[-59.93,-16.27],[-59.93,-16.27],[-59.93,-16.27],[-59.93,-16.27],[-59.92,-16.27],[-59.92,-16.27],[-59.92,-16.27],[-59.92,-16.27],[-59.92,-16.27],[-59.91,-16.27],[-59.91,-16.27],[-59.91,-16.27],[-59.91,-16.27],[-59.91,-16.27],[-59.9,-16.27],[-59.9,-16.27],[-59.9,-16.27],[-59.9,-16.27],[-59.89,-16.27],[-59.89,-16.27],[-59.89,-16.27],[-59.89,-16.27],[-59.89,-16.27],[-59.88,-16.27],[-59.88,-16.27],[-59.88,-16.27],[-59.88,-16.27],[-59.88,-16.27],[-59.87,-16.27],[-59.87,-16.27],[-59.87,-16.27],[-59.87,-16.27],[-59.86,-16.27],[-59.86,-16.27],[-59.86,-16.27],[-59.86,-16.27],[-59.86,-16.27],[-59.85,-16.27],[-59.85,-16.27],[-59.85,-16.27],[-59.85,-16.27],[-59.85,-16.27],[-59.84,-16.27],[-59.84,-16.27],[-59.84,-16.27],[-59.84,-16.27],[-59.84,-16.27],[-59.83,-16.27],[-59.83,-16.27],[-59.83,-16.27],[-59.83,-16.27],[-59.82,-16.27],[-59.82,-16.27],[-59.82,-16.27],[-59.82,-16.27],[-59.82,-16.27],[-59.81,-16.27],[-59.81,-16.27],[-59.81,-16.27],[-59.81,-16.27],[-59.81,-16.27],[-59.8,-16.27],[-59.8,-16.27],[-59.8,-16.27],[-59.8,-16.27],[-59.79,-16.27],[-59.79,-16.27],[-59.79,-16.27],[-59.79,-16.27],[-59.79,-16.27],[-59.78,-16.27],[-59.78,-16.27],[-59.78,-16.27],[-59.78,-16.27],[-59.78,-16.27],[-59.77,-16.27],[-59.77,-16.27],[-59.77,-16.27],[-59.77,-16.27],[-59.76,-16.27],[-59.76,-16.27],[-59.76,-16.27],[-59.76,-16.27],[-59.76,-16.27],[-59.75,-16.27],[-59.75,-16.27],[-59.75,-16.27],[-59.75,-16.27],[-59.75,-16.27],[-59.75,-16.27],[-59.75,-16.27],[-59.75,-16.27],[-59.75,-16.27],[-59.75,-16.27],[-59.74,-16.27],[-59.74,-16.27],[-59.74,-16.27],[-59.74,-16.27],[-59.74,-16.27],[-59.74,-16.27],[-59.74,-16.27],[-59.74,-16.27],[-59.73,-16.27],[-59.73,-16.27],[-59.73,-16.27],[-59.73,-16.27],[-59.73,-16.27],[-59.73,-16.27],[-59.73,-16.27],[-59.72,-16.27],[-59.72,-16.27],[-59.72,-16.27],[-59.72,-16.27],[-59.72,-16.27],[-59.72,-16.27],[-59.72,-16.27],[-59.71,-16.27],[-59.71,-16.27],[-59.71,-16.27],[-59.71,-16.27],[-59.71,-16.27],[-59.71,-16.27],[-59.71,-16.27],[-59.7,-16.27],[-59.7,-16.27],[-59.7,-16.27],[-59.7,-16.27],[-59.7,-16.27],[-59.7,-16.27],[-59.7,-16.27],[-59.69,-16.27],[-59.69,-16.27],[-59.69,-16.27],[-59.69,-16.27],[-59.69,-16.27],[-59.69,-16.27],[-59.69,-16.27],[-59.68,-16.27],[-59.68,-16.27],[-59.68,-16.27],[-59.68,-16.27],[-59.68,-16.27],[-59.68,-16.27],[-59.67,-16.27],[-59.67,-16.27],[-59.67,-16.27],[-59.67,-16.27],[-59.67,-16.27],[-59.67,-16.27],[-59.67,-16.27],[-59.66,-16.27],[-59.66,-16.27],[-59.66,-16.27],[-59.66,-16.27],[-59.66,-16.27],[-59.66,-16.27],[-59.66,-16.27],[-59.65,-16.27],[-59.65,-16.27],[-59.65,-16.27],[-59.65,-16.27],[-59.65,-16.27],[-59.65,-16.27],[-59.65,-16.27],[-59.64,-16.27],[-59.64,-16.27],[-59.64,-16.27],[-59.64,-16.27],[-59.64,-16.27],[-59.64,-16.27],[-59.63,-16.27],[-59.63,-16.27],[-59.63,-16.27],[-59.63,-16.27],[-59.63,-16.27],[-59.63,-16.27],[-59.63,-16.27],[-59.62,-16.27],[-59.62,-16.27],[-59.62,-16.27],[-59.62,-16.27],[-59.62,-16.27],[-59.62,-16.27],[-59.62,-16.27],[-59.61,-16.27],[-59.61,-16.27],[-59.61,-16.27],[-59.61,-16.27],[-59.61,-16.27],[-59.61,-16.27],[-59.6,-16.27],[-59.6,-16.27],[-59.6,-16.27],[-59.6,-16.27],[-59.6,-16.27],[-59.6,-16.27],[-59.6,-16.27],[-59.59,-16.27],[-59.59,-16.27],[-59.59,-16.27],[-59.59,-16.27],[-59.59,-16.27],[-59.59,-16.27],[-59.59,-16.27],[-59.58,-16.27],[-59.58,-16.27],[-59.58,-16.27],[-59.58,-16.27],[-59.58,-16.27],[-59.58,-16.27],[-59.57,-16.27],[-59.57,-16.27],[-59.57,-16.27],[-59.57,-16.27],[-59.57,-16.27],[-59.57,-16.27],[-59.57,-16.27],[-59.56,-16.27],[-59.56,-16.27],[-59.56,-16.27],[-59.56,-16.27],[-59.56,-16.27],[-59.56,-16.27],[-59.56,-16.27],[-59.55,-16.27],[-59.55,-16.27],[-59.55,-16.27],[-59.55,-16.27],[-59.55,-16.27],[-59.55,-16.27],[-59.54,-16.27],[-59.54,-16.27],[-59.54,-16.27],[-59.54,-16.28],[-59.54,-16.28],[-59.54,-16.28],[-59.54,-16.28],[-59.49,-16.28],[-59.49,-16.28],[-59.49,-16.28],[-59.49,-16.28],[-59.49,-16.28],[-59.49,-16.28],[-59.49,-16.28],[-59.49,-16.28],[-59.49,-16.28],[-59.49,-16.28],[-59.49,-16.28],[-59.48,-16.28],[-59.48,-16.28],[-59.48,-16.28],[-59.48,-16.28],[-59.48,-16.28],[-59.48,-16.28],[-59.48,-16.28],[-59.47,-16.28],[-59.47,-16.28],[-59.46,-16.28],[-59.46,-16.28],[-59.45,-16.28],[-59.45,-16.28],[-59.45,-16.28],[-59.45,-16.28],[-59.44,-16.28],[-59.44,-16.28],[-59.44,-16.28],[-59.44,-16.28],[-59.44,-16.28],[-59.44,-16.28],[-59.44,-16.28],[-59.44,-16.28],[-59.43,-16.28],[-59.43,-16.28],[-59.43,-16.28],[-59.43,-16.28],[-59.43,-16.28],[-59.43,-16.28],[-59.43,-16.28],[-59.43,-16.28],[-59.42,-16.28],[-59.42,-16.28],[-59.42,-16.28],[-59.42,-16.28],[-59.42,-16.28],[-59.42,-16.28],[-59.42,-16.28],[-59.42,-16.28],[-59.41,-16.28],[-59.41,-16.28],[-59.41,-16.28],[-59.41,-16.28],[-59.41,-16.28],[-59.41,-16.28],[-59.41,-16.28],[-59.4,-16.28],[-59.4,-16.28],[-59.4,-16.28],[-59.4,-16.28],[-59.4,-16.28],[-59.4,-16.28],[-59.4,-16.28],[-59.39,-16.28],[-59.39,-16.28],[-59.39,-16.28],[-59.39,-16.28],[-59.39,-16.28],[-59.39,-16.28],[-59.39,-16.28],[-59.38,-16.28],[-59.38,-16.28],[-59.38,-16.28],[-59.38,-16.28],[-59.38,-16.28],[-59.38,-16.28],[-59.38,-16.28],[-59.37,-16.28],[-59.37,-16.28],[-59.37,-16.28],[-59.37,-16.28],[-59.37,-16.28],[-59.37,-16.28],[-59.37,-16.28],[-59.36,-16.28],[-59.36,-16.28],[-59.36,-16.28],[-59.36,-16.28],[-59.36,-16.28],[-59.36,-16.28],[-59.36,-16.28],[-59.36,-16.28],[-59.35,-16.28],[-59.35,-16.28],[-59.35,-16.28],[-59.35,-16.28],[-59.35,-16.28],[-59.35,-16.28],[-59.35,-16.28],[-59.34,-16.28],[-59.34,-16.28],[-59.34,-16.28],[-59.34,-16.28],[-59.34,-16.28],[-59.34,-16.28],[-59.34,-16.28],[-59.33,-16.28],[-59.33,-16.28],[-59.33,-16.28],[-59.33,-16.28],[-59.33,-16.28],[-59.33,-16.28],[-59.33,-16.28],[-59.32,-16.28],[-59.32,-16.28],[-59.32,-16.28],[-59.32,-16.28],[-59.32,-16.28],[-59.32,-16.28],[-59.32,-16.28],[-59.31,-16.28],[-59.31,-16.28],[-59.31,-16.28],[-59.31,-16.28],[-59.31,-16.28],[-59.31,-16.28],[-59.31,-16.28],[-59.3,-16.28],[-59.3,-16.28],[-59.3,-16.28],[-59.3,-16.28],[-59.3,-16.28],[-59.3,-16.28],[-59.3,-16.28],[-59.29,-16.28],[-59.29,-16.28],[-59.29,-16.28],[-59.29,-16.28],[-59.29,-16.28],[-59.29,-16.28],[-59.29,-16.28],[-59.28,-16.28],[-59.28,-16.28],[-59.28,-16.28],[-59.28,-16.28],[-59.28,-16.28],[-59.28,-16.28],[-59.28,-16.28],[-59.27,-16.28],[-59.27,-16.28],[-59.27,-16.28],[-59.27,-16.28],[-59.27,-16.28],[-59.27,-16.28],[-59.27,-16.28],[-59.27,-16.28],[-59.26,-16.28],[-59.26,-16.29],[-59.26,-16.29],[-59.26,-16.29],[-59.26,-16.29],[-59.26,-16.29],[-59.26,-16.29],[-59.25,-16.29],[-59.25,-16.29],[-59.25,-16.29],[-59.25,-16.29],[-59.25,-16.29],[-59.25,-16.29],[-59.25,-16.29],[-59.25,-16.29],[-59.24,-16.29],[-59.24,-16.29],[-59.24,-16.29],[-59.24,-16.29],[-59.23,-16.29],[-59.23,-16.29],[-59.23,-16.29],[-59.23,-16.29],[-59.23,-16.29],[-59.23,-16.29],[-59.23,-16.29],[-59.22,-16.29],[-59.22,-16.29],[-59.22,-16.29],[-59.22,-16.29],[-59.22,-16.29],[-59.22,-16.29],[-59.22,-16.29],[-59.21,-16.29],[-59.21,-16.29],[-59.21,-16.29],[-59.2,-16.29],[-59.2,-16.29],[-59.2,-16.29],[-59.2,-16.29],[-59.19,-16.29],[-59.19,-16.29],[-59.19,-16.29],[-59.19,-16.29],[-59.19,-16.29],[-59.18,-16.29],[-59.18,-16.29],[-59.18,-16.29],[-59.18,-16.29],[-59.18,-16.29],[-59.17,-16.29],[-59.17,-16.29],[-59.17,-16.29],[-59.17,-16.29],[-59.17,-16.29],[-59.17,-16.29],[-59.16,-16.29],[-59.16,-16.29],[-59.16,-16.29],[-59.16,-16.29],[-59.16,-16.29],[-59.15,-16.29],[-59.15,-16.29],[-59.15,-16.29],[-59.15,-16.29],[-59.15,-16.29],[-59.15,-16.29],[-59.14,-16.29],[-59.14,-16.29],[-59.14,-16.29],[-59.14,-16.29],[-59.14,-16.29],[-59.14,-16.29],[-59.14,-16.29],[-59.13,-16.29],[-59.13,-16.29],[-59.13,-16.29],[-59.13,-16.29],[-59.13,-16.29],[-59.13,-16.29],[-59.13,-16.29],[-59.13,-16.29],[-59.12,-16.29],[-59.12,-16.29],[-59.12,-16.29],[-59.12,-16.29],[-59.12,-16.29],[-59.12,-16.29],[-59.12,-16.29],[-59.11,-16.29],[-59.11,-16.29],[-59.11,-16.29],[-59.11,-16.29],[-59.11,-16.29],[-59.11,-16.29],[-59.11,-16.29],[-59.11,-16.29],[-59.1,-16.29],[-59.1,-16.29],[-59.1,-16.29],[-59.1,-16.29],[-59.1,-16.29],[-59.09,-16.29],[-59.09,-16.29],[-59.09,-16.29],[-59.09,-16.29],[-59.09,-16.29],[-59.08,-16.29],[-59.08,-16.29],[-59.08,-16.29],[-59.08,-16.29],[-59.08,-16.29],[-59.08,-16.29],[-59.07,-16.29],[-59.07,-16.29],[-59.07,-16.29],[-59.07,-16.29],[-59.07,-16.29],[-59.07,-16.29],[-59.07,-16.29],[-59.06,-16.29],[-59.06,-16.29],[-59.06,-16.29],[-59.06,-16.29],[-59.06,-16.29],[-59.05,-16.29],[-59.05,-16.29],[-59.05,-16.29],[-59.05,-16.29],[-59.04,-16.29],[-59.04,-16.3],[-59.04,-16.3],[-59.04,-16.3],[-59.04,-16.3],[-59.04,-16.3],[-59.03,-16.3],[-59.03,-16.3],[-59.03,-16.3],[-59.03,-16.3],[-59.03,-16.3],[-59.02,-16.3],[-59.02,-16.3],[-59.02,-16.3],[-59.02,-16.3],[-59.01,-16.3],[-59.01,-16.3],[-59.01,-16.3],[-59.01,-16.3],[-59,-16.3],[-59,-16.3],[-59,-16.3],[-58.96,-16.3],[-58.93,-16.3],[-58.9,-16.3],[-58.83,-16.3],[-58.81,-16.3],[-58.78,-16.3],[-58.77,-16.3],[-58.77,-16.3],[-58.77,-16.3],[-58.75,-16.31],[-58.75,-16.31],[-58.75,-16.31],[-58.75,-16.31],[-58.74,-16.31],[-58.74,-16.31],[-58.74,-16.31],[-58.74,-16.31],[-58.74,-16.31],[-58.74,-16.31],[-58.74,-16.31],[-58.74,-16.31],[-58.73,-16.31],[-58.73,-16.31],[-58.73,-16.31],[-58.73,-16.31],[-58.73,-16.31],[-58.73,-16.31],[-58.73,-16.31],[-58.72,-16.31],[-58.72,-16.31],[-58.72,-16.31],[-58.72,-16.31],[-58.72,-16.31],[-58.72,-16.31],[-58.72,-16.31],[-58.71,-16.31],[-58.71,-16.31],[-58.71,-16.31],[-58.71,-16.31],[-58.71,-16.31],[-58.71,-16.31],[-58.71,-16.31],[-58.71,-16.31],[-58.7,-16.31],[-58.7,-16.31],[-58.7,-16.31],[-58.7,-16.31],[-58.7,-16.31],[-58.7,-16.31],[-58.7,-16.31],[-58.69,-16.31],[-58.69,-16.31],[-58.69,-16.31],[-58.69,-16.31],[-58.69,-16.31],[-58.69,-16.31],[-58.69,-16.31],[-58.69,-16.31],[-58.68,-16.31],[-58.68,-16.31],[-58.68,-16.31],[-58.68,-16.31],[-58.68,-16.31],[-58.68,-16.31],[-58.68,-16.31],[-58.67,-16.31],[-58.67,-16.31],[-58.67,-16.31],[-58.67,-16.31],[-58.67,-16.31],[-58.67,-16.31],[-58.67,-16.31],[-58.67,-16.31],[-58.66,-16.31],[-58.66,-16.31],[-58.66,-16.31],[-58.66,-16.31],[-58.66,-16.31],[-58.66,-16.31],[-58.66,-16.31],[-58.65,-16.31],[-58.65,-16.31],[-58.65,-16.31],[-58.65,-16.31],[-58.65,-16.31],[-58.65,-16.31],[-58.65,-16.31],[-58.64,-16.31],[-58.64,-16.31],[-58.64,-16.31],[-58.64,-16.31],[-58.64,-16.31],[-58.64,-16.31],[-58.64,-16.31],[-58.63,-16.31],[-58.63,-16.31],[-58.63,-16.31],[-58.63,-16.31],[-58.63,-16.31],[-58.63,-16.31],[-58.63,-16.31],[-58.62,-16.31],[-58.62,-16.31],[-58.62,-16.31],[-58.62,-16.31],[-58.62,-16.31],[-58.62,-16.31],[-58.62,-16.31],[-58.61,-16.31],[-58.61,-16.31],[-58.61,-16.31],[-58.61,-16.31],[-58.61,-16.31],[-58.61,-16.31],[-58.61,-16.31],[-58.6,-16.31],[-58.6,-16.31],[-58.6,-16.31],[-58.6,-16.31],[-58.6,-16.31],[-58.6,-16.31],[-58.6,-16.31],[-58.59,-16.31],[-58.59,-16.31],[-58.59,-16.31],[-58.59,-16.31],[-58.59,-16.31],[-58.59,-16.31],[-58.59,-16.31],[-58.58,-16.31],[-58.58,-16.31],[-58.58,-16.31],[-58.58,-16.31],[-58.58,-16.31],[-58.58,-16.31],[-58.58,-16.31],[-58.57,-16.31],[-58.57,-16.31],[-58.57,-16.31],[-58.57,-16.31],[-58.57,-16.31],[-58.57,-16.31],[-58.57,-16.31],[-58.56,-16.31],[-58.56,-16.31],[-58.56,-16.31],[-58.56,-16.31],[-58.56,-16.31],[-58.56,-16.31],[-58.56,-16.31],[-58.55,-16.31],[-58.55,-16.31],[-58.55,-16.31],[-58.55,-16.31],[-58.55,-16.31],[-58.55,-16.31],[-58.55,-16.31],[-58.54,-16.31],[-58.54,-16.31],[-58.54,-16.31],[-58.54,-16.31],[-58.54,-16.31],[-58.54,-16.31],[-58.54,-16.31],[-58.53,-16.31],[-58.53,-16.31],[-58.53,-16.31],[-58.53,-16.31],[-58.53,-16.31],[-58.53,-16.31],[-58.53,-16.31],[-58.52,-16.31],[-58.52,-16.31],[-58.52,-16.31],[-58.52,-16.31],[-58.52,-16.31],[-58.52,-16.31],[-58.52,-16.31],[-58.51,-16.31],[-58.51,-16.32],[-58.51,-16.32],[-58.51,-16.32],[-58.51,-16.32],[-58.51,-16.32],[-58.51,-16.32],[-58.5,-16.32],[-58.5,-16.32],[-58.5,-16.32],[-58.5,-16.32],[-58.5,-16.32],[-58.49,-16.32],[-58.49,-16.32],[-58.48,-16.32],[-58.47,-16.32],[-58.47,-16.32],[-58.46,-16.32],[-58.45,-16.32],[-58.44,-16.32],[-58.44,-16.32],[-58.43,-16.32],[-58.43,-16.32],[-58.42,-16.31],[-58.42,-16.31],[-58.41,-16.31],[-58.41,-16.31],[-58.4,-16.3],[-58.4,-16.3],[-58.4,-16.3],[-58.39,-16.29],[-58.39,-16.29],[-58.39,-16.29],[-58.39,-16.29],[-58.39,-16.28],[-58.39,-16.28],[-58.39,-16.28],[-58.39,-16.27],[-58.39,-16.27],[-58.39,-16.27],[-58.39,-16.26],[-58.39,-16.26],[-58.39,-16.26],[-58.38,-16.26],[-58.38,-16.26],[-58.37,-16.27],[-58.37,-16.27],[-58.36,-16.27],[-58.36,-16.27],[-58.35,-16.27],[-58.35,-16.27],[-58.35,-16.27],[-58.34,-16.27],[-58.34,-16.27],[-58.33,-16.27],[-58.33,-16.27],[-58.33,-16.27],[-58.32,-16.26],[-58.32,-16.26],[-58.32,-16.26],[-58.32,-16.26],[-58.32,-16.26],[-58.32,-16.27],[-58.32,-16.27],[-58.32,-16.28],[-58.32,-16.28],[-58.32,-16.29],[-58.32,-16.29],[-58.31,-16.29],[-58.31,-16.29],[-58.31,-16.3],[-58.3,-16.3],[-58.3,-16.31],[-58.3,-16.31],[-58.3,-16.31],[-58.3,-16.32],[-58.3,-16.32],[-58.3,-16.33],[-58.3,-16.33],[-58.31,-16.33],[-58.3,-16.33],[-58.31,-16.33],[-58.31,-16.34],[-58.31,-16.34],[-58.31,-16.34],[-58.31,-16.34],[-58.31,-16.35],[-58.31,-16.35],[-58.31,-16.35],[-58.31,-16.36],[-58.31,-16.36],[-58.31,-16.37],[-58.31,-16.37],[-58.31,-16.37],[-58.31,-16.37],[-58.32,-16.37],[-58.32,-16.37],[-58.32,-16.37],[-58.33,-16.38],[-58.33,-16.38],[-58.33,-16.38],[-58.33,-16.38],[-58.33,-16.38],[-58.33,-16.38],[-58.33,-16.38],[-58.33,-16.38],[-58.33,-16.39],[-58.33,-16.39],[-58.33,-16.39],[-58.33,-16.39],[-58.33,-16.39],[-58.33,-16.39],[-58.33,-16.39],[-58.33,-16.39],[-58.33,-16.39],[-58.33,-16.39],[-58.33,-16.39],[-58.33,-16.39],[-58.33,-16.39],[-58.33,-16.39],[-58.34,-16.39],[-58.34,-16.39],[-58.34,-16.39],[-58.34,-16.39],[-58.34,-16.39],[-58.34,-16.39],[-58.34,-16.38],[-58.34,-16.38],[-58.34,-16.38],[-58.34,-16.38],[-58.34,-16.38],[-58.34,-16.38],[-58.34,-16.38],[-58.34,-16.38],[-58.34,-16.38],[-58.34,-16.38],[-58.34,-16.38],[-58.34,-16.38],[-58.34,-16.38],[-58.34,-16.38],[-58.34,-16.38],[-58.34,-16.38],[-58.34,-16.38],[-58.34,-16.38],[-58.34,-16.39],[-58.34,-16.39],[-58.34,-16.39],[-58.34,-16.39],[-58.34,-16.39],[-58.34,-16.39],[-58.34,-16.39],[-58.34,-16.39],[-58.35,-16.39],[-58.35,-16.39],[-58.34,-16.39],[-58.34,-16.39],[-58.35,-16.39],[-58.35,-16.39],[-58.35,-16.39],[-58.35,-16.39],[-58.35,-16.39],[-58.35,-16.39],[-58.35,-16.39],[-58.35,-16.39],[-58.35,-16.39],[-58.35,-16.39],[-58.34,-16.39],[-58.34,-16.39],[-58.34,-16.39],[-58.34,-16.39],[-58.34,-16.39],[-58.34,-16.39],[-58.34,-16.39],[-58.34,-16.39],[-58.34,-16.39],[-58.34,-16.39],[-58.34,-16.4],[-58.34,-16.4],[-58.34,-16.4],[-58.34,-16.4],[-58.34,-16.4],[-58.35,-16.4],[-58.35,-16.4],[-58.35,-16.4],[-58.35,-16.4],[-58.35,-16.4],[-58.35,-16.4],[-58.35,-16.4],[-58.35,-16.4],[-58.35,-16.4],[-58.35,-16.4],[-58.35,-16.4],[-58.35,-16.4],[-58.35,-16.41],[-58.35,-16.41],[-58.35,-16.41],[-58.35,-16.41],[-58.35,-16.41],[-58.35,-16.41],[-58.35,-16.41],[-58.35,-16.41],[-58.35,-16.41],[-58.35,-16.41],[-58.35,-16.41],[-58.35,-16.41],[-58.35,-16.41],[-58.35,-16.41],[-58.35,-16.41],[-58.35,-16.41],[-58.35,-16.41],[-58.35,-16.41],[-58.35,-16.41],[-58.35,-16.42],[-58.35,-16.42],[-58.35,-16.42],[-58.35,-16.42],[-58.35,-16.42],[-58.35,-16.42],[-58.35,-16.42],[-58.35,-16.42],[-58.35,-16.42],[-58.35,-16.42],[-58.35,-16.42],[-58.35,-16.42],[-58.35,-16.42],[-58.35,-16.42],[-58.35,-16.42],[-58.35,-16.42],[-58.35,-16.42],[-58.35,-16.42],[-58.35,-16.42],[-58.35,-16.42],[-58.35,-16.43],[-58.35,-16.43],[-58.35,-16.43],[-58.35,-16.43],[-58.35,-16.43],[-58.35,-16.43],[-58.35,-16.43],[-58.35,-16.43],[-58.35,-16.43],[-58.35,-16.43],[-58.35,-16.43],[-58.35,-16.43],[-58.35,-16.43],[-58.35,-16.44],[-58.35,-16.44],[-58.35,-16.44],[-58.35,-16.44],[-58.35,-16.44],[-58.35,-16.44],[-58.35,-16.44],[-58.35,-16.44],[-58.35,-16.44],[-58.35,-16.44],[-58.35,-16.45],[-58.35,-16.45],[-58.35,-16.45],[-58.35,-16.45],[-58.35,-16.45],[-58.34,-16.46],[-58.34,-16.46],[-58.34,-16.46],[-58.34,-16.46],[-58.34,-16.47],[-58.34,-16.47],[-58.33,-16.47],[-58.33,-16.48],[-58.33,-16.48],[-58.33,-16.48],[-58.33,-16.49],[-58.33,-16.49],[-58.33,-16.5],[-58.33,-16.5],[-58.34,-16.51],[-58.34,-16.52],[-58.35,-16.52],[-58.36,-16.53],[-58.36,-16.53],[-58.37,-16.54],[-58.37,-16.54],[-58.38,-16.55],[-58.39,-16.55],[-58.39,-16.56],[-58.39,-16.56],[-58.4,-16.56],[-58.4,-16.57],[-58.41,-16.57],[-58.41,-16.57],[-58.42,-16.57],[-58.42,-16.57],[-58.42,-16.58],[-58.43,-16.58],[-58.43,-16.58],[-58.43,-16.59],[-58.43,-16.59],[-58.43,-16.59],[-58.44,-16.6],[-58.44,-16.6],[-58.44,-16.6],[-58.44,-16.61],[-58.44,-16.61],[-58.44,-16.62],[-58.45,-16.62],[-58.45,-16.62],[-58.45,-16.63],[-58.45,-16.63],[-58.45,-16.64],[-58.45,-16.64],[-58.46,-16.64],[-58.46,-16.65],[-58.46,-16.65],[-58.46,-16.66],[-58.46,-16.66],[-58.46,-16.66],[-58.46,-16.67],[-58.46,-16.67],[-58.46,-16.67],[-58.46,-16.67],[-58.46,-16.67],[-58.46,-16.67],[-58.46,-16.68],[-58.46,-16.68],[-58.46,-16.68],[-58.46,-16.68],[-58.46,-16.68],[-58.46,-16.68],[-58.46,-16.69],[-58.47,-16.69],[-58.47,-16.69],[-58.47,-16.69],[-58.47,-16.69],[-58.47,-16.69],[-58.47,-16.7],[-58.47,-16.7],[-58.47,-16.7],[-58.47,-16.7],[-58.47,-16.71],[-58.47,-16.71],[-58.47,-16.71],[-58.47,-16.71],[-58.47,-16.71],[-58.47,-16.71],[-58.47,-16.71],[-58.47,-16.71],[-58.47,-16.71],[-58.47,-16.71],[-58.47,-16.71],[-58.47,-16.71],[-58.47,-16.72],[-58.47,-16.72],[-58.47,-16.72],[-58.47,-16.72],[-58.47,-16.72],[-58.47,-16.73],[-58.47,-16.73],[-58.47,-16.73],[-58.47,-16.73],[-58.47,-16.73],[-58.47,-16.73],[-58.47,-16.73],[-58.47,-16.73],[-58.47,-16.73],[-58.47,-16.73],[-58.47,-16.74],[-58.47,-16.74],[-58.47,-16.74],[-58.47,-16.74],[-58.47,-16.74],[-58.47,-16.74],[-58.47,-16.75],[-58.47,-16.75],[-58.47,-16.75],[-58.47,-16.75],[-58.47,-16.75],[-58.47,-16.75],[-58.47,-16.75],[-58.47,-16.75],[-58.47,-16.75],[-58.47,-16.75],[-58.47,-16.75],[-58.47,-16.75],[-58.47,-16.75],[-58.47,-16.75],[-58.47,-16.75],[-58.47,-16.75],[-58.47,-16.75],[-58.47,-16.75],[-58.46,-16.75],[-58.46,-16.75],[-58.46,-16.76],[-58.46,-16.76],[-58.46,-16.76],[-58.46,-16.76],[-58.46,-16.76],[-58.46,-16.76],[-58.46,-16.76],[-58.46,-16.76],[-58.46,-16.76],[-58.46,-16.76],[-58.46,-16.76],[-58.47,-16.77],[-58.47,-16.77],[-58.47,-16.77],[-58.47,-16.77],[-58.47,-16.77],[-58.47,-16.77],[-58.47,-16.77],[-58.47,-16.77],[-58.47,-16.77],[-58.47,-16.77],[-58.47,-16.77],[-58.47,-16.77],[-58.47,-16.77],[-58.47,-16.77],[-58.46,-16.77],[-58.46,-16.77],[-58.46,-16.77],[-58.47,-16.78],[-58.47,-16.78],[-58.47,-16.78],[-58.47,-16.78],[-58.47,-16.78],[-58.46,-16.78],[-58.46,-16.78],[-58.46,-16.78],[-58.46,-16.78],[-58.46,-16.78],[-58.46,-16.78],[-58.46,-16.78],[-58.46,-16.78],[-58.46,-16.78],[-58.46,-16.78],[-58.46,-16.78],[-58.46,-16.78],[-58.46,-16.78],[-58.46,-16.78],[-58.46,-16.78],[-58.46,-16.78],[-58.46,-16.79],[-58.46,-16.79],[-58.46,-16.79],[-58.46,-16.79],[-58.46,-16.79],[-58.46,-16.79],[-58.46,-16.79],[-58.46,-16.79],[-58.46,-16.79],[-58.46,-16.79],[-58.46,-16.79],[-58.46,-16.79],[-58.46,-16.79],[-58.46,-16.79],[-58.46,-16.79],[-58.46,-16.79],[-58.46,-16.79],[-58.46,-16.79],[-58.46,-16.79],[-58.46,-16.79],[-58.46,-16.79],[-58.46,-16.79],[-58.47,-16.79],[-58.47,-16.79],[-58.47,-16.79],[-58.47,-16.79],[-58.47,-16.79],[-58.47,-16.79],[-58.47,-16.79],[-58.47,-16.79],[-58.47,-16.79],[-58.47,-16.79],[-58.47,-16.79],[-58.47,-16.79],[-58.47,-16.79],[-58.47,-16.79],[-58.47,-16.79],[-58.47,-16.8],[-58.47,-16.8],[-58.47,-16.8],[-58.47,-16.8],[-58.47,-16.8],[-58.47,-16.8],[-58.47,-16.8],[-58.47,-16.8],[-58.47,-16.8],[-58.47,-16.8],[-58.47,-16.8],[-58.47,-16.8],[-58.47,-16.81],[-58.47,-16.81],[-58.47,-16.81],[-58.48,-16.81],[-58.48,-16.81],[-58.48,-16.81],[-58.48,-16.81],[-58.48,-16.81],[-58.48,-16.81],[-58.48,-16.81],[-58.48,-16.81],[-58.48,-16.81],[-58.48,-16.81],[-58.48,-16.81],[-58.48,-16.81],[-58.48,-16.81],[-58.48,-16.81],[-58.48,-16.82],[-58.48,-16.82],[-58.48,-16.82],[-58.48,-16.82],[-58.48,-16.82],[-58.48,-16.82],[-58.48,-16.82],[-58.48,-16.82],[-58.48,-16.82],[-58.48,-16.82],[-58.48,-16.82],[-58.48,-16.82],[-58.48,-16.82],[-58.48,-16.83],[-58.48,-16.83],[-58.48,-16.83],[-58.48,-16.83],[-58.47,-16.83],[-58.47,-16.83],[-58.47,-16.83],[-58.47,-16.83],[-58.47,-16.83],[-58.47,-16.83],[-58.47,-16.83],[-58.47,-16.83],[-58.47,-16.83],[-58.47,-16.83],[-58.47,-16.83],[-58.47,-16.83],[-58.47,-16.83],[-58.47,-16.83],[-58.47,-16.83],[-58.47,-16.83],[-58.47,-16.83],[-58.46,-16.83],[-58.46,-16.83],[-58.46,-16.83],[-58.46,-16.83],[-58.46,-16.83],[-58.46,-16.84],[-58.46,-16.84],[-58.46,-16.84],[-58.46,-16.84],[-58.46,-16.84],[-58.46,-16.84],[-58.46,-16.84],[-58.46,-16.84],[-58.46,-16.84],[-58.46,-16.84],[-58.46,-16.84],[-58.46,-16.84],[-58.46,-16.84],[-58.46,-16.84],[-58.46,-16.84],[-58.46,-16.84],[-58.46,-16.84],[-58.46,-16.84],[-58.47,-16.84],[-58.47,-16.84],[-58.47,-16.84],[-58.47,-16.85],[-58.47,-16.85],[-58.47,-16.85],[-58.47,-16.85],[-58.47,-16.85],[-58.47,-16.85],[-58.47,-16.85],[-58.47,-16.85],[-58.47,-16.85],[-58.47,-16.85],[-58.46,-16.85],[-58.46,-16.85],[-58.46,-16.85],[-58.46,-16.85],[-58.46,-16.85],[-58.46,-16.85],[-58.46,-16.85],[-58.46,-16.85],[-58.46,-16.85],[-58.46,-16.85],[-58.46,-16.85],[-58.46,-16.85],[-58.46,-16.85],[-58.46,-16.85],[-58.46,-16.85],[-58.46,-16.85],[-58.46,-16.85],[-58.46,-16.85],[-58.46,-16.85],[-58.46,-16.85],[-58.46,-16.85],[-58.46,-16.85],[-58.46,-16.85],[-58.47,-16.85],[-58.47,-16.85],[-58.47,-16.85],[-58.47,-16.86],[-58.47,-16.86],[-58.47,-16.86],[-58.47,-16.86],[-58.47,-16.86],[-58.46,-16.86],[-58.46,-16.86],[-58.46,-16.86],[-58.46,-16.86],[-58.46,-16.86],[-58.46,-16.86],[-58.46,-16.86],[-58.46,-16.86],[-58.46,-16.86],[-58.46,-16.86],[-58.46,-16.86],[-58.46,-16.86],[-58.46,-16.86],[-58.46,-16.86],[-58.46,-16.86],[-58.46,-16.86],[-58.46,-16.86],[-58.46,-16.86],[-58.46,-16.86],[-58.47,-16.86],[-58.47,-16.86],[-58.47,-16.86],[-58.47,-16.86],[-58.47,-16.86],[-58.47,-16.86],[-58.47,-16.86],[-58.47,-16.87],[-58.47,-16.87],[-58.47,-16.87],[-58.47,-16.87],[-58.47,-16.87],[-58.47,-16.87],[-58.47,-16.87],[-58.46,-16.87],[-58.46,-16.87],[-58.46,-16.87],[-58.46,-16.87],[-58.46,-16.87],[-58.46,-16.87],[-58.46,-16.87],[-58.46,-16.88],[-58.46,-16.88],[-58.46,-16.88],[-58.46,-16.88],[-58.47,-16.88],[-58.47,-16.88],[-58.47,-16.88],[-58.47,-16.88],[-58.47,-16.88],[-58.47,-16.88],[-58.47,-16.88],[-58.47,-16.88],[-58.47,-16.88],[-58.47,-16.88],[-58.47,-16.88],[-58.46,-16.89],[-58.46,-16.89],[-58.46,-16.89],[-58.46,-16.89],[-58.46,-16.89],[-58.46,-16.89],[-58.46,-16.89],[-58.46,-16.89],[-58.46,-16.89],[-58.46,-16.89],[-58.46,-16.89],[-58.46,-16.89],[-58.46,-16.89],[-58.47,-16.89],[-58.47,-16.89],[-58.47,-16.89],[-58.47,-16.89],[-58.47,-16.89],[-58.47,-16.89],[-58.47,-16.89],[-58.47,-16.9],[-58.47,-16.9],[-58.47,-16.9],[-58.47,-16.9],[-58.47,-16.9],[-58.46,-16.89],[-58.46,-16.89],[-58.46,-16.9],[-58.46,-16.9],[-58.46,-16.9],[-58.46,-16.9],[-58.46,-16.9],[-58.46,-16.9],[-58.46,-16.9],[-58.46,-16.9],[-58.46,-16.9],[-58.46,-16.9],[-58.46,-16.91],[-58.46,-16.91],[-58.46,-16.91],[-58.46,-16.91],[-58.47,-16.91],[-58.47,-16.91],[-58.47,-16.91],[-58.47,-16.91],[-58.47,-16.91],[-58.47,-16.91],[-58.47,-16.91],[-58.47,-16.91],[-58.47,-16.91],[-58.48,-16.91],[-58.48,-16.91],[-58.48,-16.91],[-58.48,-16.91],[-58.47,-16.91],[-58.47,-16.91],[-58.47,-16.91],[-58.47,-16.91],[-58.47,-16.92],[-58.47,-16.92],[-58.47,-16.92],[-58.47,-16.92],[-58.47,-16.92],[-58.47,-16.92],[-58.47,-16.92],[-58.47,-16.92],[-58.47,-16.92],[-58.47,-16.92],[-58.47,-16.92],[-58.47,-16.93],[-58.47,-16.93],[-58.47,-16.93],[-58.47,-16.93],[-58.47,-16.93],[-58.47,-16.93],[-58.47,-16.93],[-58.47,-16.93],[-58.48,-16.93],[-58.48,-16.93],[-58.48,-16.93],[-58.47,-16.93],[-58.47,-16.93],[-58.47,-16.93],[-58.47,-16.94],[-58.47,-16.94],[-58.47,-16.94],[-58.47,-16.94],[-58.47,-16.94],[-58.47,-16.94],[-58.47,-16.94],[-58.47,-16.94],[-58.47,-16.94],[-58.47,-16.94],[-58.47,-16.94],[-58.47,-16.94],[-58.47,-16.94],[-58.46,-16.94],[-58.46,-16.94],[-58.46,-16.94],[-58.46,-16.94],[-58.46,-16.94],[-58.46,-16.94],[-58.46,-16.93],[-58.46,-16.94],[-58.46,-16.94],[-58.46,-16.94],[-58.46,-16.94],[-58.46,-16.94],[-58.46,-16.94],[-58.46,-16.94],[-58.46,-16.94],[-58.46,-16.94],[-58.46,-16.94],[-58.46,-16.94],[-58.46,-16.94],[-58.46,-16.94],[-58.46,-16.95],[-58.46,-16.95],[-58.46,-16.95],[-58.46,-16.95],[-58.46,-16.95],[-58.46,-16.95],[-58.46,-16.95],[-58.46,-16.96],[-58.46,-16.96],[-58.46,-16.96],[-58.46,-16.96],[-58.46,-16.96],[-58.46,-16.96],[-58.46,-16.96],[-58.46,-16.96],[-58.46,-16.96],[-58.46,-16.96],[-58.46,-16.96],[-58.46,-16.96],[-58.45,-16.97],[-58.45,-16.97],[-58.45,-16.97],[-58.45,-16.96],[-58.45,-16.96],[-58.45,-16.96],[-58.45,-16.96],[-58.45,-16.97],[-58.45,-16.97],[-58.45,-16.97],[-58.45,-16.97],[-58.45,-16.97],[-58.45,-16.97],[-58.45,-16.97],[-58.45,-16.97],[-58.45,-16.97],[-58.45,-16.98],[-58.45,-16.98],[-58.45,-16.98],[-58.45,-16.98],[-58.45,-16.98],[-58.44,-16.98],[-58.44,-16.98],[-58.44,-16.98],[-58.44,-16.98],[-58.44,-16.98],[-58.44,-16.98],[-58.44,-16.98],[-58.44,-16.98],[-58.44,-16.98],[-58.44,-16.98],[-58.44,-16.98],[-58.43,-16.98],[-58.43,-16.98],[-58.43,-16.98],[-58.43,-16.99],[-58.43,-16.99],[-58.43,-16.99],[-58.43,-16.99],[-58.43,-16.99],[-58.43,-16.99],[-58.43,-16.99],[-58.42,-16.99],[-58.42,-16.98],[-58.42,-16.98],[-58.42,-16.98],[-58.42,-16.99],[-58.42,-16.99],[-58.42,-16.99],[-58.42,-16.99],[-58.42,-16.99],[-58.42,-16.99],[-58.42,-16.99],[-58.42,-16.99],[-58.42,-16.99],[-58.42,-17],[-58.43,-17],[-58.43,-17],[-58.43,-17],[-58.43,-17],[-58.43,-17],[-58.43,-17],[-58.43,-17],[-58.43,-17],[-58.43,-17],[-58.43,-17],[-58.43,-17.01],[-58.43,-17.01],[-58.43,-17.01],[-58.43,-17.01],[-58.43,-17.01],[-58.43,-17.02],[-58.43,-17.02],[-58.43,-17.02],[-58.43,-17.02],[-58.43,-17.02],[-58.43,-17.02],[-58.43,-17.02],[-58.43,-17.02],[-58.43,-17.02],[-58.43,-17.02],[-58.43,-17.02],[-58.43,-17.02],[-58.43,-17.02],[-58.43,-17.02],[-58.43,-17.03],[-58.43,-17.03],[-58.43,-17.03],[-58.43,-17.03],[-58.43,-17.03],[-58.42,-17.03],[-58.42,-17.02],[-58.42,-17.02],[-58.42,-17.02],[-58.42,-17.03],[-58.42,-17.03],[-58.42,-17.03],[-58.42,-17.03],[-58.42,-17.03],[-58.42,-17.03],[-58.42,-17.03],[-58.42,-17.03],[-58.42,-17.03],[-58.42,-17.03],[-58.42,-17.03],[-58.42,-17.03],[-58.43,-17.03],[-58.43,-17.03],[-58.43,-17.03],[-58.43,-17.03],[-58.43,-17.03],[-58.43,-17.03],[-58.43,-17.03],[-58.43,-17.04],[-58.43,-17.04],[-58.43,-17.04],[-58.43,-17.04],[-58.43,-17.04],[-58.43,-17.04],[-58.43,-17.04],[-58.43,-17.04],[-58.43,-17.04],[-58.43,-17.04],[-58.43,-17.04],[-58.43,-17.05],[-58.42,-17.05],[-58.42,-17.05],[-58.42,-17.05],[-58.42,-17.05],[-58.42,-17.05],[-58.42,-17.05],[-58.42,-17.05],[-58.43,-17.05],[-58.43,-17.05],[-58.43,-17.05],[-58.43,-17.05],[-58.43,-17.05],[-58.43,-17.05],[-58.43,-17.06],[-58.43,-17.06],[-58.43,-17.06],[-58.43,-17.06],[-58.43,-17.06],[-58.42,-17.07],[-58.42,-17.07],[-58.41,-17.07],[-58.4,-17.08],[-58.4,-17.08],[-58.4,-17.08],[-58.4,-17.09],[-58.4,-17.09],[-58.4,-17.09],[-58.4,-17.1],[-58.4,-17.1],[-58.4,-17.1],[-58.4,-17.11],[-58.4,-17.11],[-58.4,-17.12],[-58.4,-17.12],[-58.4,-17.12],[-58.4,-17.13],[-58.4,-17.13],[-58.4,-17.14],[-58.4,-17.14],[-58.4,-17.14],[-58.4,-17.15],[-58.4,-17.15],[-58.4,-17.15],[-58.4,-17.16],[-58.4,-17.16],[-58.4,-17.17],[-58.4,-17.17],[-58.4,-17.17],[-58.4,-17.17],[-58.4,-17.17],[-58.4,-17.17],[-58.4,-17.17],[-58.4,-17.17],[-58.4,-17.17],[-58.4,-17.17],[-58.4,-17.17],[-58.4,-17.17],[-58.4,-17.17],[-58.4,-17.17],[-58.4,-17.17],[-58.4,-17.18],[-58.4,-17.18],[-58.4,-17.18],[-58.4,-17.18],[-58.4,-17.18],[-58.4,-17.18],[-58.4,-17.18],[-58.4,-17.18],[-58.4,-17.18],[-58.4,-17.18],[-58.4,-17.18],[-58.4,-17.18],[-58.39,-17.18],[-58.39,-17.18],[-58.39,-17.18],[-58.39,-17.18],[-58.39,-17.19],[-58.39,-17.19],[-58.39,-17.19],[-58.39,-17.19],[-58.39,-17.19],[-58.39,-17.19],[-58.39,-17.19],[-58.38,-17.19],[-58.38,-17.19],[-58.38,-17.19],[-58.38,-17.19],[-58.38,-17.19],[-58.38,-17.19],[-58.38,-17.19],[-58.38,-17.19],[-58.38,-17.19],[-58.38,-17.19],[-58.37,-17.19],[-58.37,-17.19],[-58.37,-17.19],[-58.37,-17.19],[-58.37,-17.2],[-58.37,-17.2],[-58.37,-17.2],[-58.37,-17.2],[-58.37,-17.2],[-58.37,-17.2],[-58.36,-17.2],[-58.36,-17.2],[-58.36,-17.2],[-58.36,-17.2],[-58.36,-17.2],[-58.36,-17.2],[-58.36,-17.2],[-58.36,-17.2],[-58.36,-17.2],[-58.36,-17.2],[-58.36,-17.21],[-58.36,-17.21],[-58.36,-17.21],[-58.35,-17.21],[-58.35,-17.21],[-58.35,-17.21],[-58.35,-17.21],[-58.35,-17.21],[-58.35,-17.21],[-58.35,-17.21],[-58.35,-17.21],[-58.35,-17.21],[-58.35,-17.21],[-58.35,-17.22],[-58.35,-17.22],[-58.35,-17.22],[-58.35,-17.22],[-58.35,-17.22],[-58.35,-17.22],[-58.35,-17.22],[-58.35,-17.22],[-58.35,-17.22],[-58.35,-17.22],[-58.35,-17.22],[-58.35,-17.23],[-58.35,-17.23],[-58.35,-17.23],[-58.35,-17.23],[-58.34,-17.23],[-58.34,-17.23],[-58.34,-17.23],[-58.34,-17.23],[-58.34,-17.23],[-58.34,-17.23],[-58.34,-17.23],[-58.34,-17.23],[-58.34,-17.23],[-58.34,-17.23],[-58.34,-17.23],[-58.34,-17.23],[-58.34,-17.23],[-58.34,-17.23],[-58.34,-17.23],[-58.33,-17.23],[-58.33,-17.24],[-58.33,-17.24],[-58.33,-17.24],[-58.33,-17.24],[-58.33,-17.24],[-58.33,-17.24],[-58.33,-17.24],[-58.33,-17.24],[-58.33,-17.24],[-58.33,-17.24],[-58.33,-17.24],[-58.32,-17.24],[-58.32,-17.24],[-58.32,-17.25],[-58.32,-17.25],[-58.32,-17.25],[-58.32,-17.25],[-58.32,-17.25],[-58.32,-17.25],[-58.32,-17.25],[-58.32,-17.25],[-58.32,-17.25],[-58.32,-17.25],[-58.32,-17.25],[-58.32,-17.25],[-58.32,-17.25],[-58.32,-17.26],[-58.32,-17.26],[-58.32,-17.26],[-58.32,-17.26],[-58.32,-17.26],[-58.32,-17.26],[-58.32,-17.26],[-58.32,-17.26],[-58.32,-17.26],[-58.32,-17.26],[-58.32,-17.26],[-58.31,-17.26],[-58.31,-17.26],[-58.31,-17.26],[-58.31,-17.26],[-58.31,-17.26],[-58.31,-17.26],[-58.31,-17.26],[-58.31,-17.26],[-58.31,-17.26],[-58.31,-17.26],[-58.3,-17.27],[-58.3,-17.27],[-58.3,-17.27],[-58.3,-17.27],[-58.3,-17.27],[-58.3,-17.27],[-58.3,-17.27],[-58.3,-17.27],[-58.3,-17.27],[-58.3,-17.27],[-58.3,-17.27],[-58.3,-17.27],[-58.3,-17.28],[-58.3,-17.28],[-58.3,-17.28],[-58.3,-17.28],[-58.3,-17.28],[-58.3,-17.28],[-58.3,-17.28],[-58.3,-17.28],[-58.29,-17.28],[-58.29,-17.28],[-58.29,-17.28],[-58.29,-17.28],[-58.29,-17.28],[-58.29,-17.29],[-58.29,-17.29],[-58.29,-17.29],[-58.29,-17.29],[-58.3,-17.29],[-58.3,-17.29],[-58.3,-17.29],[-58.3,-17.29],[-58.3,-17.29],[-58.3,-17.29],[-58.3,-17.3],[-58.29,-17.3],[-58.29,-17.3],[-58.29,-17.3],[-58.29,-17.3],[-58.29,-17.3],[-58.29,-17.3],[-58.29,-17.3],[-58.29,-17.3],[-58.28,-17.3],[-58.28,-17.3],[-58.28,-17.3],[-58.28,-17.3],[-58.28,-17.3],[-58.28,-17.3],[-58.28,-17.3],[-58.28,-17.3],[-58.28,-17.3],[-58.28,-17.3],[-58.28,-17.31],[-58.28,-17.31],[-58.28,-17.31],[-58.28,-17.31],[-58.28,-17.32],[-58.28,-17.32],[-58.28,-17.32],[-58.28,-17.32],[-58.28,-17.32],[-58.28,-17.32],[-58.28,-17.32],[-58.28,-17.32],[-58.28,-17.32],[-58.28,-17.32],[-58.28,-17.32],[-58.27,-17.32],[-58.27,-17.32],[-58.27,-17.32],[-58.27,-17.32],[-58.27,-17.32],[-58.27,-17.32],[-58.27,-17.32],[-58.27,-17.32],[-58.27,-17.32],[-58.27,-17.32],[-58.27,-17.32],[-58.27,-17.32],[-58.27,-17.32],[-58.26,-17.33],[-58.26,-17.33],[-58.26,-17.33],[-58.26,-17.33],[-58.26,-17.33],[-58.26,-17.33],[-58.26,-17.33],[-58.26,-17.33],[-58.26,-17.33],[-58.26,-17.33],[-58.26,-17.33],[-58.26,-17.33],[-58.26,-17.34],[-58.26,-17.34],[-58.26,-17.34],[-58.26,-17.34],[-58.26,-17.34],[-58.26,-17.34],[-58.26,-17.34],[-58.26,-17.34],[-58.26,-17.34],[-58.26,-17.34],[-58.26,-17.34],[-58.26,-17.34],[-58.26,-17.34],[-58.26,-17.34],[-58.26,-17.34],[-58.26,-17.34],[-58.26,-17.34],[-58.26,-17.34],[-58.26,-17.34],[-58.26,-17.34],[-58.26,-17.34],[-58.26,-17.34],[-58.26,-17.34],[-58.26,-17.34],[-58.26,-17.34],[-58.26,-17.34],[-58.26,-17.34],[-58.26,-17.34],[-58.26,-17.34],[-58.26,-17.35],[-58.25,-17.35],[-58.25,-17.35],[-58.25,-17.35],[-58.25,-17.35],[-58.25,-17.35],[-58.25,-17.35],[-58.25,-17.35],[-58.25,-17.35],[-58.25,-17.35],[-58.25,-17.35],[-58.25,-17.35],[-58.25,-17.35],[-58.25,-17.35],[-58.25,-17.35],[-58.25,-17.35],[-58.25,-17.35],[-58.25,-17.35],[-58.25,-17.35],[-58.25,-17.35],[-58.25,-17.35],[-58.25,-17.35],[-58.25,-17.35],[-58.25,-17.35],[-58.25,-17.35],[-58.25,-17.35],[-58.25,-17.35],[-58.25,-17.35],[-58.25,-17.35],[-58.25,-17.35],[-58.25,-17.35],[-58.25,-17.35],[-58.24,-17.35],[-58.24,-17.35],[-58.24,-17.35],[-58.24,-17.35],[-58.24,-17.35],[-58.24,-17.35],[-58.24,-17.35],[-58.24,-17.35],[-58.24,-17.35],[-58.24,-17.35],[-58.24,-17.35],[-58.24,-17.35],[-58.24,-17.35],[-58.24,-17.35],[-58.24,-17.35],[-58.24,-17.35],[-58.24,-17.35],[-58.24,-17.35],[-58.24,-17.35],[-58.23,-17.35],[-58.23,-17.35],[-58.23,-17.35],[-58.23,-17.35],[-58.23,-17.35],[-58.23,-17.35],[-58.23,-17.35],[-58.23,-17.35],[-58.23,-17.34],[-58.23,-17.34],[-58.23,-17.34],[-58.23,-17.34],[-58.23,-17.34],[-58.23,-17.34],[-58.23,-17.35],[-58.23,-17.35],[-58.23,-17.35],[-58.23,-17.35],[-58.23,-17.35],[-58.23,-17.35],[-58.23,-17.35],[-58.23,-17.35],[-58.23,-17.35],[-58.23,-17.35],[-58.23,-17.35],[-58.23,-17.35],[-58.23,-17.35],[-58.23,-17.35],[-58.23,-17.35],[-58.23,-17.35],[-58.23,-17.35],[-58.23,-17.35],[-58.23,-17.35],[-58.23,-17.35],[-58.23,-17.35],[-58.22,-17.36],[-58.22,-17.36],[-58.22,-17.36],[-58.22,-17.36],[-58.22,-17.36],[-58.22,-17.36],[-58.22,-17.36],[-58.22,-17.36],[-58.22,-17.36],[-58.22,-17.36],[-58.21,-17.36],[-58.21,-17.36],[-58.21,-17.35],[-58.21,-17.35],[-58.21,-17.35],[-58.21,-17.35],[-58.21,-17.35],[-58.21,-17.35],[-58.21,-17.35],[-58.21,-17.35],[-58.21,-17.35],[-58.21,-17.35],[-58.21,-17.35],[-58.2,-17.35],[-58.2,-17.35],[-58.2,-17.35],[-58.2,-17.35],[-58.2,-17.35],[-58.2,-17.35],[-58.2,-17.35],[-58.2,-17.35],[-58.2,-17.35],[-58.2,-17.35],[-58.2,-17.36],[-58.2,-17.36],[-58.2,-17.36],[-58.2,-17.36],[-58.19,-17.36],[-58.19,-17.36],[-58.19,-17.36],[-58.19,-17.36],[-58.19,-17.36],[-58.19,-17.36],[-58.19,-17.36],[-58.19,-17.36],[-58.19,-17.36],[-58.19,-17.36],[-58.19,-17.36],[-58.19,-17.36],[-58.19,-17.37],[-58.19,-17.37],[-58.19,-17.37],[-58.19,-17.37],[-58.19,-17.37],[-58.19,-17.37],[-58.19,-17.37],[-58.19,-17.37],[-58.19,-17.37],[-58.19,-17.37],[-58.2,-17.37],[-58.2,-17.37],[-58.2,-17.37],[-58.2,-17.38],[-58.2,-17.38],[-58.2,-17.38],[-58.2,-17.38],[-58.2,-17.38],[-58.2,-17.38],[-58.2,-17.38],[-58.2,-17.38],[-58.2,-17.38],[-58.2,-17.38],[-58.2,-17.38],[-58.2,-17.38],[-58.2,-17.38],[-58.2,-17.39],[-58.2,-17.39],[-58.2,-17.39],[-58.2,-17.39],[-58.2,-17.39],[-58.2,-17.39],[-58.19,-17.39],[-58.19,-17.39],[-58.19,-17.39],[-58.19,-17.39],[-58.19,-17.39],[-58.19,-17.39],[-58.19,-17.39],[-58.19,-17.39],[-58.19,-17.39],[-58.19,-17.39],[-58.18,-17.39],[-58.18,-17.39],[-58.18,-17.39],[-58.18,-17.39],[-58.18,-17.39],[-58.18,-17.39],[-58.18,-17.39],[-58.18,-17.39],[-58.18,-17.39],[-58.17,-17.39],[-58.17,-17.39],[-58.17,-17.39],[-58.17,-17.39],[-58.17,-17.39],[-58.17,-17.39],[-58.17,-17.39],[-58.17,-17.39],[-58.17,-17.39],[-58.17,-17.38],[-58.16,-17.38],[-58.16,-17.38],[-58.16,-17.38],[-58.16,-17.38],[-58.16,-17.38],[-58.16,-17.38],[-58.16,-17.38],[-58.16,-17.38],[-58.16,-17.38],[-58.16,-17.38],[-58.15,-17.38],[-58.15,-17.38],[-58.15,-17.38],[-58.15,-17.38],[-58.15,-17.38],[-58.15,-17.39],[-58.15,-17.39],[-58.15,-17.39],[-58.15,-17.39],[-58.15,-17.39],[-58.15,-17.39],[-58.15,-17.39],[-58.15,-17.39],[-58.15,-17.39],[-58.15,-17.39],[-58.15,-17.39],[-58.15,-17.39],[-58.15,-17.4],[-58.15,-17.4],[-58.15,-17.4],[-58.15,-17.4],[-58.15,-17.4],[-58.15,-17.4],[-58.15,-17.4],[-58.15,-17.4],[-58.15,-17.4],[-58.15,-17.4],[-58.15,-17.4],[-58.15,-17.4],[-58.15,-17.4],[-58.15,-17.4],[-58.15,-17.41],[-58.15,-17.41],[-58.15,-17.41],[-58.15,-17.41],[-58.14,-17.41],[-58.14,-17.41],[-58.14,-17.41],[-58.14,-17.41],[-58.14,-17.41],[-58.14,-17.41],[-58.14,-17.41],[-58.14,-17.41],[-58.14,-17.41],[-58.13,-17.41],[-58.13,-17.41],[-58.13,-17.41],[-58.13,-17.41],[-58.13,-17.41],[-58.13,-17.41],[-58.12,-17.41],[-58.12,-17.41],[-58.12,-17.41],[-58.12,-17.41],[-58.12,-17.41],[-58.12,-17.41],[-58.12,-17.41],[-58.12,-17.42],[-58.12,-17.42],[-58.12,-17.42],[-58.12,-17.42],[-58.12,-17.42],[-58.12,-17.42],[-58.12,-17.42],[-58.12,-17.42],[-58.12,-17.42],[-58.12,-17.43],[-58.12,-17.43],[-58.12,-17.43],[-58.12,-17.43],[-58.12,-17.43],[-58.12,-17.43],[-58.12,-17.43],[-58.12,-17.44],[-58.12,-17.44],[-58.12,-17.44],[-58.12,-17.44],[-58.12,-17.44],[-58.12,-17.44],[-58.12,-17.44],[-58.12,-17.44],[-58.12,-17.45],[-58.12,-17.45],[-58.12,-17.45],[-58.12,-17.45],[-58.11,-17.45],[-58.11,-17.45],[-58.11,-17.45],[-58.11,-17.45],[-58.11,-17.45],[-58.11,-17.45],[-58.1,-17.45],[-58.1,-17.45],[-58.1,-17.45],[-58.1,-17.45],[-58.1,-17.45],[-58.1,-17.45],[-58.1,-17.45],[-58.1,-17.46],[-58.1,-17.46],[-58.09,-17.46],[-58.09,-17.46],[-58.09,-17.46],[-58.09,-17.46],[-58.09,-17.46],[-58.09,-17.46],[-58.09,-17.46],[-58.09,-17.46],[-58.08,-17.46],[-58.08,-17.46],[-58.08,-17.46],[-58.08,-17.46],[-58.08,-17.45],[-58.08,-17.45],[-58.08,-17.45],[-58.08,-17.45],[-58.07,-17.45],[-58.07,-17.45],[-58.07,-17.45],[-58.07,-17.45],[-58.07,-17.45],[-58.07,-17.45],[-58.07,-17.45],[-58.07,-17.45],[-58.07,-17.45],[-58.07,-17.45],[-58.07,-17.45],[-58.07,-17.45],[-58.07,-17.45],[-58.07,-17.45],[-58.07,-17.45],[-58.07,-17.45],[-58.07,-17.45],[-58.07,-17.45],[-58.07,-17.45],[-58.06,-17.45],[-58.06,-17.45],[-58.06,-17.45],[-58.06,-17.45],[-58.06,-17.45],[-58.06,-17.45],[-58.06,-17.45],[-58.06,-17.45],[-58.06,-17.45],[-58.05,-17.45],[-58.05,-17.46],[-58.05,-17.46],[-58.05,-17.46],[-58.05,-17.46],[-58.05,-17.46],[-58.05,-17.46],[-58.05,-17.46],[-58.05,-17.46],[-58.05,-17.46],[-58.05,-17.46],[-58.05,-17.47],[-58.05,-17.47],[-58.05,-17.47],[-58.05,-17.47],[-58.05,-17.47],[-58.05,-17.47],[-58.05,-17.47],[-58.04,-17.47],[-58.04,-17.47],[-58.04,-17.47],[-58.04,-17.47],[-58.04,-17.47],[-58.04,-17.47],[-58.04,-17.48],[-58.04,-17.48],[-58.04,-17.48],[-58.04,-17.48],[-58.04,-17.48],[-58.04,-17.48],[-58.04,-17.48],[-58.04,-17.48],[-58.04,-17.48],[-58.04,-17.48],[-58.04,-17.48],[-58.04,-17.48],[-58.04,-17.48],[-58.04,-17.48],[-58.04,-17.48],[-58.04,-17.48],[-58.04,-17.48],[-58.04,-17.48],[-58.04,-17.48],[-58.04,-17.48],[-58.04,-17.48],[-58.04,-17.48],[-58.04,-17.48],[-58.04,-17.48],[-58.04,-17.48],[-58.04,-17.49],[-58.04,-17.49],[-58.04,-17.49],[-58.04,-17.49],[-58.04,-17.49],[-58.04,-17.49],[-58.04,-17.49],[-58.04,-17.49],[-58.04,-17.49],[-58.04,-17.49],[-58.04,-17.49],[-58.04,-17.49],[-58.04,-17.49],[-58.04,-17.49],[-58.04,-17.49],[-58.04,-17.49],[-58.04,-17.49],[-58.03,-17.49],[-58.03,-17.49],[-58.03,-17.49],[-58.03,-17.49],[-58.03,-17.49],[-58.03,-17.49],[-58.03,-17.49],[-58.03,-17.49],[-58.03,-17.49],[-58.03,-17.49],[-58.03,-17.49],[-58.03,-17.49],[-58.02,-17.49],[-58.02,-17.49],[-58.02,-17.49],[-58.02,-17.49],[-58.02,-17.49],[-58.02,-17.49],[-58.02,-17.49],[-58.02,-17.49],[-58.02,-17.49],[-58.02,-17.49],[-58.02,-17.5],[-58.02,-17.5],[-58.02,-17.5],[-58.02,-17.5],[-58.02,-17.5],[-58.01,-17.5],[-58.01,-17.5],[-58.01,-17.5],[-58.01,-17.5],[-58.01,-17.5],[-58.01,-17.49],[-58.01,-17.49],[-58.01,-17.49],[-58.01,-17.5],[-58.01,-17.5],[-58.01,-17.5],[-58.01,-17.5],[-58.01,-17.5],[-58.01,-17.5],[-58.01,-17.5],[-58.01,-17.5],[-58.01,-17.5],[-58.01,-17.5],[-58.01,-17.5],[-58.01,-17.5],[-58.01,-17.5],[-58.01,-17.5],[-58.01,-17.5],[-58.01,-17.5],[-58.01,-17.5],[-58.01,-17.5],[-58,-17.5],[-58,-17.5],[-58,-17.5],[-58,-17.5],[-58,-17.5],[-58,-17.5],[-58,-17.5],[-58,-17.5],[-58,-17.5],[-58,-17.5],[-58,-17.5],[-58,-17.5],[-58,-17.5],[-58,-17.5],[-58,-17.5],[-58,-17.5],[-58,-17.5],[-58,-17.5],[-58,-17.5],[-58,-17.5],[-58,-17.5],[-58,-17.5],[-58,-17.5],[-58,-17.5],[-58,-17.51],[-58,-17.51],[-58,-17.51],[-58,-17.51],[-58,-17.51],[-58,-17.51],[-57.99,-17.51],[-57.99,-17.51],[-57.99,-17.51],[-57.99,-17.51],[-57.99,-17.51],[-57.99,-17.51],[-57.99,-17.51],[-57.99,-17.51],[-57.99,-17.51],[-57.99,-17.51],[-57.99,-17.51],[-57.98,-17.51],[-57.98,-17.51],[-57.98,-17.51],[-57.98,-17.51],[-57.98,-17.51],[-57.98,-17.51],[-57.98,-17.51],[-57.98,-17.51],[-57.98,-17.5],[-57.98,-17.5],[-57.98,-17.5],[-57.97,-17.5],[-57.97,-17.5],[-57.97,-17.5],[-57.97,-17.5],[-57.97,-17.5],[-57.97,-17.5],[-57.97,-17.5],[-57.97,-17.51],[-57.95,-17.5],[-57.95,-17.5],[-57.95,-17.5],[-57.95,-17.49],[-57.94,-17.49],[-57.93,-17.49],[-57.92,-17.48],[-57.91,-17.46],[-57.9,-17.46],[-57.89,-17.45],[-57.89,-17.45],[-57.89,-17.45],[-57.88,-17.45],[-57.87,-17.46],[-57.84,-17.48],[-57.83,-17.49],[-57.82,-17.5],[-57.82,-17.5],[-57.75,-17.55],[-57.75,-17.55],[-57.75,-17.55],[-57.75,-17.55],[-57.75,-17.55],[-57.74,-17.55],[-57.74,-17.55],[-57.74,-17.56],[-57.74,-17.56],[-57.74,-17.56],[-57.74,-17.56],[-57.74,-17.56],[-57.74,-17.56],[-57.74,-17.56],[-57.74,-17.56],[-57.74,-17.56],[-57.74,-17.56],[-57.74,-17.56],[-57.74,-17.56],[-57.74,-17.56],[-57.74,-17.56],[-57.74,-17.56],[-57.74,-17.56],[-57.74,-17.56],[-57.74,-17.57],[-57.74,-17.57],[-57.74,-17.57],[-57.75,-17.57],[-57.75,-17.58],[-57.75,-17.58],[-57.75,-17.58],[-57.75,-17.58],[-57.75,-17.58],[-57.75,-17.58],[-57.76,-17.58],[-57.76,-17.58],[-57.76,-17.58],[-57.76,-17.58],[-57.76,-17.59],[-57.76,-17.59],[-57.76,-17.59],[-57.76,-17.59],[-57.76,-17.59],[-57.76,-17.59],[-57.77,-17.6],[-57.78,-17.6],[-57.78,-17.6],[-57.78,-17.6],[-57.78,-17.61],[-57.78,-17.61],[-57.78,-17.61],[-57.78,-17.61],[-57.78,-17.61],[-57.78,-17.61],[-57.78,-17.61],[-57.78,-17.61],[-57.78,-17.61],[-57.78,-17.61],[-57.78,-17.61],[-57.78,-17.61],[-57.78,-17.61],[-57.78,-17.61],[-57.77,-17.61],[-57.77,-17.61],[-57.77,-17.61],[-57.77,-17.61],[-57.77,-17.61],[-57.77,-17.61],[-57.77,-17.61],[-57.77,-17.61],[-57.77,-17.61],[-57.77,-17.61],[-57.77,-17.61],[-57.77,-17.62],[-57.77,-17.62],[-57.77,-17.62],[-57.77,-17.62],[-57.77,-17.62],[-57.77,-17.62],[-57.77,-17.62],[-57.77,-17.62],[-57.77,-17.62],[-57.77,-17.62],[-57.78,-17.63],[-57.78,-17.63],[-57.78,-17.63],[-57.78,-17.63],[-57.78,-17.63],[-57.78,-17.63],[-57.78,-17.63],[-57.78,-17.64],[-57.78,-17.64],[-57.78,-17.64],[-57.78,-17.64],[-57.78,-17.64],[-57.78,-17.64],[-57.78,-17.64],[-57.78,-17.64],[-57.78,-17.64],[-57.78,-17.64],[-57.78,-17.64],[-57.78,-17.64],[-57.78,-17.65],[-57.78,-17.65],[-57.78,-17.65],[-57.78,-17.65],[-57.78,-17.65],[-57.77,-17.65],[-57.77,-17.65],[-57.77,-17.65],[-57.77,-17.65],[-57.77,-17.65],[-57.77,-17.65],[-57.77,-17.65],[-57.77,-17.65],[-57.77,-17.65],[-57.77,-17.65],[-57.77,-17.66],[-57.77,-17.66],[-57.76,-17.66],[-57.76,-17.66],[-57.76,-17.66],[-57.76,-17.66],[-57.76,-17.66],[-57.76,-17.66],[-57.76,-17.66],[-57.76,-17.67],[-57.76,-17.67],[-57.76,-17.67],[-57.76,-17.67],[-57.76,-17.67],[-57.76,-17.67],[-57.76,-17.67],[-57.76,-17.67],[-57.76,-17.67],[-57.76,-17.67],[-57.76,-17.67],[-57.75,-17.67],[-57.75,-17.67],[-57.75,-17.68],[-57.75,-17.68],[-57.75,-17.68],[-57.75,-17.68],[-57.75,-17.68],[-57.75,-17.68],[-57.75,-17.68],[-57.75,-17.68],[-57.75,-17.68],[-57.75,-17.68],[-57.75,-17.68],[-57.75,-17.68],[-57.75,-17.68],[-57.75,-17.69],[-57.75,-17.69],[-57.75,-17.69],[-57.75,-17.69],[-57.75,-17.69],[-57.75,-17.69],[-57.75,-17.69],[-57.75,-17.69],[-57.75,-17.69],[-57.74,-17.69],[-57.74,-17.69],[-57.74,-17.69],[-57.74,-17.69],[-57.74,-17.69],[-57.74,-17.69],[-57.74,-17.7],[-57.74,-17.7],[-57.74,-17.7],[-57.74,-17.7],[-57.73,-17.7],[-57.73,-17.71],[-57.73,-17.71],[-57.73,-17.71],[-57.73,-17.71],[-57.73,-17.72],[-57.73,-17.72],[-57.73,-17.72],[-57.72,-17.72],[-57.72,-17.72],[-57.72,-17.72],[-57.72,-17.72],[-57.72,-17.72],[-57.71,-17.72],[-57.71,-17.72],[-57.71,-17.73],[-57.71,-17.73],[-57.71,-17.73],[-57.71,-17.73],[-57.71,-17.74],[-57.71,-17.74],[-57.71,-17.74],[-57.71,-17.74],[-57.71,-17.75],[-57.71,-17.75],[-57.71,-17.75],[-57.71,-17.75],[-57.71,-17.76],[-57.71,-17.76],[-57.71,-17.76],[-57.71,-17.76],[-57.71,-17.76],[-57.71,-17.77],[-57.71,-17.77],[-57.71,-17.77],[-57.7,-17.78],[-57.7,-17.78],[-57.7,-17.79],[-57.7,-17.79],[-57.69,-17.79],[-57.69,-17.8],[-57.69,-17.8],[-57.69,-17.8],[-57.68,-17.81],[-57.68,-17.81],[-57.68,-17.81],[-57.68,-17.81],[-57.68,-17.82],[-57.68,-17.82],[-57.68,-17.82],[-57.68,-17.82],[-57.68,-17.83],[-57.69,-17.83],[-57.69,-17.83],[-57.69,-17.83],[-57.7,-17.83],[-57.7,-17.83],[-57.7,-17.83],[-57.71,-17.83],[-57.72,-17.83],[-57.72,-17.83],[-57.72,-17.83],[-57.72,-17.83],[-57.72,-17.83],[-57.72,-17.84],[-57.72,-17.84],[-57.71,-17.84],[-57.71,-17.84],[-57.71,-17.85],[-57.71,-17.85],[-57.71,-17.85],[-57.7,-17.86],[-57.7,-17.86],[-57.7,-17.87],[-57.7,-17.87],[-57.69,-17.87],[-57.69,-17.88],[-57.69,-17.88],[-57.69,-17.88],[-57.69,-17.89],[-57.68,-17.89],[-57.68,-17.9],[-57.68,-17.9],[-57.68,-17.9],[-57.68,-17.91],[-57.67,-17.91],[-57.67,-17.91],[-57.67,-17.92],[-57.67,-17.92],[-57.67,-17.92],[-57.66,-17.93],[-57.66,-17.93],[-57.66,-17.94],[-57.66,-17.94],[-57.65,-17.94],[-57.65,-17.95],[-57.65,-17.95],[-57.65,-17.96],[-57.65,-17.96],[-57.64,-17.96],[-57.64,-17.97],[-57.64,-17.97],[-57.64,-17.98]]]},"properties":{"NOM_DEP":"Santa Cruz","ID_DEP":"SC","population_ine_2024":3122605,"registered_oep_2026":2038004,"municipalities":56,"provinces":15,"localities_oep_2026":571,"precincts_oep_2026":1138,"tables_oep_2026":8962,"metropolitan_population_share":0.6710365223907603,"metropolitan_registered_share":0.7055682913281819}}]}