{"type":"FeatureCollection","name":"Recintos electorales de Santa Cruz 2026","metadata":{"title":"Recintos electorales de Santa Cruz 2026 con geografía completa estimativa","generated_on":"2026-08-14","crs":"EPSG:4326","total_precincts":1138,"estimated_precinct_points":9,"warning":"Nueve puntos representan el asiento/localidad y no el edificio electoral 2026 verificado.","total_features":1138,"estimated_features":9},"features":[{"type":"Feature","properties":{"province":"Andrés Ibáñez","municipality":"Cotoca","locality":"Campanero","precinct_code":5002,"precinct":"Escuela Rep. de Mexico","registered_2026":2795,"tables_2026":12,"coordinate_source":"OEP_2026_archivo_21_municipios","coordinate_year":2026,"match_method":"exact_municipality_locality_precinct","match_score":1,"coordinate_status":"official_2026_source_file","georeference_confidence":"high","metropolitan":true,"estimated_coordinate":false},"geometry":{"type":"Point","coordinates":[-62.95778,-17.7372]}},{"type":"Feature","properties":{"province":"Andrés Ibáñez","municipality":"Cotoca","locality":"Comunidad Campesina Arroyuelo","precinct_code":32507,"precinct":"U.E. Arroyuelo","registered_2026":249,"tables_2026":1,"coordinate_source":"OEP_2026_archivo_21_municipios","coordinate_year":2026,"match_method":"exact_municipality_locality_precinct","match_score":1,"coordinate_status":"official_2026_source_file","georeference_confidence":"high","metropolitan":true,"estimated_coordinate":false},"geometry":{"type":"Point","coordinates":[-63.052175,-17.820371]}},{"type":"Feature","properties":{"province":"Andrés Ibáñez","municipality":"Cotoca","locality":"Cotoca","precinct_code":11000,"precinct":"Escuela Colegio Manuel Angel Cortez","registered_2026":4331,"tables_2026":18,"coordinate_source":"OEP_2026_archivo_21_municipios","coordinate_year":2026,"match_method":"exact_municipality_locality_precinct","match_score":1,"coordinate_status":"official_2026_source_file","georeference_confidence":"high","metropolitan":true,"estimated_coordinate":false},"geometry":{"type":"Point","coordinates":[-63.0035,-17.75491]}},{"type":"Feature","properties":{"province":"Andrés Ibáñez","municipality":"Cotoca","locality":"Cotoca","precinct_code":11001,"precinct":"Escuela Colegio Lorenzo Cortez Rivera","registered_2026":5403,"tables_2026":23,"coordinate_source":"OEP_2026_archivo_21_municipios","coordinate_year":2026,"match_method":"exact_municipality_locality_precinct","match_score":1,"coordinate_status":"official_2026_source_file","georeference_confidence":"high","metropolitan":true,"estimated_coordinate":false},"geometry":{"type":"Point","coordinates":[-62.995138,-17.750758]}},{"type":"Feature","properties":{"province":"Andrés Ibáñez","municipality":"Cotoca","locality":"Cotoca","precinct_code":11027,"precinct":"Escuela Col. San Marcos","registered_2026":6202,"tables_2026":26,"coordinate_source":"OEP_2026_archivo_21_municipios","coordinate_year":2026,"match_method":"exact_municipality_locality_precinct","match_score":1,"coordinate_status":"official_2026_source_file","georeference_confidence":"high","metropolitan":true,"estimated_coordinate":false},"geometry":{"type":"Point","coordinates":[-62.98962,-17.75545]}},{"type":"Feature","properties":{"province":"Andrés Ibáñez","municipality":"Cotoca","locality":"Cotoca","precinct_code":11042,"precinct":"Colegio Nal. Benemeritos de La Patria","registered_2026":6018,"tables_2026":25,"coordinate_source":"OEP_2026_archivo_21_municipios","coordinate_year":2026,"match_method":"exact_municipality_locality_precinct","match_score":1,"coordinate_status":"official_2026_source_file","georeference_confidence":"high","metropolitan":true,"estimated_coordinate":false},"geometry":{"type":"Point","coordinates":[-62.99899,-17.75773]}},{"type":"Feature","properties":{"province":"Andrés Ibáñez","municipality":"Cotoca","locality":"Cotoca","precinct_code":25053,"precinct":"Escuela Callejas","registered_2026":1685,"tables_2026":7,"coordinate_source":"OEP_2026_archivo_21_municipios","coordinate_year":2026,"match_method":"exact_municipality_locality_precinct","match_score":1,"coordinate_status":"official_2026_source_file","georeference_confidence":"high","metropolitan":true,"estimated_coordinate":false},"geometry":{"type":"Point","coordinates":[-63.059745,-17.766163]}},{"type":"Feature","properties":{"province":"Andrés Ibáñez","municipality":"Cotoca","locality":"Cotoca","precinct_code":25420,"precinct":"U.E. San Antonio","registered_2026":1568,"tables_2026":7,"coordinate_source":"OEP_2026_archivo_21_municipios","coordinate_year":2026,"match_method":"exact_municipality_locality_precinct","match_score":1,"coordinate_status":"official_2026_source_file","georeference_confidence":"high","metropolitan":true,"estimated_coordinate":false},"geometry":{"type":"Point","coordinates":[-62.988275,-17.750959]}},{"type":"Feature","properties":{"province":"Andrés Ibáñez","municipality":"Cotoca","locality":"Cotoca","precinct_code":25471,"precinct":"U.E. Patuju","registered_2026":1753,"tables_2026":8,"coordinate_source":"OEP_2026_archivo_21_municipios","coordinate_year":2026,"match_method":"exact_municipality_locality_precinct","match_score":1,"coordinate_status":"official_2026_source_file","georeference_confidence":"high","metropolitan":true,"estimated_coordinate":false},"geometry":{"type":"Point","coordinates":[-63.053256,-17.773043]}},{"type":"Feature","properties":{"province":"Andrés Ibáñez","municipality":"Cotoca","locality":"Cotoca","precinct_code":32188,"precinct":"Guardería Municipal Divino Niño Jesús","registered_2026":103,"tables_2026":1,"coordinate_source":"OEP_2026_archivo_21_municipios","coordinate_year":2026,"match_method":"exact_municipality_locality_precinct","match_score":1,"coordinate_status":"official_2026_source_file","georeference_confidence":"high","metropolitan":true,"estimated_coordinate":false},"geometry":{"type":"Point","coordinates":[-62.99343,-17.742455]}},{"type":"Feature","properties":{"province":"Andrés Ibáñez","municipality":"Cotoca","locality":"Cotoca","precinct_code":32190,"precinct":"Coliseo Municipal de Cotoca","registered_2026":439,"tables_2026":2,"coordinate_source":"OEP_2026_archivo_21_municipios","coordinate_year":2026,"match_method":"exact_municipality_locality_precinct","match_score":1,"coordinate_status":"official_2026_source_file","georeference_confidence":"high","metropolitan":true,"estimated_coordinate":false},"geometry":{"type":"Point","coordinates":[-62.9973,-17.753347]}},{"type":"Feature","properties":{"province":"Andrés Ibáñez","municipality":"Cotoca","locality":"Don Lorenzo","precinct_code":11003,"precinct":"U.E. Don Lorenzo","registered_2026":1566,"tables_2026":7,"coordinate_source":"OEP_2026_archivo_21_municipios","coordinate_year":2026,"match_method":"exact_municipality_locality_precinct","match_score":1,"coordinate_status":"official_2026_source_file","georeference_confidence":"high","metropolitan":true,"estimated_coordinate":false},"geometry":{"type":"Point","coordinates":[-62.878569,-17.806393]}},{"type":"Feature","properties":{"province":"Andrés Ibáñez","municipality":"Cotoca","locality":"El Bisito","precinct_code":11038,"precinct":"Escuela Unidad Educativa Oscar Alfaro","registered_2026":2808,"tables_2026":12,"coordinate_source":"OEP_2026_archivo_21_municipios","coordinate_year":2026,"match_method":"exact_municipality_locality_precinct","match_score":1,"coordinate_status":"official_2026_source_file","georeference_confidence":"high","metropolitan":true,"estimated_coordinate":false},"geometry":{"type":"Point","coordinates":[-63.01909,-17.79542]}},{"type":"Feature","properties":{"province":"Andrés Ibáñez","municipality":"Cotoca","locality":"El Bisito","precinct_code":26073,"precinct":"U.E. La  Cruceña","registered_2026":383,"tables_2026":2,"coordinate_source":"OEP_2026_archivo_21_municipios","coordinate_year":2026,"match_method":"exact_municipality_locality_precinct","match_score":1,"coordinate_status":"official_2026_source_file","georeference_confidence":"high","metropolitan":true,"estimated_coordinate":false},"geometry":{"type":"Point","coordinates":[-62.973612,-17.800778]}},{"type":"Feature","properties":{"province":"Andrés Ibáñez","municipality":"Cotoca","locality":"El Espino","precinct_code":26335,"precinct":"U. E. El Espino","registered_2026":271,"tables_2026":2,"coordinate_source":"OEP_2026_archivo_21_municipios","coordinate_year":2026,"match_method":"exact_municipality_locality_precinct","match_score":1,"coordinate_status":"official_2026_source_file","georeference_confidence":"high","metropolitan":true,"estimated_coordinate":false},"geometry":{"type":"Point","coordinates":[-62.862022,-17.77258]}},{"type":"Feature","properties":{"province":"Andrés Ibáñez","municipality":"Cotoca","locality":"Gremial Cortez","precinct_code":1,"precinct":"Esc. Gremial Cortez","registered_2026":1378,"tables_2026":6,"coordinate_source":"OEP_2026_archivo_21_municipios","coordinate_year":2026,"match_method":"exact_municipality_locality_precinct","match_score":1,"coordinate_status":"official_2026_source_file","georeference_confidence":"high","metropolitan":true,"estimated_coordinate":false},"geometry":{"type":"Point","coordinates":[-63.01388,-17.82349]}},{"type":"Feature","properties":{"province":"Andrés Ibáñez","municipality":"Cotoca","locality":"La Enconada","precinct_code":11037,"precinct":"Escuela German Busch","registered_2026":2017,"tables_2026":9,"coordinate_source":"OEP_2026_archivo_21_municipios","coordinate_year":2026,"match_method":"exact_municipality_locality_precinct","match_score":1,"coordinate_status":"official_2026_source_file","georeference_confidence":"high","metropolitan":true,"estimated_coordinate":false},"geometry":{"type":"Point","coordinates":[-62.93764,-17.73404]}},{"type":"Feature","properties":{"province":"Andrés Ibáñez","municipality":"Cotoca","locality":"Mapaiso de las Piedades","precinct_code":6017,"precinct":"Esc. Mariscal Antonio Jose De Sucre","registered_2026":2034,"tables_2026":9,"coordinate_source":"OEP_2026_archivo_21_municipios","coordinate_year":2026,"match_method":"exact_municipality_locality_precinct","match_score":1,"coordinate_status":"official_2026_source_file","georeference_confidence":"high","metropolitan":true,"estimated_coordinate":false},"geometry":{"type":"Point","coordinates":[-63.05227,-17.74769]}},{"type":"Feature","properties":{"province":"Andrés Ibáñez","municipality":"Cotoca","locality":"Mapaiso de las Piedades","precinct_code":6018,"precinct":"Escuela U.E Club Social 24 de Septiembre","registered_2026":5144,"tables_2026":22,"coordinate_source":"OEP_2026_archivo_21_municipios","coordinate_year":2026,"match_method":"exact_municipality_locality_precinct","match_score":1,"coordinate_status":"official_2026_source_file","georeference_confidence":"high","metropolitan":true,"estimated_coordinate":false},"geometry":{"type":"Point","coordinates":[-63.059547,-17.740763]}},{"type":"Feature","properties":{"province":"Andrés Ibáñez","municipality":"Cotoca","locality":"Mapaiso de las Piedades","precinct_code":26072,"precinct":"U. E. Ciudadela Nueva Jerusalén","registered_2026":1938,"tables_2026":8,"coordinate_source":"OEP_2026_archivo_21_municipios","coordinate_year":2026,"match_method":"exact_municipality_locality_precinct","match_score":1,"coordinate_status":"official_2026_source_file","georeference_confidence":"high","metropolitan":true,"estimated_coordinate":false},"geometry":{"type":"Point","coordinates":[-63.029249,-17.718959]}},{"type":"Feature","properties":{"province":"Andrés Ibáñez","municipality":"Cotoca","locality":"Mapaiso de las Piedades","precinct_code":26339,"precinct":"U. E. Bicentenario","registered_2026":573,"tables_2026":3,"coordinate_source":"OEP_2026_archivo_21_municipios","coordinate_year":2026,"match_method":"exact_municipality_locality_precinct","match_score":1,"coordinate_status":"official_2026_source_file","georeference_confidence":"high","metropolitan":true,"estimated_coordinate":false},"geometry":{"type":"Point","coordinates":[-63.048135,-17.729298]}},{"type":"Feature","properties":{"province":"Andrés Ibáñez","municipality":"Cotoca","locality":"Mapaiso de las Piedades","precinct_code":32189,"precinct":"Las Palmeras II","registered_2026":385,"tables_2026":2,"coordinate_source":"OEP_2026_archivo_21_municipios","coordinate_year":2026,"match_method":"exact_municipality_locality_precinct","match_score":1,"coordinate_status":"official_2026_source_file","georeference_confidence":"high","metropolitan":true,"estimated_coordinate":false},"geometry":{"type":"Point","coordinates":[-63.048059,-17.742113]}},{"type":"Feature","properties":{"province":"Andrés Ibáñez","municipality":"Cotoca","locality":"Mapaiso de las Piedades","precinct_code":32431,"precinct":"U.E. Tavaguasu","registered_2026":322,"tables_2026":2,"coordinate_source":"OEP_2026_archivo_21_municipios","coordinate_year":2026,"match_method":"exact_municipality_locality_precinct","match_score":1,"coordinate_status":"official_2026_source_file","georeference_confidence":"high","metropolitan":true,"estimated_coordinate":false},"geometry":{"type":"Point","coordinates":[-63.055987,-17.701861]}},{"type":"Feature","properties":{"province":"Andrés Ibáñez","municipality":"Cotoca","locality":"Mapaiso de las Piedades","precinct_code":32432,"precinct":"U.E. Antonio Vaca Diez Cuellar","registered_2026":178,"tables_2026":1,"coordinate_source":"OEP_2026_archivo_21_municipios","coordinate_year":2026,"match_method":"exact_municipality_locality_precinct","match_score":1,"coordinate_status":"official_2026_source_file","georeference_confidence":"high","metropolitan":true,"estimated_coordinate":false},"geometry":{"type":"Point","coordinates":[-63.072628,-17.733944]}},{"type":"Feature","properties":{"province":"Andrés Ibáñez","municipality":"Cotoca","locality":"Mapaiso de las Piedades","precinct_code":32434,"precinct":"U.E. San Francisco","registered_2026":382,"tables_2026":2,"coordinate_source":"OEP_2026_archivo_21_municipios","coordinate_year":2026,"match_method":"exact_municipality_locality_precinct","match_score":1,"coordinate_status":"official_2026_source_file","georeference_confidence":"high","metropolitan":true,"estimated_coordinate":false},"geometry":{"type":"Point","coordinates":[-63.059376,-17.718423]}},{"type":"Feature","properties":{"province":"Andrés Ibáñez","municipality":"Cotoca","locality":"OTB Comunidad Arroyito","precinct_code":32401,"precinct":"U.E. Litoral","registered_2026":270,"tables_2026":2,"coordinate_source":"OEP_2026_archivo_21_municipios","coordinate_year":2026,"match_method":"exact_municipality_locality_precinct","match_score":1,"coordinate_status":"official_2026_source_file","georeference_confidence":"high","metropolitan":true,"estimated_coordinate":false},"geometry":{"type":"Point","coordinates":[-62.991396,-17.781004]}},{"type":"Feature","properties":{"province":"Andrés Ibáñez","municipality":"Cotoca","locality":"OTB  Comunidad Arroyuelo Norte","precinct_code":32415,"precinct":"U.E. Libertad Espinal","registered_2026":453,"tables_2026":2,"coordinate_source":"OEP_2026_archivo_21_municipios","coordinate_year":2026,"match_method":"exact_municipality_locality_precinct","match_score":1,"coordinate_status":"official_2026_source_file","georeference_confidence":"high","metropolitan":true,"estimated_coordinate":false},"geometry":{"type":"Point","coordinates":[-63.05351,-17.80213]}},{"type":"Feature","properties":{"province":"Andrés Ibáñez","municipality":"Cotoca","locality":"Puerto Pailas","precinct_code":1004,"precinct":"Escuela Demetrio Añez","registered_2026":2676,"tables_2026":12,"coordinate_source":"OEP_2026_archivo_21_municipios","coordinate_year":2026,"match_method":"exact_municipality_locality_precinct","match_score":1,"coordinate_status":"official_2026_source_file","georeference_confidence":"high","metropolitan":true,"estimated_coordinate":false},"geometry":{"type":"Point","coordinates":[-62.79085,-17.66665]}},{"type":"Feature","properties":{"province":"Andrés Ibáñez","municipality":"Cotoca","locality":"Puerto Pailas","precinct_code":26397,"precinct":"U.E. Andrés Ibañez","registered_2026":411,"tables_2026":2,"coordinate_source":"OEP_2026_archivo_21_municipios","coordinate_year":2026,"match_method":"exact_municipality_locality_precinct","match_score":1,"coordinate_status":"official_2026_source_file","georeference_confidence":"high","metropolitan":true,"estimated_coordinate":false},"geometry":{"type":"Point","coordinates":[-62.79028,-17.665394]}},{"type":"Feature","properties":{"province":"Andrés Ibáñez","municipality":"Cotoca","locality":"Tajibo","precinct_code":11029,"precinct":"Unidad Educativa Fidel Saucedo","registered_2026":2353,"tables_2026":10,"coordinate_source":"OEP_2026_archivo_21_municipios","coordinate_year":2026,"match_method":"exact_municipality_locality_precinct","match_score":1,"coordinate_status":"official_2026_source_file","georeference_confidence":"high","metropolitan":true,"estimated_coordinate":false},"geometry":{"type":"Point","coordinates":[-62.99212,-17.69003]}},{"type":"Feature","properties":{"province":"Andrés Ibáñez","municipality":"Cotoca","locality":"Tarope","precinct_code":25856,"precinct":"U.E. 6 de Agosto","registered_2026":1312,"tables_2026":6,"coordinate_source":"OEP_2026_archivo_21_municipios","coordinate_year":2026,"match_method":"exact_municipality_locality_precinct","match_score":1,"coordinate_status":"official_2026_source_file","georeference_confidence":"high","metropolitan":true,"estimated_coordinate":false},"geometry":{"type":"Point","coordinates":[-63.017698,-17.770103]}},{"type":"Feature","properties":{"province":"Andrés Ibáñez","municipality":"El Torno","locality":"Cañada Dos","precinct_code":1,"precinct":"Esc. Cañada Dos","registered_2026":394,"tables_2026":2,"coordinate_source":"OEP_2026_archivo_21_municipios","coordinate_year":2026,"match_method":"exact_municipality_locality_precinct","match_score":1,"coordinate_status":"official_2026_source_file","georeference_confidence":"high","metropolitan":true,"estimated_coordinate":false},"geometry":{"type":"Point","coordinates":[-63.294591,-18.203835]}},{"type":"Feature","properties":{"province":"Andrés Ibáñez","municipality":"El Torno","locality":"El Cafetal","precinct_code":101,"precinct":"U.E. San José de Cafetal Monte Verde","registered_2026":249,"tables_2026":1,"coordinate_source":"OEP_2026_archivo_21_municipios","coordinate_year":2026,"match_method":"exact_municipality_locality_precinct","match_score":1,"coordinate_status":"official_2026_source_file","georeference_confidence":"high","metropolitan":true,"estimated_coordinate":false},"geometry":{"type":"Point","coordinates":[-63.50122,-17.92225]}},{"type":"Feature","properties":{"province":"Andrés Ibáñez","municipality":"El Torno","locality":"El Torno","precinct_code":1036,"precinct":"Esc. Naciones Unidas","registered_2026":5270,"tables_2026":22,"coordinate_source":"OEP_2026_archivo_21_municipios","coordinate_year":2026,"match_method":"exact_municipality_locality_precinct","match_score":1,"coordinate_status":"official_2026_source_file","georeference_confidence":"high","metropolitan":true,"estimated_coordinate":false},"geometry":{"type":"Point","coordinates":[-63.38043,-17.9931]}},{"type":"Feature","properties":{"province":"Andrés Ibáñez","municipality":"El Torno","locality":"El Torno","precinct_code":11022,"precinct":"Esc. Elena Vaca Antelo","registered_2026":5155,"tables_2026":22,"coordinate_source":"OEP_2026_archivo_21_municipios","coordinate_year":2026,"match_method":"exact_municipality_locality_precinct","match_score":1,"coordinate_status":"official_2026_source_file","georeference_confidence":"high","metropolitan":true,"estimated_coordinate":false},"geometry":{"type":"Point","coordinates":[-63.3835,-17.99134]}},{"type":"Feature","properties":{"province":"Andrés Ibáñez","municipality":"El Torno","locality":"El Torno","precinct_code":11023,"precinct":"U.E. Bicentenario","registered_2026":2614,"tables_2026":11,"coordinate_source":"OEP_2026_archivo_21_municipios","coordinate_year":2026,"match_method":"exact_municipality_locality_precinct","match_score":1,"coordinate_status":"official_2026_source_file","georeference_confidence":"high","metropolitan":true,"estimated_coordinate":false},"geometry":{"type":"Point","coordinates":[-63.38105,-17.98782]}},{"type":"Feature","properties":{"province":"Andrés Ibáñez","municipality":"El Torno","locality":"El Torno","precinct_code":25405,"precinct":"U.E. Lic. Zachary Macy","registered_2026":1263,"tables_2026":6,"coordinate_source":"OEP_2026_archivo_21_municipios","coordinate_year":2026,"match_method":"exact_municipality_locality_precinct","match_score":1,"coordinate_status":"official_2026_source_file","georeference_confidence":"high","metropolitan":true,"estimated_coordinate":false},"geometry":{"type":"Point","coordinates":[-63.385014,-17.999197]}},{"type":"Feature","properties":{"province":"Andrés Ibáñez","municipality":"El Torno","locality":"El Torno","precinct_code":26433,"precinct":"U.E. Lic. Zachary Macy Secundaria","registered_2026":1397,"tables_2026":6,"coordinate_source":"OEP_2026_archivo_21_municipios","coordinate_year":2026,"match_method":"exact_municipality_locality_precinct","match_score":1,"coordinate_status":"official_2026_source_file","georeference_confidence":"high","metropolitan":true,"estimated_coordinate":false},"geometry":{"type":"Point","coordinates":[-63.385383,-17.99967]}},{"type":"Feature","properties":{"province":"Andrés Ibáñez","municipality":"El Torno","locality":"Jorochito","precinct_code":11013,"precinct":"Esc.  29 de Junio","registered_2026":3085,"tables_2026":13,"coordinate_source":"OEP_2026_archivo_21_municipios","coordinate_year":2026,"match_method":"exact_municipality_locality_precinct","match_score":1,"coordinate_status":"official_2026_source_file","georeference_confidence":"high","metropolitan":true,"estimated_coordinate":false},"geometry":{"type":"Point","coordinates":[-63.42663,-18.05655]}},{"type":"Feature","properties":{"province":"Andrés Ibáñez","municipality":"El Torno","locality":"La Angostura","precinct_code":11015,"precinct":"Esc. Alberto Ribera Tapia","registered_2026":1245,"tables_2026":6,"coordinate_source":"OEP_2026_archivo_21_municipios","coordinate_year":2026,"match_method":"exact_municipality_locality_precinct","match_score":1,"coordinate_status":"official_2026_source_file","georeference_confidence":"high","metropolitan":true,"estimated_coordinate":false},"geometry":{"type":"Point","coordinates":[-63.50418,-18.15956]}},{"type":"Feature","properties":{"province":"Andrés Ibáñez","municipality":"El Torno","locality":"La Elvira","precinct_code":1,"precinct":"Esc. La Elvira","registered_2026":146,"tables_2026":1,"coordinate_source":"OEP_2026_archivo_21_municipios","coordinate_year":2026,"match_method":"exact_municipality_locality_precinct","match_score":1,"coordinate_status":"official_2026_source_file","georeference_confidence":"high","metropolitan":true,"estimated_coordinate":false},"geometry":{"type":"Point","coordinates":[-63.44523,-18.05682]}},{"type":"Feature","properties":{"province":"Andrés Ibáñez","municipality":"El Torno","locality":"La Forestal","precinct_code":1009,"precinct":"U.E. Virgen Maria Fe y Alegria","registered_2026":551,"tables_2026":3,"coordinate_source":"OEP_2026_archivo_21_municipios","coordinate_year":2026,"match_method":"exact_municipality_locality_precinct","match_score":1,"coordinate_status":"official_2026_source_file","georeference_confidence":"high","metropolitan":true,"estimated_coordinate":false},"geometry":{"type":"Point","coordinates":[-63.45194,-17.981]}},{"type":"Feature","properties":{"province":"Andrés Ibáñez","municipality":"El Torno","locality":"Limoncito","precinct_code":1012,"precinct":"Escuela Andres Ibañez","registered_2026":2847,"tables_2026":12,"coordinate_source":"OEP_2026_archivo_21_municipios","coordinate_year":2026,"match_method":"exact_municipality_locality_precinct","match_score":1,"coordinate_status":"official_2026_source_file","georeference_confidence":"high","metropolitan":true,"estimated_coordinate":false},"geometry":{"type":"Point","coordinates":[-63.40279,-18.02817]}},{"type":"Feature","properties":{"province":"Andrés Ibáñez","municipality":"El Torno","locality":"Parabanocito","precinct_code":1030,"precinct":"Seccional Parabanocito","registered_2026":149,"tables_2026":1,"coordinate_source":"OEP_2026_archivo_21_municipios","coordinate_year":2026,"match_method":"exact_municipality_locality_precinct","match_score":1,"coordinate_status":"official_2026_source_file","georeference_confidence":"high","metropolitan":true,"estimated_coordinate":false},"geometry":{"type":"Point","coordinates":[-63.46001,-18.22056]}},{"type":"Feature","properties":{"province":"Andrés Ibáñez","municipality":"El Torno","locality":"Puerto Rico (Ibañez)","precinct_code":11010,"precinct":"Escuela Puerto Rico","registered_2026":3602,"tables_2026":15,"coordinate_source":"OEP_2026_archivo_21_municipios","coordinate_year":2026,"match_method":"exact_municipality_locality_precinct","match_score":1,"coordinate_status":"official_2026_source_file","georeference_confidence":"high","metropolitan":true,"estimated_coordinate":false},"geometry":{"type":"Point","coordinates":[-63.39142,-18.00683]}},{"type":"Feature","properties":{"province":"Andrés Ibáñez","municipality":"El Torno","locality":"Puerto Rico (Ibañez)","precinct_code":25532,"precinct":"U.E. Mi Buen Jesús","registered_2026":377,"tables_2026":2,"coordinate_source":"OEP_2026_archivo_21_municipios","coordinate_year":2026,"match_method":"exact_municipality_locality_precinct","match_score":1,"coordinate_status":"official_2026_source_file","georeference_confidence":"high","metropolitan":true,"estimated_coordinate":false},"geometry":{"type":"Point","coordinates":[-63.403851,-18.014214]}},{"type":"Feature","properties":{"province":"Andrés Ibáñez","municipality":"El Torno","locality":"Puerto Rico (Ibañez)","precinct_code":26393,"precinct":"U.E. Santa Cruz","registered_2026":369,"tables_2026":2,"coordinate_source":"OEP_2026_archivo_21_municipios","coordinate_year":2026,"match_method":"exact_municipality_locality_precinct","match_score":1,"coordinate_status":"official_2026_source_file","georeference_confidence":"high","metropolitan":true,"estimated_coordinate":false},"geometry":{"type":"Point","coordinates":[-63.39329,-18.004305]}},{"type":"Feature","properties":{"province":"Andrés Ibáñez","municipality":"El Torno","locality":"Quebrada León","precinct_code":1,"precinct":"Esc. Quebrada Leon","registered_2026":235,"tables_2026":1,"coordinate_source":"OEP_2026_archivo_21_municipios","coordinate_year":2026,"match_method":"exact_municipality_locality_precinct","match_score":1,"coordinate_status":"official_2026_source_file","georeference_confidence":"high","metropolitan":true,"estimated_coordinate":false},"geometry":{"type":"Point","coordinates":[-63.47776,-17.96212]}},{"type":"Feature","properties":{"province":"Andrés Ibáñez","municipality":"El Torno","locality":"Santa Martha","precinct_code":102,"precinct":"Escuela Santa Martha","registered_2026":1929,"tables_2026":8,"coordinate_source":"OEP_2026_archivo_21_municipios","coordinate_year":2026,"match_method":"exact_municipality_locality_precinct","match_score":1,"coordinate_status":"official_2026_source_file","georeference_confidence":"high","metropolitan":true,"estimated_coordinate":false},"geometry":{"type":"Point","coordinates":[-63.359166,-17.954589]}},{"type":"Feature","properties":{"province":"Andrés Ibáñez","municipality":"El Torno","locality":"Santa Martha","precinct_code":32270,"precinct":"U.E. Santa Martha","registered_2026":254,"tables_2026":1,"coordinate_source":"OEP_2026_archivo_21_municipios","coordinate_year":2026,"match_method":"exact_municipality_locality_precinct","match_score":1,"coordinate_status":"official_2026_source_file","georeference_confidence":"high","metropolitan":true,"estimated_coordinate":false},"geometry":{"type":"Point","coordinates":[-63.36334,-17.964684]}},{"type":"Feature","properties":{"province":"Andrés Ibáñez","municipality":"El Torno","locality":"Santa Rita","precinct_code":1011,"precinct":"Esc. Seccional Santa Rita","registered_2026":2459,"tables_2026":11,"coordinate_source":"OEP_2026_archivo_21_municipios","coordinate_year":2026,"match_method":"exact_municipality_locality_precinct","match_score":1,"coordinate_status":"official_2026_source_file","georeference_confidence":"high","metropolitan":true,"estimated_coordinate":false},"geometry":{"type":"Point","coordinates":[-63.37109,-17.97818]}},{"type":"Feature","properties":{"province":"Andrés Ibáñez","municipality":"El Torno","locality":"Tarumá   San Luís","precinct_code":103,"precinct":"Nucleo Central Taruma","registered_2026":877,"tables_2026":4,"coordinate_source":"OEP_2026_archivo_21_municipios","coordinate_year":2026,"match_method":"exact_municipality_locality_precinct","match_score":1,"coordinate_status":"official_2026_source_file","georeference_confidence":"high","metropolitan":true,"estimated_coordinate":false},"geometry":{"type":"Point","coordinates":[-63.46047,-18.11805]}},{"type":"Feature","properties":{"province":"Andrés Ibáñez","municipality":"El Torno","locality":"Tarumá   San Luís","precinct_code":11014,"precinct":"Esc. Nucleo San Luis","registered_2026":1515,"tables_2026":7,"coordinate_source":"OEP_2026_archivo_21_municipios","coordinate_year":2026,"match_method":"exact_municipality_locality_precinct","match_score":1,"coordinate_status":"official_2026_source_file","georeference_confidence":"high","metropolitan":true,"estimated_coordinate":false},"geometry":{"type":"Point","coordinates":[-63.48095,-18.1413]}},{"type":"Feature","properties":{"province":"Andrés Ibáñez","municipality":"El Torno","locality":"Tiquipaya","precinct_code":11034,"precinct":"Escuela Tiquipaya","registered_2026":1252,"tables_2026":6,"coordinate_source":"OEP_2026_archivo_21_municipios","coordinate_year":2026,"match_method":"exact_municipality_locality_precinct","match_score":1,"coordinate_status":"official_2026_source_file","georeference_confidence":"high","metropolitan":true,"estimated_coordinate":false},"geometry":{"type":"Point","coordinates":[-63.45114,-18.08387]}},{"type":"Feature","properties":{"province":"Andrés Ibáñez","municipality":"El Torno","locality":"Tiquipaya","precinct_code":25533,"precinct":"U.E. Marcelo Quiroga Santa Cruz","registered_2026":338,"tables_2026":2,"coordinate_source":"OEP_2026_archivo_21_municipios","coordinate_year":2026,"match_method":"exact_municipality_locality_precinct","match_score":1,"coordinate_status":"official_2026_source_file","georeference_confidence":"high","metropolitan":true,"estimated_coordinate":false},"geometry":{"type":"Point","coordinates":[-63.448167,-18.101376]}},{"type":"Feature","properties":{"province":"Andrés Ibáñez","municipality":"El Torno","locality":"Villa Barrientos","precinct_code":1,"precinct":"Esc. Villa Barrientos","registered_2026":123,"tables_2026":1,"coordinate_source":"OEP_2026_archivo_21_municipios","coordinate_year":2026,"match_method":"exact_municipality_locality_precinct","match_score":1,"coordinate_status":"official_2026_source_file","georeference_confidence":"high","metropolitan":true,"estimated_coordinate":false},"geometry":{"type":"Point","coordinates":[-63.344576,-18.030891]}},{"type":"Feature","properties":{"province":"Andrés Ibáñez","municipality":"El Torno","locality":"Villa Florida","precinct_code":25534,"precinct":"U.E. Villa Florida","registered_2026":154,"tables_2026":1,"coordinate_source":"OEP_2026_archivo_21_municipios","coordinate_year":2026,"match_method":"exact_municipality_locality_precinct","match_score":1,"coordinate_status":"official_2026_source_file","georeference_confidence":"high","metropolitan":true,"estimated_coordinate":false},"geometry":{"type":"Point","coordinates":[-63.455489,-18.184935]}},{"type":"Feature","properties":{"province":"Andrés Ibáñez","municipality":"El Torno","locality":"Villa Tumavi","precinct_code":1033,"precinct":"U.E. Villa Tumavi","registered_2026":622,"tables_2026":3,"coordinate_source":"OEP_2026_archivo_21_municipios","coordinate_year":2026,"match_method":"exact_municipality_locality_precinct","match_score":1,"coordinate_status":"official_2026_source_file","georeference_confidence":"high","metropolitan":true,"estimated_coordinate":false},"geometry":{"type":"Point","coordinates":[-63.34325,-18.09747]}},{"type":"Feature","properties":{"province":"Andrés Ibáñez","municipality":"La Guardia","locality":"Basilio","precinct_code":11017,"precinct":"Esc. Central Basilio","registered_2026":2434,"tables_2026":11,"coordinate_source":"OEP_2026_archivo_21_municipios","coordinate_year":2026,"match_method":"exact_municipality_locality_precinct","match_score":1,"coordinate_status":"official_2026_source_file","georeference_confidence":"high","metropolitan":true,"estimated_coordinate":false},"geometry":{"type":"Point","coordinates":[-63.19316,-18.12562]}},{"type":"Feature","properties":{"province":"Andrés Ibáñez","municipality":"La Guardia","locality":"Brecha 3","precinct_code":9013,"precinct":"Esc. La Peña  Brecha 3","registered_2026":1436,"tables_2026":6,"coordinate_source":"OEP_2026_archivo_21_municipios","coordinate_year":2026,"match_method":"exact_municipality_locality_precinct","match_score":1,"coordinate_status":"official_2026_source_file","georeference_confidence":"high","metropolitan":true,"estimated_coordinate":false},"geometry":{"type":"Point","coordinates":[-63.05506,-17.98781]}},{"type":"Feature","properties":{"province":"Andrés Ibáñez","municipality":"La Guardia","locality":"El Carmen (Ibañez)","precinct_code":11024,"precinct":"Esc. Nataniel Verdugez","registered_2026":5819,"tables_2026":25,"coordinate_source":"OEP_2026_archivo_21_municipios","coordinate_year":2026,"match_method":"exact_municipality_locality_precinct","match_score":1,"coordinate_status":"official_2026_source_file","georeference_confidence":"high","metropolitan":true,"estimated_coordinate":false},"geometry":{"type":"Point","coordinates":[-63.25018,-17.85087]}},{"type":"Feature","properties":{"province":"Andrés Ibáñez","municipality":"La Guardia","locality":"El Carmen (Ibañez)","precinct_code":11025,"precinct":"U.E.  23 de Diciembre","registered_2026":5386,"tables_2026":23,"coordinate_source":"OEP_2026_archivo_21_municipios","coordinate_year":2026,"match_method":"exact_municipality_locality_precinct","match_score":1,"coordinate_status":"official_2026_source_file","georeference_confidence":"high","metropolitan":true,"estimated_coordinate":false},"geometry":{"type":"Point","coordinates":[-63.24312,-17.85056]}},{"type":"Feature","properties":{"province":"Andrés Ibáñez","municipality":"La Guardia","locality":"El Carmen (Ibañez)","precinct_code":11026,"precinct":"Cambao","registered_2026":3449,"tables_2026":15,"coordinate_source":"OEP_2026_archivo_21_municipios","coordinate_year":2026,"match_method":"exact_municipality_locality_precinct","match_score":1,"coordinate_status":"official_2026_source_file","georeference_confidence":"high","metropolitan":true,"estimated_coordinate":false},"geometry":{"type":"Point","coordinates":[-63.23442,-17.87344]}},{"type":"Feature","properties":{"province":"Andrés Ibáñez","municipality":"La Guardia","locality":"El Carmen (Ibañez)","precinct_code":11027,"precinct":"Madre Teresa De Calcuta","registered_2026":3098,"tables_2026":13,"coordinate_source":"OEP_2026_archivo_21_municipios","coordinate_year":2026,"match_method":"exact_municipality_locality_precinct","match_score":1,"coordinate_status":"official_2026_source_file","georeference_confidence":"high","metropolitan":true,"estimated_coordinate":false},"geometry":{"type":"Point","coordinates":[-63.23116,-17.878477]}},{"type":"Feature","properties":{"province":"Andrés Ibáñez","municipality":"La Guardia","locality":"El Carmen (Ibañez)","precinct_code":25407,"precinct":"U.E. Ayacucho","registered_2026":898,"tables_2026":4,"coordinate_source":"OEP_2026_archivo_21_municipios","coordinate_year":2026,"match_method":"exact_municipality_locality_precinct","match_score":1,"coordinate_status":"official_2026_source_file","georeference_confidence":"high","metropolitan":true,"estimated_coordinate":false},"geometry":{"type":"Point","coordinates":[-63.219054,-17.86675]}},{"type":"Feature","properties":{"province":"Andrés Ibáñez","municipality":"La Guardia","locality":"El Carmen (Ibañez)","precinct_code":25408,"precinct":"U.E. Cordecruz","registered_2026":4759,"tables_2026":20,"coordinate_source":"OEP_2026_archivo_21_municipios","coordinate_year":2026,"match_method":"exact_municipality_locality_precinct","match_score":1,"coordinate_status":"official_2026_source_file","georeference_confidence":"high","metropolitan":true,"estimated_coordinate":false},"geometry":{"type":"Point","coordinates":[-63.247476,-17.847446]}},{"type":"Feature","properties":{"province":"Andrés Ibáñez","municipality":"La Guardia","locality":"El Carmen (Ibañez)","precinct_code":25409,"precinct":"U.E. Jose Mariano Serrano","registered_2026":4193,"tables_2026":18,"coordinate_source":"OEP_2026_archivo_21_municipios","coordinate_year":2026,"match_method":"exact_municipality_locality_precinct","match_score":1,"coordinate_status":"official_2026_source_file","georeference_confidence":"high","metropolitan":true,"estimated_coordinate":false},"geometry":{"type":"Point","coordinates":[-63.259358,-17.840235]}},{"type":"Feature","properties":{"province":"Andrés Ibáñez","municipality":"La Guardia","locality":"El Carmen (Ibañez)","precinct_code":25410,"precinct":"U.E. Tomas Morales Padilla","registered_2026":4618,"tables_2026":20,"coordinate_source":"OEP_2026_archivo_21_municipios","coordinate_year":2026,"match_method":"exact_municipality_locality_precinct","match_score":1,"coordinate_status":"official_2026_source_file","georeference_confidence":"high","metropolitan":true,"estimated_coordinate":false},"geometry":{"type":"Point","coordinates":[-63.220705,-17.897191]}},{"type":"Feature","properties":{"province":"Andrés Ibáñez","municipality":"La Guardia","locality":"El Carmen (Ibañez)","precinct_code":25674,"precinct":"U.E. Hna. Maria del Pilar Mateo","registered_2026":743,"tables_2026":4,"coordinate_source":"OEP_2026_archivo_21_municipios","coordinate_year":2026,"match_method":"exact_municipality_locality_precinct","match_score":1,"coordinate_status":"official_2026_source_file","georeference_confidence":"high","metropolitan":true,"estimated_coordinate":false},"geometry":{"type":"Point","coordinates":[-63.246954,-17.858491]}},{"type":"Feature","properties":{"province":"Andrés Ibáñez","municipality":"La Guardia","locality":"El Carmen (Ibañez)","precinct_code":25675,"precinct":"U.E.  Juan Pablo II EPDB","registered_2026":1464,"tables_2026":7,"coordinate_source":"OEP_2026_archivo_21_municipios","coordinate_year":2026,"match_method":"exact_municipality_locality_precinct","match_score":1,"coordinate_status":"official_2026_source_file","georeference_confidence":"high","metropolitan":true,"estimated_coordinate":false},"geometry":{"type":"Point","coordinates":[-63.242141,-17.873176]}},{"type":"Feature","properties":{"province":"Andrés Ibáñez","municipality":"La Guardia","locality":"El Carmen (Ibañez)","precinct_code":26350,"precinct":"U. E. Paraiso I","registered_2026":570,"tables_2026":3,"coordinate_source":"OEP_2026_archivo_21_municipios","coordinate_year":2026,"match_method":"exact_municipality_locality_precinct","match_score":1,"coordinate_status":"official_2026_source_file","georeference_confidence":"high","metropolitan":true,"estimated_coordinate":false},"geometry":{"type":"Point","coordinates":[-63.20036,-17.918419]}},{"type":"Feature","properties":{"province":"Andrés Ibáñez","municipality":"La Guardia","locality":"El Carmen (Ibañez)","precinct_code":26351,"precinct":"U. E. Metropolitana II","registered_2026":1966,"tables_2026":9,"coordinate_source":"OEP_2026_archivo_21_municipios","coordinate_year":2026,"match_method":"exact_municipality_locality_precinct","match_score":1,"coordinate_status":"official_2026_source_file","georeference_confidence":"high","metropolitan":true,"estimated_coordinate":false},"geometry":{"type":"Point","coordinates":[-63.237687,-17.911201]}},{"type":"Feature","properties":{"province":"Andrés Ibáñez","municipality":"La Guardia","locality":"El Carmen (Ibañez)","precinct_code":26395,"precinct":"U.E. Oscar Adriasola Valda","registered_2026":498,"tables_2026":2,"coordinate_source":"OEP_2026_archivo_21_municipios","coordinate_year":2026,"match_method":"exact_municipality_locality_precinct","match_score":1,"coordinate_status":"official_2026_source_file","georeference_confidence":"high","metropolitan":true,"estimated_coordinate":false},"geometry":{"type":"Point","coordinates":[-63.230925,-17.857146]}},{"type":"Feature","properties":{"province":"Andrés Ibáñez","municipality":"La Guardia","locality":"El Carmen (Ibañez)","precinct_code":32201,"precinct":"U.E. Las Gamas","registered_2026":751,"tables_2026":4,"coordinate_source":"OEP_2026_archivo_21_municipios","coordinate_year":2026,"match_method":"exact_municipality_locality_precinct","match_score":1,"coordinate_status":"official_2026_source_file","georeference_confidence":"high","metropolitan":true,"estimated_coordinate":false},"geometry":{"type":"Point","coordinates":[-63.233509,-17.885466]}},{"type":"Feature","properties":{"province":"Andrés Ibáñez","municipality":"La Guardia","locality":"El Carmen (Ibañez)","precinct_code":32202,"precinct":"U.E. Rotary Club Maminco","registered_2026":348,"tables_2026":2,"coordinate_source":"OEP_2026_archivo_21_municipios","coordinate_year":2026,"match_method":"exact_municipality_locality_precinct","match_score":1,"coordinate_status":"official_2026_source_file","georeference_confidence":"high","metropolitan":true,"estimated_coordinate":false},"geometry":{"type":"Point","coordinates":[-63.249198,-17.851902]}},{"type":"Feature","properties":{"province":"Andrés Ibáñez","municipality":"La Guardia","locality":"Kilómetro Doce","precinct_code":11020,"precinct":"Escuela Nueva Esperanza","registered_2026":3621,"tables_2026":16,"coordinate_source":"OEP_2026_archivo_21_municipios","coordinate_year":2026,"match_method":"exact_municipality_locality_precinct","match_score":1,"coordinate_status":"official_2026_source_file","georeference_confidence":"high","metropolitan":true,"estimated_coordinate":false},"geometry":{"type":"Point","coordinates":[-63.26702,-17.86146]}},{"type":"Feature","properties":{"province":"Andrés Ibáñez","municipality":"La Guardia","locality":"Kilómetro Doce","precinct_code":11041,"precinct":"Esc. Juana Azurduy De Padilla","registered_2026":2658,"tables_2026":11,"coordinate_source":"OEP_2026_archivo_21_municipios","coordinate_year":2026,"match_method":"exact_municipality_locality_precinct","match_score":1,"coordinate_status":"official_2026_source_file","georeference_confidence":"high","metropolitan":true,"estimated_coordinate":false},"geometry":{"type":"Point","coordinates":[-63.26641,-17.87674]}},{"type":"Feature","properties":{"province":"Andrés Ibáñez","municipality":"La Guardia","locality":"Kilómetro Doce","precinct_code":11043,"precinct":"U.E. Integracion de las Americas","registered_2026":2053,"tables_2026":9,"coordinate_source":"OEP_2026_archivo_21_municipios","coordinate_year":2026,"match_method":"exact_municipality_locality_precinct","match_score":1,"coordinate_status":"official_2026_source_file","georeference_confidence":"high","metropolitan":true,"estimated_coordinate":false},"geometry":{"type":"Point","coordinates":[-63.27132,-17.88183]}},{"type":"Feature","properties":{"province":"Andrés Ibáñez","municipality":"La Guardia","locality":"Kilómetro Doce","precinct_code":11044,"precinct":"U.E. Barrio Lindo","registered_2026":3512,"tables_2026":15,"coordinate_source":"OEP_2026_archivo_21_municipios","coordinate_year":2026,"match_method":"exact_municipality_locality_precinct","match_score":1,"coordinate_status":"official_2026_source_file","georeference_confidence":"high","metropolitan":true,"estimated_coordinate":false},"geometry":{"type":"Point","coordinates":[-63.26904,-17.89636]}},{"type":"Feature","properties":{"province":"Andrés Ibáñez","municipality":"La Guardia","locality":"Kilómetro Doce","precinct_code":11045,"precinct":"U.E. Angel Foianini Banzer II","registered_2026":1657,"tables_2026":7,"coordinate_source":"OEP_2026_archivo_21_municipios","coordinate_year":2026,"match_method":"exact_municipality_locality_precinct","match_score":1,"coordinate_status":"official_2026_source_file","georeference_confidence":"high","metropolitan":true,"estimated_coordinate":false},"geometry":{"type":"Point","coordinates":[-63.280062,-17.880681]}},{"type":"Feature","properties":{"province":"Andrés Ibáñez","municipality":"La Guardia","locality":"Kilómetro Doce","precinct_code":25411,"precinct":"U.E. Hernando Zanabria","registered_2026":1692,"tables_2026":7,"coordinate_source":"OEP_2026_archivo_21_municipios","coordinate_year":2026,"match_method":"exact_municipality_locality_precinct","match_score":1,"coordinate_status":"official_2026_source_file","georeference_confidence":"high","metropolitan":true,"estimated_coordinate":false},"geometry":{"type":"Point","coordinates":[-63.284307,-17.897343]}},{"type":"Feature","properties":{"province":"Andrés Ibáñez","municipality":"La Guardia","locality":"Kilómetro Doce","precinct_code":25412,"precinct":"U.E. Luz De Esperanza","registered_2026":752,"tables_2026":4,"coordinate_source":"OEP_2026_archivo_21_municipios","coordinate_year":2026,"match_method":"exact_municipality_locality_precinct","match_score":1,"coordinate_status":"official_2026_source_file","georeference_confidence":"high","metropolitan":true,"estimated_coordinate":false},"geometry":{"type":"Point","coordinates":[-63.275124,-17.850111]}},{"type":"Feature","properties":{"province":"Andrés Ibáñez","municipality":"La Guardia","locality":"Kilómetro Doce","precinct_code":25413,"precinct":"U.E. Bicentenario Arco Iris","registered_2026":1595,"tables_2026":7,"coordinate_source":"OEP_2026_archivo_21_municipios","coordinate_year":2026,"match_method":"exact_municipality_locality_precinct","match_score":1,"coordinate_status":"official_2026_source_file","georeference_confidence":"high","metropolitan":true,"estimated_coordinate":false},"geometry":{"type":"Point","coordinates":[-63.257587,-17.880198]}},{"type":"Feature","properties":{"province":"Andrés Ibáñez","municipality":"La Guardia","locality":"Kilómetro Doce","precinct_code":26394,"precinct":"Módulo Maestro Pitágoras II","registered_2026":2006,"tables_2026":9,"coordinate_source":"OEP_2026_archivo_21_municipios","coordinate_year":2026,"match_method":"exact_municipality_locality_precinct","match_score":1,"coordinate_status":"official_2026_source_file","georeference_confidence":"high","metropolitan":true,"estimated_coordinate":false},"geometry":{"type":"Point","coordinates":[-63.288036,-17.903131]}},{"type":"Feature","properties":{"province":"Andrés Ibáñez","municipality":"La Guardia","locality":"La Guardia","precinct_code":11008,"precinct":"Esc. Tomas Jose Morales","registered_2026":1852,"tables_2026":8,"coordinate_source":"OEP_2026_archivo_21_municipios","coordinate_year":2026,"match_method":"exact_municipality_locality_precinct","match_score":1,"coordinate_status":"official_2026_source_file","georeference_confidence":"high","metropolitan":true,"estimated_coordinate":false},"geometry":{"type":"Point","coordinates":[-63.33047,-17.89173]}},{"type":"Feature","properties":{"province":"Andrés Ibáñez","municipality":"La Guardia","locality":"La Guardia","precinct_code":11025,"precinct":"Esc. Jose Vicente Soliz Y Ramos","registered_2026":3855,"tables_2026":16,"coordinate_source":"OEP_2026_archivo_21_municipios","coordinate_year":2026,"match_method":"exact_municipality_locality_precinct","match_score":1,"coordinate_status":"official_2026_source_file","georeference_confidence":"high","metropolitan":true,"estimated_coordinate":false},"geometry":{"type":"Point","coordinates":[-63.32945,-17.89064]}},{"type":"Feature","properties":{"province":"Andrés Ibáñez","municipality":"La Guardia","locality":"La Guardia","precinct_code":11026,"precinct":"U.E. Nataniel Garcia Chavez","registered_2026":1011,"tables_2026":5,"coordinate_source":"OEP_2026_archivo_21_municipios","coordinate_year":2026,"match_method":"exact_municipality_locality_precinct","match_score":1,"coordinate_status":"official_2026_source_file","georeference_confidence":"high","metropolitan":true,"estimated_coordinate":false},"geometry":{"type":"Point","coordinates":[-63.331703,-17.8943]}},{"type":"Feature","properties":{"province":"Andrés Ibáñez","municipality":"La Guardia","locality":"La Guardia","precinct_code":25414,"precinct":"U.E. Nacional La Guardia","registered_2026":2932,"tables_2026":13,"coordinate_source":"OEP_2026_archivo_21_municipios","coordinate_year":2026,"match_method":"exact_municipality_locality_precinct","match_score":1,"coordinate_status":"official_2026_source_file","georeference_confidence":"high","metropolitan":true,"estimated_coordinate":false},"geometry":{"type":"Point","coordinates":[-63.320249,-17.892361]}},{"type":"Feature","properties":{"province":"Andrés Ibáñez","municipality":"La Guardia","locality":"La Guardia","precinct_code":25673,"precinct":"U.E. Rvdo. Padre David Machachlan","registered_2026":443,"tables_2026":2,"coordinate_source":"OEP_2026_archivo_21_municipios","coordinate_year":2026,"match_method":"exact_municipality_locality_precinct","match_score":1,"coordinate_status":"official_2026_source_file","georeference_confidence":"high","metropolitan":true,"estimated_coordinate":false},"geometry":{"type":"Point","coordinates":[-63.323347,-17.88855]}},{"type":"Feature","properties":{"province":"Andrés Ibáñez","municipality":"La Guardia","locality":"La Guardia","precinct_code":32043,"precinct":"Coliseo de la Guardia","registered_2026":1773,"tables_2026":8,"coordinate_source":"OEP_2026_archivo_21_municipios","coordinate_year":2026,"match_method":"exact_municipality_locality_precinct","match_score":1,"coordinate_status":"official_2026_source_file","georeference_confidence":"high","metropolitan":true,"estimated_coordinate":false},"geometry":{"type":"Point","coordinates":[-63.330019,-17.892463]}},{"type":"Feature","properties":{"province":"Andrés Ibáñez","municipality":"La Guardia","locality":"Pedro Lorenzo","precinct_code":11018,"precinct":"Escuela Jose Gil Soruco","registered_2026":1577,"tables_2026":7,"coordinate_source":"OEP_2026_archivo_21_municipios","coordinate_year":2026,"match_method":"exact_municipality_locality_precinct","match_score":1,"coordinate_status":"official_2026_source_file","georeference_confidence":"high","metropolitan":true,"estimated_coordinate":false},"geometry":{"type":"Point","coordinates":[-63.2532,-17.95629]}},{"type":"Feature","properties":{"province":"Andrés Ibáñez","municipality":"La Guardia","locality":"Peji (Villa Arrien)","precinct_code":11016,"precinct":"U.E. Viila Arrien Peji","registered_2026":483,"tables_2026":2,"coordinate_source":"OEP_2026_archivo_21_municipios","coordinate_year":2026,"match_method":"exact_municipality_locality_precinct","match_score":1,"coordinate_status":"official_2026_source_file","georeference_confidence":"high","metropolitan":true,"estimated_coordinate":false},"geometry":{"type":"Point","coordinates":[-63.21535,-17.9662]}},{"type":"Feature","properties":{"province":"Andrés Ibáñez","municipality":"La Guardia","locality":"San Carlos","precinct_code":11039,"precinct":"U.E. San Carlos","registered_2026":412,"tables_2026":2,"coordinate_source":"OEP_2026_archivo_21_municipios","coordinate_year":2026,"match_method":"exact_municipality_locality_precinct","match_score":1,"coordinate_status":"official_2026_source_file","georeference_confidence":"high","metropolitan":true,"estimated_coordinate":false},"geometry":{"type":"Point","coordinates":[-63.316577,-17.977737]}},{"type":"Feature","properties":{"province":"Andrés Ibáñez","municipality":"La Guardia","locality":"San José (Ibañez)","precinct_code":11021,"precinct":"Esc. Ruben Dario Soliz","registered_2026":2790,"tables_2026":12,"coordinate_source":"OEP_2026_archivo_21_municipios","coordinate_year":2026,"match_method":"exact_municipality_locality_precinct","match_score":1,"coordinate_status":"official_2026_source_file","georeference_confidence":"high","metropolitan":true,"estimated_coordinate":false},"geometry":{"type":"Point","coordinates":[-63.35154,-17.93966]}},{"type":"Feature","properties":{"province":"Andrés Ibáñez","municipality":"La Guardia","locality":"San José (Ibañez)","precinct_code":25415,"precinct":"U.E. Quebrada Seca","registered_2026":359,"tables_2026":2,"coordinate_source":"OEP_2026_archivo_21_municipios","coordinate_year":2026,"match_method":"exact_municipality_locality_precinct","match_score":1,"coordinate_status":"official_2026_source_file","georeference_confidence":"high","metropolitan":true,"estimated_coordinate":false},"geometry":{"type":"Point","coordinates":[-63.34096,-17.906697]}},{"type":"Feature","properties":{"province":"Andrés Ibáñez","municipality":"La Guardia","locality":"Simon Bolivar","precinct_code":11040,"precinct":"Escuela Maestro Pitagoras","registered_2026":6492,"tables_2026":27,"coordinate_source":"OEP_2026_archivo_21_municipios","coordinate_year":2026,"match_method":"exact_municipality_locality_precinct","match_score":1,"coordinate_status":"official_2026_source_file","georeference_confidence":"high","metropolitan":true,"estimated_coordinate":false},"geometry":{"type":"Point","coordinates":[-63.29059,-17.89535]}},{"type":"Feature","properties":{"province":"Andrés Ibáñez","municipality":"La Guardia","locality":"Simon Bolivar","precinct_code":11041,"precinct":"Esc. Central Angel Foianini","registered_2026":5119,"tables_2026":22,"coordinate_source":"OEP_2026_archivo_21_municipios","coordinate_year":2026,"match_method":"exact_municipality_locality_precinct","match_score":1,"coordinate_status":"official_2026_source_file","georeference_confidence":"high","metropolitan":true,"estimated_coordinate":false},"geometry":{"type":"Point","coordinates":[-63.284885,-17.880431]}},{"type":"Feature","properties":{"province":"Andrés Ibáñez","municipality":"La Guardia","locality":"Simon Bolivar","precinct_code":26341,"precinct":"U. E. Cumbre de las Américas I","registered_2026":1877,"tables_2026":8,"coordinate_source":"OEP_2026_archivo_21_municipios","coordinate_year":2026,"match_method":"exact_municipality_locality_precinct","match_score":1,"coordinate_status":"official_2026_source_file","georeference_confidence":"high","metropolitan":true,"estimated_coordinate":false},"geometry":{"type":"Point","coordinates":[-63.28246,-17.923022]}},{"type":"Feature","properties":{"province":"Andrés Ibáñez","municipality":"Porongo","locality":"Agua Dulce","precinct_code":1032,"precinct":"Escuela Irenia Montero","registered_2026":158,"tables_2026":1,"coordinate_source":"OEP_GeoElectoral_2da_vuelta_2025","coordinate_year":2025,"match_method":"exact_municipality_locality_precinct","match_score":1,"coordinate_status":"official_2025_carried_forward","georeference_confidence":"high","metropolitan":true,"estimated_coordinate":false},"geometry":{"type":"Point","coordinates":[-63.4469,-17.87279]}},{"type":"Feature","properties":{"province":"Andrés Ibáñez","municipality":"Porongo","locality":"Colinas del Urubo","precinct_code":1,"precinct":"Escuela 6 de Agosto","registered_2026":874,"tables_2026":4,"coordinate_source":"OEP_GeoElectoral_2da_vuelta_2025","coordinate_year":2025,"match_method":"exact_municipality_locality_precinct","match_score":1,"coordinate_status":"official_2025_carried_forward","georeference_confidence":"high","metropolitan":true,"estimated_coordinate":false},"geometry":{"type":"Point","coordinates":[-63.21883,-17.72828]}},{"type":"Feature","properties":{"province":"Andrés Ibáñez","municipality":"Porongo","locality":"Colinas del Urubo","precinct_code":2,"precinct":"Escuela Puerto Ichilo","registered_2026":1301,"tables_2026":6,"coordinate_source":"OEP_GeoElectoral_2da_vuelta_2025","coordinate_year":2025,"match_method":"exact_municipality_locality_precinct","match_score":1,"coordinate_status":"official_2025_carried_forward","georeference_confidence":"high","metropolitan":true,"estimated_coordinate":false},"geometry":{"type":"Point","coordinates":[-63.23566,-17.74908]}},{"type":"Feature","properties":{"province":"Andrés Ibáñez","municipality":"Porongo","locality":"Colinas del Urubo","precinct_code":3,"precinct":"Urubo Open Mall","registered_2026":2890,"tables_2026":12,"coordinate_source":"OEP_GeoElectoral_2da_vuelta_2025","coordinate_year":2025,"match_method":"exact_municipality_locality_precinct","match_score":1,"coordinate_status":"official_2025_carried_forward","georeference_confidence":"high","metropolitan":true,"estimated_coordinate":false},"geometry":{"type":"Point","coordinates":[-63.21519,-17.7493]}},{"type":"Feature","properties":{"province":"Andrés Ibáñez","municipality":"Porongo","locality":"Colinas del Urubo","precinct_code":32203,"precinct":"Seguridad Ciudadana","registered_2026":1088,"tables_2026":5,"coordinate_source":"OEP_GeoElectoral_2da_vuelta_2025","coordinate_year":2025,"match_method":"exact_municipality_locality_precinct","match_score":1,"coordinate_status":"official_2025_carried_forward","georeference_confidence":"high","metropolitan":true,"estimated_coordinate":false},"geometry":{"type":"Point","coordinates":[-63.224546,-17.761553]}},{"type":"Feature","properties":{"province":"Andrés Ibáñez","municipality":"Porongo","locality":"Las Cruces","precinct_code":25355,"precinct":"U.E. Las Cruces","registered_2026":292,"tables_2026":2,"coordinate_source":"OEP_GeoElectoral_2da_vuelta_2025","coordinate_year":2025,"match_method":"exact_municipality_locality_precinct","match_score":1,"coordinate_status":"official_2025_carried_forward","georeference_confidence":"high","metropolitan":true,"estimated_coordinate":false},"geometry":{"type":"Point","coordinates":[-63.355385,-17.769627]}},{"type":"Feature","properties":{"province":"Andrés Ibáñez","municipality":"Porongo","locality":"Los Batos","precinct_code":1035,"precinct":"Escuela San Lorenzo","registered_2026":2887,"tables_2026":12,"coordinate_source":"OEP_GeoElectoral_2da_vuelta_2025","coordinate_year":2025,"match_method":"exact_municipality_locality_precinct","match_score":1,"coordinate_status":"official_2025_carried_forward","georeference_confidence":"high","metropolitan":true,"estimated_coordinate":false},"geometry":{"type":"Point","coordinates":[-63.24335,-17.76947]}},{"type":"Feature","properties":{"province":"Andrés Ibáñez","municipality":"Porongo","locality":"Luquillas","precinct_code":1007,"precinct":"Escuela Central Aniceto Parada Roca","registered_2026":610,"tables_2026":3,"coordinate_source":"OEP_GeoElectoral_2da_vuelta_2025","coordinate_year":2025,"match_method":"exact_municipality_locality_precinct","match_score":1,"coordinate_status":"official_2025_carried_forward","georeference_confidence":"high","metropolitan":true,"estimated_coordinate":false},"geometry":{"type":"Point","coordinates":[-63.44804,-17.6197]}},{"type":"Feature","properties":{"province":"Andrés Ibáñez","municipality":"Porongo","locality":"Porongo","precinct_code":1,"precinct":"Esc. Fray Santiago De Rivero","registered_2026":3139,"tables_2026":13,"coordinate_source":"OEP_GeoElectoral_2da_vuelta_2025","coordinate_year":2025,"match_method":"exact_municipality_locality_precinct","match_score":1,"coordinate_status":"official_2025_carried_forward","georeference_confidence":"high","metropolitan":true,"estimated_coordinate":false},"geometry":{"type":"Point","coordinates":[-63.30791,-17.85656]}},{"type":"Feature","properties":{"province":"Andrés Ibáñez","municipality":"Porongo","locality":"Porongo","precinct_code":26398,"precinct":"U.E. Virgilio  Jordán Portales","registered_2026":860,"tables_2026":4,"coordinate_source":"OEP_GeoElectoral_2da_vuelta_2025","coordinate_year":2025,"match_method":"exact_municipality_locality_precinct","match_score":1,"coordinate_status":"official_2025_carried_forward","georeference_confidence":"high","metropolitan":true,"estimated_coordinate":false},"geometry":{"type":"Point","coordinates":[-63.309363,-17.853757]}},{"type":"Feature","properties":{"province":"Andrés Ibáñez","municipality":"Porongo","locality":"San Pedro","precinct_code":25361,"precinct":"U.E. San Pedro","registered_2026":124,"tables_2026":1,"coordinate_source":"OEP_GeoElectoral_2da_vuelta_2025","coordinate_year":2025,"match_method":"exact_municipality_locality_precinct","match_score":1,"coordinate_status":"official_2025_carried_forward","georeference_confidence":"high","metropolitan":true,"estimated_coordinate":false},"geometry":{"type":"Point","coordinates":[-63.431509,-17.72083]}},{"type":"Feature","properties":{"province":"Andrés Ibáñez","municipality":"Porongo","locality":"Santa Fé de Amboro","precinct_code":1028,"precinct":"Esc. Nucleo Central Santa Fe","registered_2026":480,"tables_2026":2,"coordinate_source":"OEP_GeoElectoral_2da_vuelta_2025","coordinate_year":2025,"match_method":"exact_municipality_locality_precinct","match_score":1,"coordinate_status":"official_2025_carried_forward","georeference_confidence":"high","metropolitan":true,"estimated_coordinate":false},"geometry":{"type":"Point","coordinates":[-63.521552,-17.69273]}},{"type":"Feature","properties":{"province":"Andrés Ibáñez","municipality":"Porongo","locality":"Sombrerito","precinct_code":1031,"precinct":"Escuela Central Sombrerito","registered_2026":268,"tables_2026":2,"coordinate_source":"OEP_GeoElectoral_2da_vuelta_2025","coordinate_year":2025,"match_method":"exact_municipality_locality_precinct","match_score":1,"coordinate_status":"official_2025_carried_forward","georeference_confidence":"high","metropolitan":true,"estimated_coordinate":false},"geometry":{"type":"Point","coordinates":[-63.36818,-17.88821]}},{"type":"Feature","properties":{"province":"Andrés Ibáñez","municipality":"Porongo","locality":"Tacuarembo","precinct_code":25362,"precinct":"U.E. Tacuarembo","registered_2026":105,"tables_2026":1,"coordinate_source":"OEP_GeoElectoral_2da_vuelta_2025","coordinate_year":2025,"match_method":"exact_municipality_locality_precinct","match_score":1,"coordinate_status":"official_2025_carried_forward","georeference_confidence":"high","metropolitan":true,"estimated_coordinate":false},"geometry":{"type":"Point","coordinates":[-63.398941,-17.930778]}},{"type":"Feature","properties":{"province":"Andrés Ibáñez","municipality":"Porongo","locality":"Tarumatu","precinct_code":1026,"precinct":"U.E. Prof. Neisa Salvatierra","registered_2026":712,"tables_2026":3,"coordinate_source":"OEP_GeoElectoral_2da_vuelta_2025","coordinate_year":2025,"match_method":"exact_municipality_locality_precinct","match_score":1,"coordinate_status":"official_2025_carried_forward","georeference_confidence":"high","metropolitan":true,"estimated_coordinate":false},"geometry":{"type":"Point","coordinates":[-63.24299,-17.65729]}},{"type":"Feature","properties":{"province":"Andrés Ibáñez","municipality":"Porongo","locality":"Terebinto","precinct_code":1006,"precinct":"Esc. Jose Parada Laguindey","registered_2026":866,"tables_2026":4,"coordinate_source":"OEP_GeoElectoral_2da_vuelta_2025","coordinate_year":2025,"match_method":"exact_municipality_locality_precinct","match_score":1,"coordinate_status":"official_2025_carried_forward","georeference_confidence":"high","metropolitan":true,"estimated_coordinate":false},"geometry":{"type":"Point","coordinates":[-63.38077,-17.72245]}},{"type":"Feature","properties":{"province":"Andrés Ibáñez","municipality":"Santa Cruz de La Sierra","locality":"Clara Serrano","precinct_code":25363,"precinct":"U.E. Clara Serrano","registered_2026":2913,"tables_2026":13,"coordinate_source":"OEP_2026_archivo_21_municipios","coordinate_year":2026,"match_method":"exact_municipality_locality_precinct","match_score":1,"coordinate_status":"official_2026_source_file","georeference_confidence":"high","metropolitan":true,"estimated_coordinate":false},"geometry":{"type":"Point","coordinates":[-63.067643,-17.698088]}},{"type":"Feature","properties":{"province":"Andrés Ibáñez","municipality":"Santa Cruz de La Sierra","locality":"Comunidad Campesina Tipoy","precinct_code":26069,"precinct":"U.E. Tipoy","registered_2026":1096,"tables_2026":5,"coordinate_source":"OEP_2026_archivo_21_municipios","coordinate_year":2026,"match_method":"exact_municipality_locality_precinct","match_score":1,"coordinate_status":"official_2026_source_file","georeference_confidence":"high","metropolitan":true,"estimated_coordinate":false},"geometry":{"type":"Point","coordinates":[-63.026995,-17.859107]}},{"type":"Feature","properties":{"province":"Andrés Ibáñez","municipality":"Santa Cruz de La Sierra","locality":"Comunidad  Tundy","precinct_code":26070,"precinct":"U.E. Tundy","registered_2026":758,"tables_2026":4,"coordinate_source":"OEP_2026_archivo_21_municipios","coordinate_year":2026,"match_method":"exact_municipality_locality_precinct","match_score":1,"coordinate_status":"official_2026_source_file","georeference_confidence":"high","metropolitan":true,"estimated_coordinate":false},"geometry":{"type":"Point","coordinates":[-63.001671,-17.891034]}},{"type":"Feature","properties":{"province":"Andrés Ibáñez","municipality":"Santa Cruz de La Sierra","locality":"Guapilo","precinct_code":1,"precinct":"Escuela Seccional Guapilo","registered_2026":3785,"tables_2026":16,"coordinate_source":"OEP_2026_archivo_21_municipios","coordinate_year":2026,"match_method":"exact_municipality_locality_precinct","match_score":1,"coordinate_status":"official_2026_source_file","georeference_confidence":"high","metropolitan":true,"estimated_coordinate":false},"geometry":{"type":"Point","coordinates":[-63.081403,-17.760562]}},{"type":"Feature","properties":{"province":"Andrés Ibáñez","municipality":"Santa Cruz de La Sierra","locality":"Ingeniero Montero Hoyos","precinct_code":1,"precinct":"Escuela Adolfo Roman Hijo","registered_2026":1732,"tables_2026":8,"coordinate_source":"OEP_2026_archivo_21_municipios","coordinate_year":2026,"match_method":"exact_municipality_locality_precinct","match_score":1,"coordinate_status":"official_2026_source_file","georeference_confidence":"high","metropolitan":true,"estimated_coordinate":false},"geometry":{"type":"Point","coordinates":[-62.818691,-17.643665]}},{"type":"Feature","properties":{"province":"Andrés Ibáñez","municipality":"Santa Cruz de La Sierra","locality":"Ingeniero Montero Hoyos","precinct_code":26396,"precinct":"U.E. Adolfo Roman Hijo B","registered_2026":426,"tables_2026":2,"coordinate_source":"OEP_2026_archivo_21_municipios","coordinate_year":2026,"match_method":"exact_municipality_locality_precinct","match_score":1,"coordinate_status":"official_2026_source_file","georeference_confidence":"high","metropolitan":true,"estimated_coordinate":false},"geometry":{"type":"Point","coordinates":[-62.823672,-17.640705]}},{"type":"Feature","properties":{"province":"Andrés Ibáñez","municipality":"Santa Cruz de La Sierra","locality":"Jorori","precinct_code":25051,"precinct":"U.E. Aponte De Jorori","registered_2026":1476,"tables_2026":7,"coordinate_source":"OEP_2026_archivo_21_municipios","coordinate_year":2026,"match_method":"exact_municipality_locality_precinct","match_score":1,"coordinate_status":"official_2026_source_file","georeference_confidence":"high","metropolitan":true,"estimated_coordinate":false},"geometry":{"type":"Point","coordinates":[-63.02875,-17.88749]}},{"type":"Feature","properties":{"province":"Andrés Ibáñez","municipality":"Santa Cruz de La Sierra","locality":"La Peña","precinct_code":1,"precinct":"Esc. La Peña","registered_2026":1300,"tables_2026":6,"coordinate_source":"OEP_2026_archivo_21_municipios","coordinate_year":2026,"match_method":"exact_municipality_locality_precinct","match_score":1,"coordinate_status":"official_2026_source_file","georeference_confidence":"high","metropolitan":true,"estimated_coordinate":false},"geometry":{"type":"Point","coordinates":[-62.969666,-17.955477]}},{"type":"Feature","properties":{"province":"Andrés Ibáñez","municipality":"Santa Cruz de La Sierra","locality":"Palmar del Oratorio","precinct_code":1,"precinct":"Esc. Hugo Banzer Suarez","registered_2026":3613,"tables_2026":15,"coordinate_source":"OEP_2026_archivo_21_municipios","coordinate_year":2026,"match_method":"exact_municipality_locality_precinct","match_score":1,"coordinate_status":"official_2026_source_file","georeference_confidence":"high","metropolitan":true,"estimated_coordinate":false},"geometry":{"type":"Point","coordinates":[-63.1536,-17.88131]}},{"type":"Feature","properties":{"province":"Andrés Ibáñez","municipality":"Santa Cruz de La Sierra","locality":"Palmar del Oratorio","precinct_code":2,"precinct":"Esc. Zenovia Aponte","registered_2026":5248,"tables_2026":22,"coordinate_source":"OEP_2026_archivo_21_municipios","coordinate_year":2026,"match_method":"exact_municipality_locality_precinct","match_score":1,"coordinate_status":"official_2026_source_file","georeference_confidence":"high","metropolitan":true,"estimated_coordinate":false},"geometry":{"type":"Point","coordinates":[-63.10257,-17.87117]}},{"type":"Feature","properties":{"province":"Andrés Ibáñez","municipality":"Santa Cruz de La Sierra","locality":"Palmar del Oratorio","precinct_code":3,"precinct":"Esc. Solidaridad 55","registered_2026":8625,"tables_2026":36,"coordinate_source":"OEP_2026_archivo_21_municipios","coordinate_year":2026,"match_method":"exact_municipality_locality_precinct","match_score":1,"coordinate_status":"official_2026_source_file","georeference_confidence":"high","metropolitan":true,"estimated_coordinate":false},"geometry":{"type":"Point","coordinates":[-63.09384,-17.88467]}},{"type":"Feature","properties":{"province":"Andrés Ibáñez","municipality":"Santa Cruz de La Sierra","locality":"Paurito","precinct_code":1,"precinct":"Esc. Gabriel Jose Moreno","registered_2026":2517,"tables_2026":11,"coordinate_source":"OEP_2026_archivo_21_municipios","coordinate_year":2026,"match_method":"exact_municipality_locality_precinct","match_score":1,"coordinate_status":"official_2026_source_file","georeference_confidence":"high","metropolitan":true,"estimated_coordinate":false},"geometry":{"type":"Point","coordinates":[-62.94179,-17.88486]}},{"type":"Feature","properties":{"province":"Andrés Ibáñez","municipality":"Santa Cruz de La Sierra","locality":"San Lorenzo de la Barranca","precinct_code":26334,"precinct":"U. E. San Lorenzo A","registered_2026":89,"tables_2026":1,"coordinate_source":"OEP_2026_archivo_21_municipios","coordinate_year":2026,"match_method":"exact_municipality_locality_precinct","match_score":1,"coordinate_status":"official_2026_source_file","georeference_confidence":"high","metropolitan":true,"estimated_coordinate":false},"geometry":{"type":"Point","coordinates":[-62.795523,-17.598807]}},{"type":"Feature","properties":{"province":"Andrés Ibáñez","municipality":"Santa Cruz de La Sierra","locality":"San Miguel de Los Junos","precinct_code":25364,"precinct":"U.E. San Miguel Aponte","registered_2026":619,"tables_2026":3,"coordinate_source":"OEP_2026_archivo_21_municipios","coordinate_year":2026,"match_method":"exact_municipality_locality_precinct","match_score":1,"coordinate_status":"official_2026_source_file","georeference_confidence":"high","metropolitan":true,"estimated_coordinate":false},"geometry":{"type":"Point","coordinates":[-63.027497,-17.932059]}},{"type":"Feature","properties":{"province":"Andrés Ibáñez","municipality":"Santa Cruz de La Sierra","locality":"Santa Cruz de la Sierra","precinct_code":5,"precinct":"Col. Esc. Unzaga De La Vega","registered_2026":7570,"tables_2026":32,"coordinate_source":"OEP_2026_archivo_21_municipios","coordinate_year":2026,"match_method":"exact_municipality_locality_precinct","match_score":1,"coordinate_status":"official_2026_source_file","georeference_confidence":"high","metropolitan":true,"estimated_coordinate":false},"geometry":{"type":"Point","coordinates":[-63.22689,-17.82803]}},{"type":"Feature","properties":{"province":"Andrés Ibáñez","municipality":"Santa Cruz de La Sierra","locality":"Santa Cruz de la Sierra","precinct_code":6,"precinct":"Col. Polifuncional Calama","registered_2026":4346,"tables_2026":19,"coordinate_source":"OEP_2026_archivo_21_municipios","coordinate_year":2026,"match_method":"exact_municipality_locality_precinct","match_score":1,"coordinate_status":"official_2026_source_file","georeference_confidence":"high","metropolitan":true,"estimated_coordinate":false},"geometry":{"type":"Point","coordinates":[-63.218863,-17.837183]}},{"type":"Feature","properties":{"province":"Andrés Ibáñez","municipality":"Santa Cruz de La Sierra","locality":"Santa Cruz de la Sierra","precinct_code":8,"precinct":"Col. Mateo Kuljis Secundario","registered_2026":5467,"tables_2026":23,"coordinate_source":"OEP_2026_archivo_21_municipios","coordinate_year":2026,"match_method":"exact_municipality_locality_precinct","match_score":1,"coordinate_status":"official_2026_source_file","georeference_confidence":"high","metropolitan":true,"estimated_coordinate":false},"geometry":{"type":"Point","coordinates":[-63.225341,-17.837677]}},{"type":"Feature","properties":{"province":"Andrés Ibáñez","municipality":"Santa Cruz de La Sierra","locality":"Santa Cruz de la Sierra","precinct_code":9,"precinct":"Col. Esc. Tierras Nuevas El Carmen","registered_2026":6644,"tables_2026":28,"coordinate_source":"OEP_2026_archivo_21_municipios","coordinate_year":2026,"match_method":"exact_municipality_locality_precinct","match_score":1,"coordinate_status":"official_2026_source_file","georeference_confidence":"high","metropolitan":true,"estimated_coordinate":false},"geometry":{"type":"Point","coordinates":[-63.21467,-17.845092]}},{"type":"Feature","properties":{"province":"Andrés Ibáñez","municipality":"Santa Cruz de La Sierra","locality":"Santa Cruz de la Sierra","precinct_code":10,"precinct":"Col. Oscar Arnulfo","registered_2026":3610,"tables_2026":15,"coordinate_source":"OEP_2026_archivo_21_municipios","coordinate_year":2026,"match_method":"exact_municipality_locality_precinct","match_score":1,"coordinate_status":"official_2026_source_file","georeference_confidence":"high","metropolitan":true,"estimated_coordinate":false},"geometry":{"type":"Point","coordinates":[-63.23433,-17.82932]}},{"type":"Feature","properties":{"province":"Andrés Ibáñez","municipality":"Santa Cruz de La Sierra","locality":"Santa Cruz de la Sierra","precinct_code":19,"precinct":"Colegio Marcelino Champagnat","registered_2026":3523,"tables_2026":15,"coordinate_source":"OEP_2026_archivo_21_municipios","coordinate_year":2026,"match_method":"exact_municipality_locality_precinct","match_score":1,"coordinate_status":"official_2026_source_file","georeference_confidence":"high","metropolitan":true,"estimated_coordinate":false},"geometry":{"type":"Point","coordinates":[-63.18896,-17.85419]}},{"type":"Feature","properties":{"province":"Andrés Ibáñez","municipality":"Santa Cruz de La Sierra","locality":"Santa Cruz de la Sierra","precinct_code":22,"precinct":"Col. Part. Alfred B. Nobel","registered_2026":2221,"tables_2026":10,"coordinate_source":"OEP_2026_archivo_21_municipios","coordinate_year":2026,"match_method":"exact_municipality_locality_precinct","match_score":1,"coordinate_status":"official_2026_source_file","georeference_confidence":"high","metropolitan":true,"estimated_coordinate":false},"geometry":{"type":"Point","coordinates":[-63.19432,-17.85304]}},{"type":"Feature","properties":{"province":"Andrés Ibáñez","municipality":"Santa Cruz de La Sierra","locality":"Santa Cruz de la Sierra","precinct_code":26,"precinct":"Colegio Adela Zamudio","registered_2026":6671,"tables_2026":28,"coordinate_source":"OEP_2026_archivo_21_municipios","coordinate_year":2026,"match_method":"exact_municipality_locality_precinct","match_score":1,"coordinate_status":"official_2026_source_file","georeference_confidence":"high","metropolitan":true,"estimated_coordinate":false},"geometry":{"type":"Point","coordinates":[-63.17396,-17.8329]}},{"type":"Feature","properties":{"province":"Andrés Ibáñez","municipality":"Santa Cruz de La Sierra","locality":"Santa Cruz de la Sierra","precinct_code":1000,"precinct":"Col. La Madre","registered_2026":5025,"tables_2026":21,"coordinate_source":"OEP_2026_archivo_21_municipios","coordinate_year":2026,"match_method":"exact_municipality_locality_precinct","match_score":1,"coordinate_status":"official_2026_source_file","georeference_confidence":"high","metropolitan":true,"estimated_coordinate":false},"geometry":{"type":"Point","coordinates":[-63.209141,-17.781252]}},{"type":"Feature","properties":{"province":"Andrés Ibáñez","municipality":"Santa Cruz de La Sierra","locality":"Santa Cruz de la Sierra","precinct_code":1001,"precinct":"Campus Universitario","registered_2026":2698,"tables_2026":12,"coordinate_source":"OEP_2026_archivo_21_municipios","coordinate_year":2026,"match_method":"exact_municipality_locality_precinct","match_score":1,"coordinate_status":"official_2026_source_file","georeference_confidence":"high","metropolitan":true,"estimated_coordinate":false},"geometry":{"type":"Point","coordinates":[-63.191492,-17.778606]}},{"type":"Feature","properties":{"province":"Andrés Ibáñez","municipality":"Santa Cruz de La Sierra","locality":"Santa Cruz de la Sierra","precinct_code":1002,"precinct":"Esc. Rene Barrientos","registered_2026":3843,"tables_2026":16,"coordinate_source":"OEP_2026_archivo_21_municipios","coordinate_year":2026,"match_method":"exact_municipality_locality_precinct","match_score":1,"coordinate_status":"official_2026_source_file","georeference_confidence":"high","metropolitan":true,"estimated_coordinate":false},"geometry":{"type":"Point","coordinates":[-63.198056,-17.770858]}},{"type":"Feature","properties":{"province":"Andrés Ibáñez","municipality":"Santa Cruz de La Sierra","locality":"Santa Cruz de la Sierra","precinct_code":1003,"precinct":"Modulo Educativo Jose Miguel De Velasco","registered_2026":4222,"tables_2026":18,"coordinate_source":"OEP_2026_archivo_21_municipios","coordinate_year":2026,"match_method":"exact_municipality_locality_precinct","match_score":1,"coordinate_status":"official_2026_source_file","georeference_confidence":"high","metropolitan":true,"estimated_coordinate":false},"geometry":{"type":"Point","coordinates":[-63.18459,-17.75368]}},{"type":"Feature","properties":{"province":"Andrés Ibáñez","municipality":"Santa Cruz de La Sierra","locality":"Santa Cruz de la Sierra","precinct_code":1004,"precinct":"Col. Mirette Sciaroni","registered_2026":2609,"tables_2026":11,"coordinate_source":"OEP_2026_archivo_21_municipios","coordinate_year":2026,"match_method":"exact_municipality_locality_precinct","match_score":1,"coordinate_status":"official_2026_source_file","georeference_confidence":"high","metropolitan":true,"estimated_coordinate":false},"geometry":{"type":"Point","coordinates":[-63.189031,-17.761968]}},{"type":"Feature","properties":{"province":"Andrés Ibáñez","municipality":"Santa Cruz de La Sierra","locality":"Santa Cruz de la Sierra","precinct_code":1005,"precinct":"Col. Gabriel Rene Moreno","registered_2026":1940,"tables_2026":9,"coordinate_source":"OEP_2026_archivo_21_municipios","coordinate_year":2026,"match_method":"exact_municipality_locality_precinct","match_score":1,"coordinate_status":"official_2026_source_file","georeference_confidence":"high","metropolitan":true,"estimated_coordinate":false},"geometry":{"type":"Point","coordinates":[-63.18595,-17.78357]}},{"type":"Feature","properties":{"province":"Andrés Ibáñez","municipality":"Santa Cruz de La Sierra","locality":"Santa Cruz de la Sierra","precinct_code":1006,"precinct":"Col. San Martin De Porres","registered_2026":6942,"tables_2026":29,"coordinate_source":"OEP_2026_archivo_21_municipios","coordinate_year":2026,"match_method":"exact_municipality_locality_precinct","match_score":1,"coordinate_status":"official_2026_source_file","georeference_confidence":"high","metropolitan":true,"estimated_coordinate":false},"geometry":{"type":"Point","coordinates":[-63.2021,-17.77761]}},{"type":"Feature","properties":{"province":"Andrés Ibáñez","municipality":"Santa Cruz de La Sierra","locality":"Santa Cruz de la Sierra","precinct_code":1007,"precinct":"Col. Hnas. Arredondo (Col. Jesus Peredo)","registered_2026":3263,"tables_2026":14,"coordinate_source":"OEP_2026_archivo_21_municipios","coordinate_year":2026,"match_method":"exact_municipality_locality_precinct","match_score":1,"coordinate_status":"official_2026_source_file","georeference_confidence":"high","metropolitan":true,"estimated_coordinate":false},"geometry":{"type":"Point","coordinates":[-63.20106,-17.78474]}},{"type":"Feature","properties":{"province":"Andrés Ibáñez","municipality":"Santa Cruz de La Sierra","locality":"Santa Cruz de la Sierra","precinct_code":1008,"precinct":"Esc. Normal Enriquet  Finot","registered_2026":5770,"tables_2026":24,"coordinate_source":"OEP_2026_archivo_21_municipios","coordinate_year":2026,"match_method":"exact_municipality_locality_precinct","match_score":1,"coordinate_status":"official_2026_source_file","georeference_confidence":"high","metropolitan":true,"estimated_coordinate":false},"geometry":{"type":"Point","coordinates":[-63.19629,-17.76357]}},{"type":"Feature","properties":{"province":"Andrés Ibáñez","municipality":"Santa Cruz de La Sierra","locality":"Santa Cruz de la Sierra","precinct_code":1009,"precinct":"Colegio Castulo Chavez","registered_2026":2928,"tables_2026":13,"coordinate_source":"OEP_2026_archivo_21_municipios","coordinate_year":2026,"match_method":"exact_municipality_locality_precinct","match_score":1,"coordinate_status":"official_2026_source_file","georeference_confidence":"high","metropolitan":true,"estimated_coordinate":false},"geometry":{"type":"Point","coordinates":[-63.18775,-17.77663]}},{"type":"Feature","properties":{"province":"Andrés Ibáñez","municipality":"Santa Cruz de La Sierra","locality":"Santa Cruz de la Sierra","precinct_code":1010,"precinct":"Gladys Rivero De Jimenez","registered_2026":3741,"tables_2026":16,"coordinate_source":"OEP_2026_archivo_21_municipios","coordinate_year":2026,"match_method":"exact_municipality_locality_precinct","match_score":1,"coordinate_status":"official_2026_source_file","georeference_confidence":"high","metropolitan":true,"estimated_coordinate":false},"geometry":{"type":"Point","coordinates":[-63.20806,-17.77348]}},{"type":"Feature","properties":{"province":"Andrés Ibáñez","municipality":"Santa Cruz de La Sierra","locality":"Santa Cruz de la Sierra","precinct_code":1011,"precinct":"Kinder Luisa Saucedo","registered_2026":892,"tables_2026":4,"coordinate_source":"OEP_2026_archivo_21_municipios","coordinate_year":2026,"match_method":"exact_municipality_locality_precinct","match_score":1,"coordinate_status":"official_2026_source_file","georeference_confidence":"high","metropolitan":true,"estimated_coordinate":false},"geometry":{"type":"Point","coordinates":[-63.18323,-17.77909]}},{"type":"Feature","properties":{"province":"Andrés Ibáñez","municipality":"Santa Cruz de La Sierra","locality":"Santa Cruz de la Sierra","precinct_code":1012,"precinct":"Escuela San Carlos","registered_2026":3013,"tables_2026":13,"coordinate_source":"OEP_2026_archivo_21_municipios","coordinate_year":2026,"match_method":"exact_municipality_locality_precinct","match_score":1,"coordinate_status":"official_2026_source_file","georeference_confidence":"high","metropolitan":true,"estimated_coordinate":false},"geometry":{"type":"Point","coordinates":[-63.18186,-17.7572]}},{"type":"Feature","properties":{"province":"Andrés Ibáñez","municipality":"Santa Cruz de La Sierra","locality":"Santa Cruz de la Sierra","precinct_code":1014,"precinct":"Esc. Bernardo Cadario(Col.Kurt Richter)","registered_2026":2648,"tables_2026":11,"coordinate_source":"OEP_2026_archivo_21_municipios","coordinate_year":2026,"match_method":"exact_municipality_locality_precinct","match_score":1,"coordinate_status":"official_2026_source_file","georeference_confidence":"high","metropolitan":true,"estimated_coordinate":false},"geometry":{"type":"Point","coordinates":[-63.194446,-17.757516]}},{"type":"Feature","properties":{"province":"Andrés Ibáñez","municipality":"Santa Cruz de La Sierra","locality":"Santa Cruz de la Sierra","precinct_code":1015,"precinct":"Esc. Aponte Tineo (Esc. Gregorio Moreno)","registered_2026":2380,"tables_2026":10,"coordinate_source":"OEP_2026_archivo_21_municipios","coordinate_year":2026,"match_method":"exact_municipality_locality_precinct","match_score":1,"coordinate_status":"official_2026_source_file","georeference_confidence":"high","metropolitan":true,"estimated_coordinate":false},"geometry":{"type":"Point","coordinates":[-63.18357,-17.766085]}},{"type":"Feature","properties":{"province":"Andrés Ibáñez","municipality":"Santa Cruz de La Sierra","locality":"Santa Cruz de la Sierra","precinct_code":1016,"precinct":"U.E. Walter Suarez","registered_2026":1692,"tables_2026":7,"coordinate_source":"OEP_2026_archivo_21_municipios","coordinate_year":2026,"match_method":"exact_municipality_locality_precinct","match_score":1,"coordinate_status":"official_2026_source_file","georeference_confidence":"high","metropolitan":true,"estimated_coordinate":false},"geometry":{"type":"Point","coordinates":[-63.19444,-17.78442]}},{"type":"Feature","properties":{"province":"Andrés Ibáñez","municipality":"Santa Cruz de La Sierra","locality":"Santa Cruz de la Sierra","precinct_code":2000,"precinct":"Col. Esc. Manuel Ignacio Salvatierra","registered_2026":153,"tables_2026":1,"coordinate_source":"OEP_2026_archivo_21_municipios","coordinate_year":2026,"match_method":"exact_municipality_locality_precinct","match_score":1,"coordinate_status":"official_2026_source_file","georeference_confidence":"high","metropolitan":true,"estimated_coordinate":false},"geometry":{"type":"Point","coordinates":[-63.178445,-17.783337]}},{"type":"Feature","properties":{"province":"Andrés Ibáñez","municipality":"Santa Cruz de La Sierra","locality":"Santa Cruz de la Sierra","precinct_code":2001,"precinct":"Col. Seccional Monseñor Santiestevan","registered_2026":1610,"tables_2026":7,"coordinate_source":"OEP_2026_archivo_21_municipios","coordinate_year":2026,"match_method":"exact_municipality_locality_precinct","match_score":1,"coordinate_status":"official_2026_source_file","georeference_confidence":"high","metropolitan":true,"estimated_coordinate":false},"geometry":{"type":"Point","coordinates":[-63.181172,-17.779588]}},{"type":"Feature","properties":{"province":"Andrés Ibáñez","municipality":"Santa Cruz de La Sierra","locality":"Santa Cruz de la Sierra","precinct_code":2003,"precinct":"Col. Gaston Guillaux","registered_2026":3744,"tables_2026":16,"coordinate_source":"OEP_2026_archivo_21_municipios","coordinate_year":2026,"match_method":"exact_municipality_locality_precinct","match_score":1,"coordinate_status":"official_2026_source_file","georeference_confidence":"high","metropolitan":true,"estimated_coordinate":false},"geometry":{"type":"Point","coordinates":[-63.170991,-17.778769]}},{"type":"Feature","properties":{"province":"Andrés Ibáñez","municipality":"Santa Cruz de La Sierra","locality":"Santa Cruz de la Sierra","precinct_code":2004,"precinct":"Col. Republica del Uruguay","registered_2026":2951,"tables_2026":13,"coordinate_source":"OEP_2026_archivo_21_municipios","coordinate_year":2026,"match_method":"exact_municipality_locality_precinct","match_score":1,"coordinate_status":"official_2026_source_file","georeference_confidence":"high","metropolitan":true,"estimated_coordinate":false},"geometry":{"type":"Point","coordinates":[-63.17242,-17.77493]}},{"type":"Feature","properties":{"province":"Andrés Ibáñez","municipality":"Santa Cruz de La Sierra","locality":"Santa Cruz de la Sierra","precinct_code":2006,"precinct":"U.E. Latinoamericano","registered_2026":2063,"tables_2026":9,"coordinate_source":"OEP_2026_archivo_21_municipios","coordinate_year":2026,"match_method":"exact_municipality_locality_precinct","match_score":1,"coordinate_status":"official_2026_source_file","georeference_confidence":"high","metropolitan":true,"estimated_coordinate":false},"geometry":{"type":"Point","coordinates":[-63.177418,-17.771623]}},{"type":"Feature","properties":{"province":"Andrés Ibáñez","municipality":"Santa Cruz de La Sierra","locality":"Santa Cruz de la Sierra","precinct_code":2007,"precinct":"Col. Club De Leones Nro.10 (Máximo Diescher)","registered_2026":1492,"tables_2026":7,"coordinate_source":"OEP_2026_archivo_21_municipios","coordinate_year":2026,"match_method":"exact_municipality_locality_precinct","match_score":1,"coordinate_status":"official_2026_source_file","georeference_confidence":"high","metropolitan":true,"estimated_coordinate":false},"geometry":{"type":"Point","coordinates":[-63.158033,-17.778898]}},{"type":"Feature","properties":{"province":"Andrés Ibáñez","municipality":"Santa Cruz de La Sierra","locality":"Santa Cruz de la Sierra","precinct_code":2008,"precinct":"Col. Centro Aprondy","registered_2026":1861,"tables_2026":8,"coordinate_source":"OEP_2026_archivo_21_municipios","coordinate_year":2026,"match_method":"exact_municipality_locality_precinct","match_score":1,"coordinate_status":"official_2026_source_file","georeference_confidence":"high","metropolitan":true,"estimated_coordinate":false},"geometry":{"type":"Point","coordinates":[-63.15501,-17.772127]}},{"type":"Feature","properties":{"province":"Andrés Ibáñez","municipality":"Santa Cruz de La Sierra","locality":"Santa Cruz de la Sierra","precinct_code":2009,"precinct":"Col. Wenseslao Montero","registered_2026":3359,"tables_2026":14,"coordinate_source":"OEP_2026_archivo_21_municipios","coordinate_year":2026,"match_method":"exact_municipality_locality_precinct","match_score":1,"coordinate_status":"official_2026_source_file","georeference_confidence":"high","metropolitan":true,"estimated_coordinate":false},"geometry":{"type":"Point","coordinates":[-63.15116,-17.769959]}},{"type":"Feature","properties":{"province":"Andrés Ibáñez","municipality":"Santa Cruz de La Sierra","locality":"Santa Cruz de la Sierra","precinct_code":2010,"precinct":"Col. Tecnologico Santa Cruz","registered_2026":2585,"tables_2026":11,"coordinate_source":"OEP_2026_archivo_21_municipios","coordinate_year":2026,"match_method":"exact_municipality_locality_precinct","match_score":1,"coordinate_status":"official_2026_source_file","georeference_confidence":"high","metropolitan":true,"estimated_coordinate":false},"geometry":{"type":"Point","coordinates":[-63.15675,-17.76927]}},{"type":"Feature","properties":{"province":"Andrés Ibáñez","municipality":"Santa Cruz de La Sierra","locality":"Santa Cruz de la Sierra","precinct_code":2011,"precinct":"Col. Venancio Aquino Villegas","registered_2026":1401,"tables_2026":6,"coordinate_source":"OEP_2026_archivo_21_municipios","coordinate_year":2026,"match_method":"exact_municipality_locality_precinct","match_score":1,"coordinate_status":"official_2026_source_file","georeference_confidence":"high","metropolitan":true,"estimated_coordinate":false},"geometry":{"type":"Point","coordinates":[-63.15873,-17.77472]}},{"type":"Feature","properties":{"province":"Andrés Ibáñez","municipality":"Santa Cruz de La Sierra","locality":"Santa Cruz de la Sierra","precinct_code":2012,"precinct":"Col. Gualberto Villarroel","registered_2026":3177,"tables_2026":14,"coordinate_source":"OEP_2026_archivo_21_municipios","coordinate_year":2026,"match_method":"exact_municipality_locality_precinct","match_score":1,"coordinate_status":"official_2026_source_file","georeference_confidence":"high","metropolitan":true,"estimated_coordinate":false},"geometry":{"type":"Point","coordinates":[-63.16062,-17.77363]}},{"type":"Feature","properties":{"province":"Andrés Ibáñez","municipality":"Santa Cruz de La Sierra","locality":"Santa Cruz de la Sierra","precinct_code":2013,"precinct":"Col. Domingo Leigue (Boliviano Canadiense)","registered_2026":2186,"tables_2026":10,"coordinate_source":"OEP_2026_archivo_21_municipios","coordinate_year":2026,"match_method":"exact_municipality_locality_precinct","match_score":1,"coordinate_status":"official_2026_source_file","georeference_confidence":"high","metropolitan":true,"estimated_coordinate":false},"geometry":{"type":"Point","coordinates":[-63.16274,-17.77073]}},{"type":"Feature","properties":{"province":"Andrés Ibáñez","municipality":"Santa Cruz de La Sierra","locality":"Santa Cruz de la Sierra","precinct_code":2014,"precinct":"Colegio  6 de Junio","registered_2026":2930,"tables_2026":13,"coordinate_source":"OEP_2026_archivo_21_municipios","coordinate_year":2026,"match_method":"exact_municipality_locality_precinct","match_score":1,"coordinate_status":"official_2026_source_file","georeference_confidence":"high","metropolitan":true,"estimated_coordinate":false},"geometry":{"type":"Point","coordinates":[-63.162018,-17.756623]}},{"type":"Feature","properties":{"province":"Andrés Ibáñez","municipality":"Santa Cruz de La Sierra","locality":"Santa Cruz de la Sierra","precinct_code":2015,"precinct":"Col. Bailon Mercado Ortiz","registered_2026":2767,"tables_2026":12,"coordinate_source":"OEP_2026_archivo_21_municipios","coordinate_year":2026,"match_method":"exact_municipality_locality_precinct","match_score":1,"coordinate_status":"official_2026_source_file","georeference_confidence":"high","metropolitan":true,"estimated_coordinate":false},"geometry":{"type":"Point","coordinates":[-63.16036,-17.75771]}},{"type":"Feature","properties":{"province":"Andrés Ibáñez","municipality":"Santa Cruz de La Sierra","locality":"Santa Cruz de la Sierra","precinct_code":2017,"precinct":"Col. 24 de Septiembre","registered_2026":2921,"tables_2026":13,"coordinate_source":"OEP_2026_archivo_21_municipios","coordinate_year":2026,"match_method":"exact_municipality_locality_precinct","match_score":1,"coordinate_status":"official_2026_source_file","georeference_confidence":"high","metropolitan":true,"estimated_coordinate":false},"geometry":{"type":"Point","coordinates":[-63.154186,-17.764197]}},{"type":"Feature","properties":{"province":"Andrés Ibáñez","municipality":"Santa Cruz de La Sierra","locality":"Santa Cruz de la Sierra","precinct_code":2018,"precinct":"Col. Liceo Maria Vacadiez","registered_2026":2005,"tables_2026":9,"coordinate_source":"OEP_2026_archivo_21_municipios","coordinate_year":2026,"match_method":"exact_municipality_locality_precinct","match_score":1,"coordinate_status":"official_2026_source_file","georeference_confidence":"high","metropolitan":true,"estimated_coordinate":false},"geometry":{"type":"Point","coordinates":[-63.16927,-17.76587]}},{"type":"Feature","properties":{"province":"Andrés Ibáñez","municipality":"Santa Cruz de La Sierra","locality":"Santa Cruz de la Sierra","precinct_code":2019,"precinct":"Col. Escuela Magisterio","registered_2026":3317,"tables_2026":14,"coordinate_source":"OEP_2026_archivo_21_municipios","coordinate_year":2026,"match_method":"exact_municipality_locality_precinct","match_score":1,"coordinate_status":"official_2026_source_file","georeference_confidence":"high","metropolitan":true,"estimated_coordinate":false},"geometry":{"type":"Point","coordinates":[-63.15523,-17.76229]}},{"type":"Feature","properties":{"province":"Andrés Ibáñez","municipality":"Santa Cruz de La Sierra","locality":"Santa Cruz de la Sierra","precinct_code":2020,"precinct":"Col. La Santa Cruz","registered_2026":2302,"tables_2026":10,"coordinate_source":"OEP_2026_archivo_21_municipios","coordinate_year":2026,"match_method":"exact_municipality_locality_precinct","match_score":1,"coordinate_status":"official_2026_source_file","georeference_confidence":"high","metropolitan":true,"estimated_coordinate":false},"geometry":{"type":"Point","coordinates":[-63.17908,-17.76664]}},{"type":"Feature","properties":{"province":"Andrés Ibáñez","municipality":"Santa Cruz de La Sierra","locality":"Santa Cruz de la Sierra","precinct_code":2021,"precinct":"Col. Carmen Ortiz De Peredo","registered_2026":4470,"tables_2026":19,"coordinate_source":"OEP_2026_archivo_21_municipios","coordinate_year":2026,"match_method":"exact_municipality_locality_precinct","match_score":1,"coordinate_status":"official_2026_source_file","georeference_confidence":"high","metropolitan":true,"estimated_coordinate":false},"geometry":{"type":"Point","coordinates":[-63.1739,-17.75337]}},{"type":"Feature","properties":{"province":"Andrés Ibáñez","municipality":"Santa Cruz de La Sierra","locality":"Santa Cruz de la Sierra","precinct_code":2022,"precinct":"Col. Britanico","registered_2026":3597,"tables_2026":15,"coordinate_source":"OEP_2026_archivo_21_municipios","coordinate_year":2026,"match_method":"exact_municipality_locality_precinct","match_score":1,"coordinate_status":"official_2026_source_file","georeference_confidence":"high","metropolitan":true,"estimated_coordinate":false},"geometry":{"type":"Point","coordinates":[-63.17352,-17.7643]}},{"type":"Feature","properties":{"province":"Andrés Ibáñez","municipality":"Santa Cruz de La Sierra","locality":"Santa Cruz de la Sierra","precinct_code":2023,"precinct":"Col. Pedro Gutierrez","registered_2026":3726,"tables_2026":16,"coordinate_source":"OEP_2026_archivo_21_municipios","coordinate_year":2026,"match_method":"exact_municipality_locality_precinct","match_score":1,"coordinate_status":"official_2026_source_file","georeference_confidence":"high","metropolitan":true,"estimated_coordinate":false},"geometry":{"type":"Point","coordinates":[-63.16812,-17.7553]}},{"type":"Feature","properties":{"province":"Andrés Ibáñez","municipality":"Santa Cruz de La Sierra","locality":"Santa Cruz de la Sierra","precinct_code":2026,"precinct":"Col. Instituto Americano Juan Wesley","registered_2026":2579,"tables_2026":11,"coordinate_source":"OEP_2026_archivo_21_municipios","coordinate_year":2026,"match_method":"exact_municipality_locality_precinct","match_score":1,"coordinate_status":"official_2026_source_file","georeference_confidence":"high","metropolitan":true,"estimated_coordinate":false},"geometry":{"type":"Point","coordinates":[-63.16511,-17.78164]}},{"type":"Feature","properties":{"province":"Andrés Ibáñez","municipality":"Santa Cruz de La Sierra","locality":"Santa Cruz de la Sierra","precinct_code":2027,"precinct":"Col. Romulo Herrera","registered_2026":2168,"tables_2026":9,"coordinate_source":"OEP_2026_archivo_21_municipios","coordinate_year":2026,"match_method":"exact_municipality_locality_precinct","match_score":1,"coordinate_status":"official_2026_source_file","georeference_confidence":"high","metropolitan":true,"estimated_coordinate":false},"geometry":{"type":"Point","coordinates":[-63.17609,-17.78023]}},{"type":"Feature","properties":{"province":"Andrés Ibáñez","municipality":"Santa Cruz de La Sierra","locality":"Santa Cruz de la Sierra","precinct_code":2028,"precinct":"Col. Mariscal Sucre","registered_2026":2807,"tables_2026":12,"coordinate_source":"OEP_2026_archivo_21_municipios","coordinate_year":2026,"match_method":"exact_municipality_locality_precinct","match_score":1,"coordinate_status":"official_2026_source_file","georeference_confidence":"high","metropolitan":true,"estimated_coordinate":false},"geometry":{"type":"Point","coordinates":[-63.153218,-17.780429]}},{"type":"Feature","properties":{"province":"Andrés Ibáñez","municipality":"Santa Cruz de La Sierra","locality":"Santa Cruz de la Sierra","precinct_code":2029,"precinct":"Col. Inst. Domingo Savio","registered_2026":887,"tables_2026":4,"coordinate_source":"OEP_2026_archivo_21_municipios","coordinate_year":2026,"match_method":"exact_municipality_locality_precinct","match_score":1,"coordinate_status":"official_2026_source_file","georeference_confidence":"high","metropolitan":true,"estimated_coordinate":false},"geometry":{"type":"Point","coordinates":[-63.174239,-17.782021]}},{"type":"Feature","properties":{"province":"Andrés Ibáñez","municipality":"Santa Cruz de La Sierra","locality":"Santa Cruz de la Sierra","precinct_code":3000,"precinct":"Colegio Marista","registered_2026":2030,"tables_2026":9,"coordinate_source":"OEP_2026_archivo_21_municipios","coordinate_year":2026,"match_method":"exact_municipality_locality_precinct","match_score":1,"coordinate_status":"official_2026_source_file","georeference_confidence":"high","metropolitan":true,"estimated_coordinate":false},"geometry":{"type":"Point","coordinates":[-63.173047,-17.788978]}},{"type":"Feature","properties":{"province":"Andrés Ibáñez","municipality":"Santa Cruz de La Sierra","locality":"Santa Cruz de la Sierra","precinct_code":3001,"precinct":"Colegio Don Bosco","registered_2026":2570,"tables_2026":11,"coordinate_source":"OEP_2026_archivo_21_municipios","coordinate_year":2026,"match_method":"exact_municipality_locality_precinct","match_score":1,"coordinate_status":"official_2026_source_file","georeference_confidence":"high","metropolitan":true,"estimated_coordinate":false},"geometry":{"type":"Point","coordinates":[-63.17539,-17.79467]}},{"type":"Feature","properties":{"province":"Andrés Ibáñez","municipality":"Santa Cruz de La Sierra","locality":"Santa Cruz de la Sierra","precinct_code":3002,"precinct":"Col. Josefina Goytia","registered_2026":1290,"tables_2026":6,"coordinate_source":"OEP_2026_archivo_21_municipios","coordinate_year":2026,"match_method":"exact_municipality_locality_precinct","match_score":1,"coordinate_status":"official_2026_source_file","georeference_confidence":"high","metropolitan":true,"estimated_coordinate":false},"geometry":{"type":"Point","coordinates":[-63.17068,-17.79632]}},{"type":"Feature","properties":{"province":"Andrés Ibáñez","municipality":"Santa Cruz de La Sierra","locality":"Santa Cruz de la Sierra","precinct_code":3003,"precinct":"Col. Ramon Dario Gutierrez","registered_2026":1874,"tables_2026":8,"coordinate_source":"OEP_2026_archivo_21_municipios","coordinate_year":2026,"match_method":"exact_municipality_locality_precinct","match_score":1,"coordinate_status":"official_2026_source_file","georeference_confidence":"high","metropolitan":true,"estimated_coordinate":false},"geometry":{"type":"Point","coordinates":[-63.164,-17.80529]}},{"type":"Feature","properties":{"province":"Andrés Ibáñez","municipality":"Santa Cruz de La Sierra","locality":"Santa Cruz de la Sierra","precinct_code":3004,"precinct":"Colegio Raquel Sossa","registered_2026":841,"tables_2026":4,"coordinate_source":"OEP_2026_archivo_21_municipios","coordinate_year":2026,"match_method":"exact_municipality_locality_precinct","match_score":1,"coordinate_status":"official_2026_source_file","georeference_confidence":"high","metropolitan":true,"estimated_coordinate":false},"geometry":{"type":"Point","coordinates":[-63.164666,-17.809863]}},{"type":"Feature","properties":{"province":"Andrés Ibáñez","municipality":"Santa Cruz de La Sierra","locality":"Santa Cruz de la Sierra","precinct_code":3006,"precinct":"Colegio Justo Leigue","registered_2026":1536,"tables_2026":7,"coordinate_source":"OEP_2026_archivo_21_municipios","coordinate_year":2026,"match_method":"exact_municipality_locality_precinct","match_score":1,"coordinate_status":"official_2026_source_file","georeference_confidence":"high","metropolitan":true,"estimated_coordinate":false},"geometry":{"type":"Point","coordinates":[-63.16701,-17.798734]}},{"type":"Feature","properties":{"province":"Andrés Ibáñez","municipality":"Santa Cruz de La Sierra","locality":"Santa Cruz de la Sierra","precinct_code":3007,"precinct":"Col. Fe y Alegria   Aniceto Arze","registered_2026":5401,"tables_2026":23,"coordinate_source":"OEP_2026_archivo_21_municipios","coordinate_year":2026,"match_method":"exact_municipality_locality_precinct","match_score":1,"coordinate_status":"official_2026_source_file","georeference_confidence":"high","metropolitan":true,"estimated_coordinate":false},"geometry":{"type":"Point","coordinates":[-63.15612,-17.7986]}},{"type":"Feature","properties":{"province":"Andrés Ibáñez","municipality":"Santa Cruz de La Sierra","locality":"Santa Cruz de la Sierra","precinct_code":3008,"precinct":"Col. Felix Bascope Sanandita","registered_2026":2281,"tables_2026":10,"coordinate_source":"OEP_2026_archivo_21_municipios","coordinate_year":2026,"match_method":"exact_municipality_locality_precinct","match_score":1,"coordinate_status":"official_2026_source_file","georeference_confidence":"high","metropolitan":true,"estimated_coordinate":false},"geometry":{"type":"Point","coordinates":[-63.152463,-17.79503]}},{"type":"Feature","properties":{"province":"Andrés Ibáñez","municipality":"Santa Cruz de La Sierra","locality":"Santa Cruz de la Sierra","precinct_code":3009,"precinct":"Col. San Carlos","registered_2026":2107,"tables_2026":9,"coordinate_source":"OEP_2026_archivo_21_municipios","coordinate_year":2026,"match_method":"exact_municipality_locality_precinct","match_score":1,"coordinate_status":"official_2026_source_file","georeference_confidence":"high","metropolitan":true,"estimated_coordinate":false},"geometry":{"type":"Point","coordinates":[-63.15134,-17.79229]}},{"type":"Feature","properties":{"province":"Andrés Ibáñez","municipality":"Santa Cruz de La Sierra","locality":"Santa Cruz de la Sierra","precinct_code":3010,"precinct":"Col. El Pajonal","registered_2026":1699,"tables_2026":7,"coordinate_source":"OEP_2026_archivo_21_municipios","coordinate_year":2026,"match_method":"exact_municipality_locality_precinct","match_score":1,"coordinate_status":"official_2026_source_file","georeference_confidence":"high","metropolitan":true,"estimated_coordinate":false},"geometry":{"type":"Point","coordinates":[-63.16722,-17.81264]}},{"type":"Feature","properties":{"province":"Andrés Ibáñez","municipality":"Santa Cruz de La Sierra","locality":"Santa Cruz de la Sierra","precinct_code":3011,"precinct":"Colegio Nestor Suarez","registered_2026":4004,"tables_2026":17,"coordinate_source":"OEP_2026_archivo_21_municipios","coordinate_year":2026,"match_method":"exact_municipality_locality_precinct","match_score":1,"coordinate_status":"official_2026_source_file","georeference_confidence":"high","metropolitan":true,"estimated_coordinate":false},"geometry":{"type":"Point","coordinates":[-63.17374,-17.81688]}},{"type":"Feature","properties":{"province":"Andrés Ibáñez","municipality":"Santa Cruz de La Sierra","locality":"Santa Cruz de la Sierra","precinct_code":3012,"precinct":"Col. Magdalena Postel","registered_2026":3927,"tables_2026":17,"coordinate_source":"OEP_2026_archivo_21_municipios","coordinate_year":2026,"match_method":"exact_municipality_locality_precinct","match_score":1,"coordinate_status":"official_2026_source_file","georeference_confidence":"high","metropolitan":true,"estimated_coordinate":false},"geometry":{"type":"Point","coordinates":[-63.180459,-17.820051]}},{"type":"Feature","properties":{"province":"Andrés Ibáñez","municipality":"Santa Cruz de La Sierra","locality":"Santa Cruz de la Sierra","precinct_code":3013,"precinct":"Col. Sagrado Corazon","registered_2026":1265,"tables_2026":6,"coordinate_source":"OEP_2026_archivo_21_municipios","coordinate_year":2026,"match_method":"exact_municipality_locality_precinct","match_score":1,"coordinate_status":"official_2026_source_file","georeference_confidence":"high","metropolitan":true,"estimated_coordinate":false},"geometry":{"type":"Point","coordinates":[-63.17153,-17.81605]}},{"type":"Feature","properties":{"province":"Andrés Ibáñez","municipality":"Santa Cruz de La Sierra","locality":"Santa Cruz de la Sierra","precinct_code":3014,"precinct":"Col. Tristan Roca","registered_2026":2339,"tables_2026":10,"coordinate_source":"OEP_2026_archivo_21_municipios","coordinate_year":2026,"match_method":"exact_municipality_locality_precinct","match_score":1,"coordinate_status":"official_2026_source_file","georeference_confidence":"high","metropolitan":true,"estimated_coordinate":false},"geometry":{"type":"Point","coordinates":[-63.16394,-17.78412]}},{"type":"Feature","properties":{"province":"Andrés Ibáñez","municipality":"Santa Cruz de La Sierra","locality":"Santa Cruz de la Sierra","precinct_code":3015,"precinct":"U.E. Domingo Faustino","registered_2026":164,"tables_2026":1,"coordinate_source":"OEP_2026_archivo_21_municipios","coordinate_year":2026,"match_method":"exact_municipality_locality_precinct","match_score":1,"coordinate_status":"official_2026_source_file","georeference_confidence":"high","metropolitan":true,"estimated_coordinate":false},"geometry":{"type":"Point","coordinates":[-63.154699,-17.784235]}},{"type":"Feature","properties":{"province":"Andrés Ibáñez","municipality":"Santa Cruz de La Sierra","locality":"Santa Cruz de la Sierra","precinct_code":3016,"precinct":"Col. Dios es Amor","registered_2026":1520,"tables_2026":7,"coordinate_source":"OEP_2026_archivo_21_municipios","coordinate_year":2026,"match_method":"exact_municipality_locality_precinct","match_score":1,"coordinate_status":"official_2026_source_file","georeference_confidence":"high","metropolitan":true,"estimated_coordinate":false},"geometry":{"type":"Point","coordinates":[-63.16571,-17.78535]}},{"type":"Feature","properties":{"province":"Andrés Ibáñez","municipality":"Santa Cruz de La Sierra","locality":"Santa Cruz de la Sierra","precinct_code":3017,"precinct":"Col. Nacional Salesiano","registered_2026":1964,"tables_2026":9,"coordinate_source":"OEP_2026_archivo_21_municipios","coordinate_year":2026,"match_method":"exact_municipality_locality_precinct","match_score":1,"coordinate_status":"official_2026_source_file","georeference_confidence":"high","metropolitan":true,"estimated_coordinate":false},"geometry":{"type":"Point","coordinates":[-63.16814,-17.78925]}},{"type":"Feature","properties":{"province":"Andrés Ibáñez","municipality":"Santa Cruz de La Sierra","locality":"Santa Cruz de la Sierra","precinct_code":3020,"precinct":"Col. Basilio De Cuellar","registered_2026":1105,"tables_2026":5,"coordinate_source":"OEP_2026_archivo_21_municipios","coordinate_year":2026,"match_method":"exact_municipality_locality_precinct","match_score":1,"coordinate_status":"official_2026_source_file","georeference_confidence":"high","metropolitan":true,"estimated_coordinate":false},"geometry":{"type":"Point","coordinates":[-63.1786,-17.7843]}},{"type":"Feature","properties":{"province":"Andrés Ibáñez","municipality":"Santa Cruz de La Sierra","locality":"Santa Cruz de la Sierra","precinct_code":3021,"precinct":"Col. Obispo Santistevan","registered_2026":745,"tables_2026":4,"coordinate_source":"OEP_2026_archivo_21_municipios","coordinate_year":2026,"match_method":"exact_municipality_locality_precinct","match_score":1,"coordinate_status":"official_2026_source_file","georeference_confidence":"high","metropolitan":true,"estimated_coordinate":false},"geometry":{"type":"Point","coordinates":[-63.1792,-17.78578]}},{"type":"Feature","properties":{"province":"Andrés Ibáñez","municipality":"Santa Cruz de La Sierra","locality":"Santa Cruz de la Sierra","precinct_code":3022,"precinct":"Col. Juan Pablo II","registered_2026":3475,"tables_2026":15,"coordinate_source":"OEP_2026_archivo_21_municipios","coordinate_year":2026,"match_method":"exact_municipality_locality_precinct","match_score":1,"coordinate_status":"official_2026_source_file","georeference_confidence":"high","metropolitan":true,"estimated_coordinate":false},"geometry":{"type":"Point","coordinates":[-63.169512,-17.80667]}},{"type":"Feature","properties":{"province":"Andrés Ibáñez","municipality":"Santa Cruz de La Sierra","locality":"Santa Cruz de la Sierra","precinct_code":3023,"precinct":"Col. Nacional Florida","registered_2026":1641,"tables_2026":7,"coordinate_source":"OEP_2026_archivo_21_municipios","coordinate_year":2026,"match_method":"exact_municipality_locality_precinct","match_score":1,"coordinate_status":"official_2026_source_file","georeference_confidence":"high","metropolitan":true,"estimated_coordinate":false},"geometry":{"type":"Point","coordinates":[-63.180267,-17.790386]}},{"type":"Feature","properties":{"province":"Andrés Ibáñez","municipality":"Santa Cruz de La Sierra","locality":"Santa Cruz de la Sierra","precinct_code":3024,"precinct":"U.E. Arroyito","registered_2026":2624,"tables_2026":11,"coordinate_source":"OEP_2026_archivo_21_municipios","coordinate_year":2026,"match_method":"exact_municipality_locality_precinct","match_score":1,"coordinate_status":"official_2026_source_file","georeference_confidence":"high","metropolitan":true,"estimated_coordinate":false},"geometry":{"type":"Point","coordinates":[-63.074306,-17.832749]}},{"type":"Feature","properties":{"province":"Andrés Ibáñez","municipality":"Santa Cruz de La Sierra","locality":"Santa Cruz de la Sierra","precinct_code":3025,"precinct":"Col. Unidad Educativa San Jorge","registered_2026":2009,"tables_2026":9,"coordinate_source":"OEP_2026_archivo_21_municipios","coordinate_year":2026,"match_method":"exact_municipality_locality_precinct","match_score":1,"coordinate_status":"official_2026_source_file","georeference_confidence":"high","metropolitan":true,"estimated_coordinate":false},"geometry":{"type":"Point","coordinates":[-63.106906,-17.835067]}},{"type":"Feature","properties":{"province":"Andrés Ibáñez","municipality":"Santa Cruz de La Sierra","locality":"Santa Cruz de la Sierra","precinct_code":3026,"precinct":"Col. Normandia Josefina Balsamo","registered_2026":2448,"tables_2026":11,"coordinate_source":"OEP_2026_archivo_21_municipios","coordinate_year":2026,"match_method":"exact_municipality_locality_precinct","match_score":1,"coordinate_status":"official_2026_source_file","georeference_confidence":"high","metropolitan":true,"estimated_coordinate":false},"geometry":{"type":"Point","coordinates":[-63.08878,-17.856937]}},{"type":"Feature","properties":{"province":"Andrés Ibáñez","municipality":"Santa Cruz de La Sierra","locality":"Santa Cruz de la Sierra","precinct_code":3027,"precinct":"Col. Cupesi Terrado","registered_2026":5237,"tables_2026":22,"coordinate_source":"OEP_2026_archivo_21_municipios","coordinate_year":2026,"match_method":"exact_municipality_locality_precinct","match_score":1,"coordinate_status":"official_2026_source_file","georeference_confidence":"high","metropolitan":true,"estimated_coordinate":false},"geometry":{"type":"Point","coordinates":[-63.09699,-17.81237]}},{"type":"Feature","properties":{"province":"Andrés Ibáñez","municipality":"Santa Cruz de La Sierra","locality":"Santa Cruz de la Sierra","precinct_code":3028,"precinct":"Colegio Cupeso De Los Reyes","registered_2026":3753,"tables_2026":16,"coordinate_source":"OEP_2026_archivo_21_municipios","coordinate_year":2026,"match_method":"exact_municipality_locality_precinct","match_score":1,"coordinate_status":"official_2026_source_file","georeference_confidence":"high","metropolitan":true,"estimated_coordinate":false},"geometry":{"type":"Point","coordinates":[-63.10786,-17.82436]}},{"type":"Feature","properties":{"province":"Andrés Ibáñez","municipality":"Santa Cruz de La Sierra","locality":"Santa Cruz de la Sierra","precinct_code":4000,"precinct":"Col. Fe y Alegria La Merced","registered_2026":3888,"tables_2026":17,"coordinate_source":"OEP_2026_archivo_21_municipios","coordinate_year":2026,"match_method":"exact_municipality_locality_precinct","match_score":1,"coordinate_status":"official_2026_source_file","georeference_confidence":"high","metropolitan":true,"estimated_coordinate":false},"geometry":{"type":"Point","coordinates":[-63.19189,-17.78853]}},{"type":"Feature","properties":{"province":"Andrés Ibáñez","municipality":"Santa Cruz de La Sierra","locality":"Santa Cruz de la Sierra","precinct_code":4002,"precinct":"Col. Villa Rosario","registered_2026":2592,"tables_2026":11,"coordinate_source":"OEP_2026_archivo_21_municipios","coordinate_year":2026,"match_method":"exact_municipality_locality_precinct","match_score":1,"coordinate_status":"official_2026_source_file","georeference_confidence":"high","metropolitan":true,"estimated_coordinate":false},"geometry":{"type":"Point","coordinates":[-63.2086,-17.79646]}},{"type":"Feature","properties":{"province":"Andrés Ibáñez","municipality":"Santa Cruz de La Sierra","locality":"Santa Cruz de la Sierra","precinct_code":4003,"precinct":"Col. UV. La Madre","registered_2026":5199,"tables_2026":22,"coordinate_source":"OEP_2026_archivo_21_municipios","coordinate_year":2026,"match_method":"exact_municipality_locality_precinct","match_score":1,"coordinate_status":"official_2026_source_file","georeference_confidence":"high","metropolitan":true,"estimated_coordinate":false},"geometry":{"type":"Point","coordinates":[-63.21101,-17.78952]}},{"type":"Feature","properties":{"province":"Andrés Ibáñez","municipality":"Santa Cruz de La Sierra","locality":"Santa Cruz de la Sierra","precinct_code":4004,"precinct":"Col. Sociedad De Ingenieros","registered_2026":2483,"tables_2026":11,"coordinate_source":"OEP_2026_archivo_21_municipios","coordinate_year":2026,"match_method":"exact_municipality_locality_precinct","match_score":1,"coordinate_status":"official_2026_source_file","georeference_confidence":"high","metropolitan":true,"estimated_coordinate":false},"geometry":{"type":"Point","coordinates":[-63.19918,-17.79882]}},{"type":"Feature","properties":{"province":"Andrés Ibáñez","municipality":"Santa Cruz de La Sierra","locality":"Santa Cruz de la Sierra","precinct_code":4005,"precinct":"Col.  Placido Molilna","registered_2026":2324,"tables_2026":10,"coordinate_source":"OEP_2026_archivo_21_municipios","coordinate_year":2026,"match_method":"exact_municipality_locality_precinct","match_score":1,"coordinate_status":"official_2026_source_file","georeference_confidence":"high","metropolitan":true,"estimated_coordinate":false},"geometry":{"type":"Point","coordinates":[-63.19062,-17.79406]}},{"type":"Feature","properties":{"province":"Andrés Ibáñez","municipality":"Santa Cruz de La Sierra","locality":"Santa Cruz de la Sierra","precinct_code":4006,"precinct":"Col. American School Coop.","registered_2026":2855,"tables_2026":12,"coordinate_source":"OEP_2026_archivo_21_municipios","coordinate_year":2026,"match_method":"exact_municipality_locality_precinct","match_score":1,"coordinate_status":"official_2026_source_file","georeference_confidence":"high","metropolitan":true,"estimated_coordinate":false},"geometry":{"type":"Point","coordinates":[-63.2041,-17.80452]}},{"type":"Feature","properties":{"province":"Andrés Ibáñez","municipality":"Santa Cruz de La Sierra","locality":"Santa Cruz de la Sierra","precinct_code":4007,"precinct":"Col. Henrry Prince","registered_2026":1850,"tables_2026":8,"coordinate_source":"OEP_2026_archivo_21_municipios","coordinate_year":2026,"match_method":"exact_municipality_locality_precinct","match_score":1,"coordinate_status":"official_2026_source_file","georeference_confidence":"high","metropolitan":true,"estimated_coordinate":false},"geometry":{"type":"Point","coordinates":[-63.207249,-17.811941]}},{"type":"Feature","properties":{"province":"Andrés Ibáñez","municipality":"Santa Cruz de La Sierra","locality":"Santa Cruz de la Sierra","precinct_code":4009,"precinct":"U.E. Virgen de Fatima","registered_2026":4351,"tables_2026":19,"coordinate_source":"OEP_2026_archivo_21_municipios","coordinate_year":2026,"match_method":"exact_municipality_locality_precinct","match_score":1,"coordinate_status":"official_2026_source_file","georeference_confidence":"high","metropolitan":true,"estimated_coordinate":false},"geometry":{"type":"Point","coordinates":[-63.199843,-17.808919]}},{"type":"Feature","properties":{"province":"Andrés Ibáñez","municipality":"Santa Cruz de La Sierra","locality":"Santa Cruz de la Sierra","precinct_code":4010,"precinct":"U.E. Villa Warnes A.","registered_2026":5551,"tables_2026":24,"coordinate_source":"OEP_2026_archivo_21_municipios","coordinate_year":2026,"match_method":"exact_municipality_locality_precinct","match_score":1,"coordinate_status":"official_2026_source_file","georeference_confidence":"high","metropolitan":true,"estimated_coordinate":false},"geometry":{"type":"Point","coordinates":[-63.19559,-17.81594]}},{"type":"Feature","properties":{"province":"Andrés Ibáñez","municipality":"Santa Cruz de La Sierra","locality":"Santa Cruz de la Sierra","precinct_code":4011,"precinct":"Col. Victor Paz Estensoro","registered_2026":4998,"tables_2026":21,"coordinate_source":"OEP_2026_archivo_21_municipios","coordinate_year":2026,"match_method":"exact_municipality_locality_precinct","match_score":1,"coordinate_status":"official_2026_source_file","georeference_confidence":"high","metropolitan":true,"estimated_coordinate":false},"geometry":{"type":"Point","coordinates":[-63.186614,-17.817085]}},{"type":"Feature","properties":{"province":"Andrés Ibáñez","municipality":"Santa Cruz de La Sierra","locality":"Santa Cruz de la Sierra","precinct_code":4012,"precinct":"Col. Jose Malky Jesus Maria","registered_2026":5693,"tables_2026":24,"coordinate_source":"OEP_2026_archivo_21_municipios","coordinate_year":2026,"match_method":"exact_municipality_locality_precinct","match_score":1,"coordinate_status":"official_2026_source_file","georeference_confidence":"high","metropolitan":true,"estimated_coordinate":false},"geometry":{"type":"Point","coordinates":[-63.181435,-17.808084]}},{"type":"Feature","properties":{"province":"Andrés Ibáñez","municipality":"Santa Cruz de La Sierra","locality":"Santa Cruz de la Sierra","precinct_code":4013,"precinct":"U.E. Julia Ribera Aguilera","registered_2026":1734,"tables_2026":8,"coordinate_source":"OEP_2026_archivo_21_municipios","coordinate_year":2026,"match_method":"exact_municipality_locality_precinct","match_score":1,"coordinate_status":"official_2026_source_file","georeference_confidence":"high","metropolitan":true,"estimated_coordinate":false},"geometry":{"type":"Point","coordinates":[-63.1834,-17.80372]}},{"type":"Feature","properties":{"province":"Andrés Ibáñez","municipality":"Santa Cruz de La Sierra","locality":"Santa Cruz de la Sierra","precinct_code":4014,"precinct":"Col. Jhon Kennedy","registered_2026":5886,"tables_2026":25,"coordinate_source":"OEP_2026_archivo_21_municipios","coordinate_year":2026,"match_method":"exact_municipality_locality_precinct","match_score":1,"coordinate_status":"official_2026_source_file","georeference_confidence":"high","metropolitan":true,"estimated_coordinate":false},"geometry":{"type":"Point","coordinates":[-63.19871,-17.78818]}},{"type":"Feature","properties":{"province":"Andrés Ibáñez","municipality":"Santa Cruz de La Sierra","locality":"Santa Cruz de la Sierra","precinct_code":4015,"precinct":"Col. Complejo Educativo Japon","registered_2026":4790,"tables_2026":20,"coordinate_source":"OEP_2026_archivo_21_municipios","coordinate_year":2026,"match_method":"exact_municipality_locality_precinct","match_score":1,"coordinate_status":"official_2026_source_file","georeference_confidence":"high","metropolitan":true,"estimated_coordinate":false},"geometry":{"type":"Point","coordinates":[-63.18984,-17.80635]}},{"type":"Feature","properties":{"province":"Andrés Ibáñez","municipality":"Santa Cruz de La Sierra","locality":"Santa Cruz de la Sierra","precinct_code":4016,"precinct":"Col. Alfa y Omega","registered_2026":1645,"tables_2026":7,"coordinate_source":"OEP_2026_archivo_21_municipios","coordinate_year":2026,"match_method":"exact_municipality_locality_precinct","match_score":1,"coordinate_status":"official_2026_source_file","georeference_confidence":"high","metropolitan":true,"estimated_coordinate":false},"geometry":{"type":"Point","coordinates":[-63.18944,-17.80245]}},{"type":"Feature","properties":{"province":"Andrés Ibáñez","municipality":"Santa Cruz de La Sierra","locality":"Santa Cruz de la Sierra","precinct_code":4017,"precinct":"Col. Julio A. Gutierrez","registered_2026":1489,"tables_2026":7,"coordinate_source":"OEP_2026_archivo_21_municipios","coordinate_year":2026,"match_method":"exact_municipality_locality_precinct","match_score":1,"coordinate_status":"official_2026_source_file","georeference_confidence":"high","metropolitan":true,"estimated_coordinate":false},"geometry":{"type":"Point","coordinates":[-63.18236,-17.79789]}},{"type":"Feature","properties":{"province":"Andrés Ibáñez","municipality":"Santa Cruz de La Sierra","locality":"Santa Cruz de la Sierra","precinct_code":4018,"precinct":"Col. Club De Leones Nro.6","registered_2026":773,"tables_2026":4,"coordinate_source":"OEP_2026_archivo_21_municipios","coordinate_year":2026,"match_method":"exact_municipality_locality_precinct","match_score":1,"coordinate_status":"official_2026_source_file","georeference_confidence":"high","metropolitan":true,"estimated_coordinate":false},"geometry":{"type":"Point","coordinates":[-63.18416,-17.7943]}},{"type":"Feature","properties":{"province":"Andrés Ibáñez","municipality":"Santa Cruz de La Sierra","locality":"Santa Cruz de la Sierra","precinct_code":4019,"precinct":"Col. Unidad Educativa Lorenzo Caballero","registered_2026":1476,"tables_2026":7,"coordinate_source":"OEP_2026_archivo_21_municipios","coordinate_year":2026,"match_method":"exact_municipality_locality_precinct","match_score":1,"coordinate_status":"official_2026_source_file","georeference_confidence":"high","metropolitan":true,"estimated_coordinate":false},"geometry":{"type":"Point","coordinates":[-63.18774,-17.80008]}},{"type":"Feature","properties":{"province":"Andrés Ibáñez","municipality":"Santa Cruz de La Sierra","locality":"Santa Cruz de la Sierra","precinct_code":4020,"precinct":"Col. Antonio Vicente Seoane","registered_2026":2062,"tables_2026":9,"coordinate_source":"OEP_2026_archivo_21_municipios","coordinate_year":2026,"match_method":"exact_municipality_locality_precinct","match_score":1,"coordinate_status":"official_2026_source_file","georeference_confidence":"high","metropolitan":true,"estimated_coordinate":false},"geometry":{"type":"Point","coordinates":[-63.19352,-17.80136]}},{"type":"Feature","properties":{"province":"Andrés Ibáñez","municipality":"Santa Cruz de La Sierra","locality":"Santa Cruz de la Sierra","precinct_code":4021,"precinct":"Col. Cardenal Cushing Jesus Maria","registered_2026":1663,"tables_2026":7,"coordinate_source":"OEP_2026_archivo_21_municipios","coordinate_year":2026,"match_method":"exact_municipality_locality_precinct","match_score":1,"coordinate_status":"official_2026_source_file","georeference_confidence":"high","metropolitan":true,"estimated_coordinate":false},"geometry":{"type":"Point","coordinates":[-63.18533,-17.79161]}},{"type":"Feature","properties":{"province":"Andrés Ibáñez","municipality":"Santa Cruz de La Sierra","locality":"Santa Cruz de la Sierra","precinct_code":4022,"precinct":"Col. Esc. Coronel Ignacio Warnes","registered_2026":564,"tables_2026":3,"coordinate_source":"OEP_2026_archivo_21_municipios","coordinate_year":2026,"match_method":"exact_municipality_locality_precinct","match_score":1,"coordinate_status":"official_2026_source_file","georeference_confidence":"high","metropolitan":true,"estimated_coordinate":false},"geometry":{"type":"Point","coordinates":[-63.1825,-17.78679]}},{"type":"Feature","properties":{"province":"Andrés Ibáñez","municipality":"Santa Cruz de La Sierra","locality":"Santa Cruz de la Sierra","precinct_code":4023,"precinct":"Col. Arz. Daniel Rivero","registered_2026":178,"tables_2026":1,"coordinate_source":"OEP_2026_archivo_21_municipios","coordinate_year":2026,"match_method":"exact_municipality_locality_precinct","match_score":1,"coordinate_status":"official_2026_source_file","georeference_confidence":"high","metropolitan":true,"estimated_coordinate":false},"geometry":{"type":"Point","coordinates":[-63.18145,-17.78975]}},{"type":"Feature","properties":{"province":"Andrés Ibáñez","municipality":"Santa Cruz de La Sierra","locality":"Santa Cruz de la Sierra","precinct_code":5000,"precinct":"Unidad Educativa Pompeya Santisimo Redentor","registered_2026":1551,"tables_2026":7,"coordinate_source":"OEP_2026_archivo_21_municipios","coordinate_year":2026,"match_method":"exact_municipality_locality_precinct","match_score":1,"coordinate_status":"official_2026_source_file","georeference_confidence":"high","metropolitan":true,"estimated_coordinate":false},"geometry":{"type":"Point","coordinates":[-63.136461,-17.735721]}},{"type":"Feature","properties":{"province":"Andrés Ibáñez","municipality":"Santa Cruz de La Sierra","locality":"Santa Cruz de la Sierra","precinct_code":5001,"precinct":"Colegio Josefina Balsamo( Los Tusequis)","registered_2026":3250,"tables_2026":14,"coordinate_source":"OEP_2026_archivo_21_municipios","coordinate_year":2026,"match_method":"exact_municipality_locality_precinct","match_score":1,"coordinate_status":"official_2026_source_file","georeference_confidence":"high","metropolitan":true,"estimated_coordinate":false},"geometry":{"type":"Point","coordinates":[-63.151109,-17.740904]}},{"type":"Feature","properties":{"province":"Andrés Ibáñez","municipality":"Santa Cruz de La Sierra","locality":"Santa Cruz de la Sierra","precinct_code":5002,"precinct":"Esc. German Busch","registered_2026":3429,"tables_2026":15,"coordinate_source":"OEP_2026_archivo_21_municipios","coordinate_year":2026,"match_method":"exact_municipality_locality_precinct","match_score":1,"coordinate_status":"official_2026_source_file","georeference_confidence":"high","metropolitan":true,"estimated_coordinate":false},"geometry":{"type":"Point","coordinates":[-63.1716,-17.73681]}},{"type":"Feature","properties":{"province":"Andrés Ibáñez","municipality":"Santa Cruz de La Sierra","locality":"Santa Cruz de la Sierra","precinct_code":5003,"precinct":"Col. Escuela 2 De Agosto","registered_2026":1466,"tables_2026":7,"coordinate_source":"OEP_2026_archivo_21_municipios","coordinate_year":2026,"match_method":"exact_municipality_locality_precinct","match_score":1,"coordinate_status":"official_2026_source_file","georeference_confidence":"high","metropolitan":true,"estimated_coordinate":false},"geometry":{"type":"Point","coordinates":[-63.15519,-17.75298]}},{"type":"Feature","properties":{"province":"Andrés Ibáñez","municipality":"Santa Cruz de La Sierra","locality":"Santa Cruz de la Sierra","precinct_code":5004,"precinct":"Col. Ovidio Santistevan","registered_2026":4651,"tables_2026":20,"coordinate_source":"OEP_2026_archivo_21_municipios","coordinate_year":2026,"match_method":"exact_municipality_locality_precinct","match_score":1,"coordinate_status":"official_2026_source_file","georeference_confidence":"high","metropolitan":true,"estimated_coordinate":false},"geometry":{"type":"Point","coordinates":[-63.19029,-17.74906]}},{"type":"Feature","properties":{"province":"Andrés Ibáñez","municipality":"Santa Cruz de La Sierra","locality":"Santa Cruz de la Sierra","precinct_code":5005,"precinct":"Col. Villa Bolivia","registered_2026":4325,"tables_2026":18,"coordinate_source":"OEP_2026_archivo_21_municipios","coordinate_year":2026,"match_method":"exact_municipality_locality_precinct","match_score":1,"coordinate_status":"official_2026_source_file","georeference_confidence":"high","metropolitan":true,"estimated_coordinate":false},"geometry":{"type":"Point","coordinates":[-63.189939,-17.746673]}},{"type":"Feature","properties":{"province":"Andrés Ibáñez","municipality":"Santa Cruz de La Sierra","locality":"Santa Cruz de la Sierra","precinct_code":5006,"precinct":"U.E.  Kinder Virgen de Cotoca II","registered_2026":2492,"tables_2026":11,"coordinate_source":"OEP_2026_archivo_21_municipios","coordinate_year":2026,"match_method":"exact_municipality_locality_precinct","match_score":1,"coordinate_status":"official_2026_source_file","georeference_confidence":"high","metropolitan":true,"estimated_coordinate":false},"geometry":{"type":"Point","coordinates":[-63.180383,-17.747036]}},{"type":"Feature","properties":{"province":"Andrés Ibáñez","municipality":"Santa Cruz de La Sierra","locality":"Santa Cruz de la Sierra","precinct_code":5007,"precinct":"Col. Virgen De Cotoca","registered_2026":1319,"tables_2026":6,"coordinate_source":"OEP_2026_archivo_21_municipios","coordinate_year":2026,"match_method":"exact_municipality_locality_precinct","match_score":1,"coordinate_status":"official_2026_source_file","georeference_confidence":"high","metropolitan":true,"estimated_coordinate":false},"geometry":{"type":"Point","coordinates":[-63.1789,-17.744453]}},{"type":"Feature","properties":{"province":"Andrés Ibáñez","municipality":"Santa Cruz de La Sierra","locality":"Santa Cruz de la Sierra","precinct_code":5008,"precinct":"Naciones Unidas","registered_2026":3036,"tables_2026":13,"coordinate_source":"OEP_2026_archivo_21_municipios","coordinate_year":2026,"match_method":"exact_municipality_locality_precinct","match_score":1,"coordinate_status":"official_2026_source_file","georeference_confidence":"high","metropolitan":true,"estimated_coordinate":false},"geometry":{"type":"Point","coordinates":[-63.177396,-17.732546]}},{"type":"Feature","properties":{"province":"Andrés Ibáñez","municipality":"Santa Cruz de La Sierra","locality":"Santa Cruz de la Sierra","precinct_code":5009,"precinct":"Col. 7 de Septiembre","registered_2026":2410,"tables_2026":10,"coordinate_source":"OEP_2026_archivo_21_municipios","coordinate_year":2026,"match_method":"exact_municipality_locality_precinct","match_score":1,"coordinate_status":"official_2026_source_file","georeference_confidence":"high","metropolitan":true,"estimated_coordinate":false},"geometry":{"type":"Point","coordinates":[-63.170938,-17.729651]}},{"type":"Feature","properties":{"province":"Andrés Ibáñez","municipality":"Santa Cruz de La Sierra","locality":"Santa Cruz de la Sierra","precinct_code":5010,"precinct":"Esc. Jose Mariano Serrano","registered_2026":2870,"tables_2026":12,"coordinate_source":"OEP_2026_archivo_21_municipios","coordinate_year":2026,"match_method":"exact_municipality_locality_precinct","match_score":1,"coordinate_status":"official_2026_source_file","georeference_confidence":"high","metropolitan":true,"estimated_coordinate":false},"geometry":{"type":"Point","coordinates":[-63.16407,-17.72271]}},{"type":"Feature","properties":{"province":"Andrés Ibáñez","municipality":"Santa Cruz de La Sierra","locality":"Santa Cruz de la Sierra","precinct_code":5011,"precinct":"Esc. Real America (Esc. F. Florida)","registered_2026":2206,"tables_2026":10,"coordinate_source":"OEP_2026_archivo_21_municipios","coordinate_year":2026,"match_method":"exact_municipality_locality_precinct","match_score":1,"coordinate_status":"official_2026_source_file","georeference_confidence":"high","metropolitan":true,"estimated_coordinate":false},"geometry":{"type":"Point","coordinates":[-63.162059,-17.728324]}},{"type":"Feature","properties":{"province":"Andrés Ibáñez","municipality":"Santa Cruz de La Sierra","locality":"Santa Cruz de la Sierra","precinct_code":5013,"precinct":"Col. San Martin Norte","registered_2026":5680,"tables_2026":24,"coordinate_source":"OEP_2026_archivo_21_municipios","coordinate_year":2026,"match_method":"exact_municipality_locality_precinct","match_score":1,"coordinate_status":"official_2026_source_file","georeference_confidence":"high","metropolitan":true,"estimated_coordinate":false},"geometry":{"type":"Point","coordinates":[-63.14275,-17.7284]}},{"type":"Feature","properties":{"province":"Andrés Ibáñez","municipality":"Santa Cruz de La Sierra","locality":"Santa Cruz de la Sierra","precinct_code":5014,"precinct":"Esc. Claracuta","registered_2026":3300,"tables_2026":14,"coordinate_source":"OEP_2026_archivo_21_municipios","coordinate_year":2026,"match_method":"exact_municipality_locality_precinct","match_score":1,"coordinate_status":"official_2026_source_file","georeference_confidence":"high","metropolitan":true,"estimated_coordinate":false},"geometry":{"type":"Point","coordinates":[-63.154764,-17.733489]}},{"type":"Feature","properties":{"province":"Andrés Ibáñez","municipality":"Santa Cruz de La Sierra","locality":"Santa Cruz de la Sierra","precinct_code":5015,"precinct":"U. E. Escuela Ñuflo De Chavez","registered_2026":2588,"tables_2026":11,"coordinate_source":"OEP_2026_archivo_21_municipios","coordinate_year":2026,"match_method":"exact_municipality_locality_precinct","match_score":1,"coordinate_status":"official_2026_source_file","georeference_confidence":"high","metropolitan":true,"estimated_coordinate":false},"geometry":{"type":"Point","coordinates":[-63.158578,-17.747153]}},{"type":"Feature","properties":{"province":"Andrés Ibáñez","municipality":"Santa Cruz de La Sierra","locality":"Santa Cruz de la Sierra","precinct_code":5016,"precinct":"Col. Adventista Santa Cruz","registered_2026":4544,"tables_2026":19,"coordinate_source":"OEP_2026_archivo_21_municipios","coordinate_year":2026,"match_method":"exact_municipality_locality_precinct","match_score":1,"coordinate_status":"official_2026_source_file","georeference_confidence":"high","metropolitan":true,"estimated_coordinate":false},"geometry":{"type":"Point","coordinates":[-63.16123,-17.73494]}},{"type":"Feature","properties":{"province":"Andrés Ibáñez","municipality":"Santa Cruz de La Sierra","locality":"Santa Cruz de la Sierra","precinct_code":5017,"precinct":"Col. Nueva Esperanza","registered_2026":2092,"tables_2026":9,"coordinate_source":"OEP_2026_archivo_21_municipios","coordinate_year":2026,"match_method":"exact_municipality_locality_precinct","match_score":1,"coordinate_status":"official_2026_source_file","georeference_confidence":"high","metropolitan":true,"estimated_coordinate":false},"geometry":{"type":"Point","coordinates":[-63.14962,-17.74375]}},{"type":"Feature","properties":{"province":"Andrés Ibáñez","municipality":"Santa Cruz de La Sierra","locality":"Santa Cruz de la Sierra","precinct_code":5018,"precinct":"Escuela Km 9","registered_2026":4467,"tables_2026":19,"coordinate_source":"OEP_2026_archivo_21_municipios","coordinate_year":2026,"match_method":"exact_municipality_locality_precinct","match_score":1,"coordinate_status":"official_2026_source_file","georeference_confidence":"high","metropolitan":true,"estimated_coordinate":false},"geometry":{"type":"Point","coordinates":[-63.15509,-17.6916]}},{"type":"Feature","properties":{"province":"Andrés Ibáñez","municipality":"Santa Cruz de La Sierra","locality":"Santa Cruz de la Sierra","precinct_code":5019,"precinct":"Col. Luz Y Saber II","registered_2026":4117,"tables_2026":18,"coordinate_source":"OEP_2026_archivo_21_municipios","coordinate_year":2026,"match_method":"exact_municipality_locality_precinct","match_score":1,"coordinate_status":"official_2026_source_file","georeference_confidence":"high","metropolitan":true,"estimated_coordinate":false},"geometry":{"type":"Point","coordinates":[-63.14804,-17.73533]}},{"type":"Feature","properties":{"province":"Andrés Ibáñez","municipality":"Santa Cruz de La Sierra","locality":"Santa Cruz de la Sierra","precinct_code":5020,"precinct":"Col. U.E. La Resureccion   Esc. Convif","registered_2026":72,"tables_2026":1,"coordinate_source":"OEP_2026_archivo_21_municipios","coordinate_year":2026,"match_method":"exact_municipality_locality_precinct","match_score":1,"coordinate_status":"official_2026_source_file","georeference_confidence":"high","metropolitan":true,"estimated_coordinate":false},"geometry":{"type":"Point","coordinates":[-63.17194,-17.7436]}},{"type":"Feature","properties":{"province":"Andrés Ibáñez","municipality":"Santa Cruz de La Sierra","locality":"Santa Cruz de la Sierra","precinct_code":5022,"precinct":"Escuela San Joaquin","registered_2026":3111,"tables_2026":13,"coordinate_source":"OEP_2026_archivo_21_municipios","coordinate_year":2026,"match_method":"exact_municipality_locality_precinct","match_score":1,"coordinate_status":"official_2026_source_file","georeference_confidence":"high","metropolitan":true,"estimated_coordinate":false},"geometry":{"type":"Point","coordinates":[-63.136676,-17.722381]}},{"type":"Feature","properties":{"province":"Andrés Ibáñez","municipality":"Santa Cruz de La Sierra","locality":"Santa Cruz de la Sierra","precinct_code":5023,"precinct":"Escuela 23 de Marzo","registered_2026":5954,"tables_2026":25,"coordinate_source":"OEP_2026_archivo_21_municipios","coordinate_year":2026,"match_method":"exact_municipality_locality_precinct","match_score":1,"coordinate_status":"official_2026_source_file","georeference_confidence":"high","metropolitan":true,"estimated_coordinate":false},"geometry":{"type":"Point","coordinates":[-63.14704,-17.718285]}},{"type":"Feature","properties":{"province":"Andrés Ibáñez","municipality":"Santa Cruz de La Sierra","locality":"Santa Cruz de la Sierra","precinct_code":5024,"precinct":"Escuela Primavera","registered_2026":2194,"tables_2026":10,"coordinate_source":"OEP_2026_archivo_21_municipios","coordinate_year":2026,"match_method":"exact_municipality_locality_precinct","match_score":1,"coordinate_status":"official_2026_source_file","georeference_confidence":"high","metropolitan":true,"estimated_coordinate":false},"geometry":{"type":"Point","coordinates":[-63.129114,-17.708983]}},{"type":"Feature","properties":{"province":"Andrés Ibáñez","municipality":"Santa Cruz de La Sierra","locality":"Santa Cruz de la Sierra","precinct_code":5027,"precinct":"Esc. Los Sauces I","registered_2026":2943,"tables_2026":13,"coordinate_source":"OEP_2026_archivo_21_municipios","coordinate_year":2026,"match_method":"exact_municipality_locality_precinct","match_score":1,"coordinate_status":"official_2026_source_file","georeference_confidence":"high","metropolitan":true,"estimated_coordinate":false},"geometry":{"type":"Point","coordinates":[-63.179549,-17.728327]}},{"type":"Feature","properties":{"province":"Andrés Ibáñez","municipality":"Santa Cruz de La Sierra","locality":"Santa Cruz de la Sierra","precinct_code":5028,"precinct":"Col. Juan La Borde Morel","registered_2026":3065,"tables_2026":13,"coordinate_source":"OEP_2026_archivo_21_municipios","coordinate_year":2026,"match_method":"exact_municipality_locality_precinct","match_score":1,"coordinate_status":"official_2026_source_file","georeference_confidence":"high","metropolitan":true,"estimated_coordinate":false},"geometry":{"type":"Point","coordinates":[-63.16035,-17.72277]}},{"type":"Feature","properties":{"province":"Andrés Ibáñez","municipality":"Santa Cruz de La Sierra","locality":"Santa Cruz de la Sierra","precinct_code":5029,"precinct":"Col. Arturo Medeiros","registered_2026":3391,"tables_2026":15,"coordinate_source":"OEP_2026_archivo_21_municipios","coordinate_year":2026,"match_method":"exact_municipality_locality_precinct","match_score":1,"coordinate_status":"official_2026_source_file","georeference_confidence":"high","metropolitan":true,"estimated_coordinate":false},"geometry":{"type":"Point","coordinates":[-63.190904,-17.723379]}},{"type":"Feature","properties":{"province":"Andrés Ibáñez","municipality":"Santa Cruz de La Sierra","locality":"Santa Cruz de la Sierra","precinct_code":6000,"precinct":"Col. Sor Maria Cristina Perez","registered_2026":8200,"tables_2026":35,"coordinate_source":"OEP_2026_archivo_21_municipios","coordinate_year":2026,"match_method":"exact_municipality_locality_precinct","match_score":1,"coordinate_status":"official_2026_source_file","georeference_confidence":"high","metropolitan":true,"estimated_coordinate":false},"geometry":{"type":"Point","coordinates":[-63.145322,-17.781357]}},{"type":"Feature","properties":{"province":"Andrés Ibáñez","municipality":"Santa Cruz de La Sierra","locality":"Santa Cruz de la Sierra","precinct_code":6001,"precinct":"U. E. Carlos La Torre","registered_2026":4275,"tables_2026":18,"coordinate_source":"OEP_2026_archivo_21_municipios","coordinate_year":2026,"match_method":"exact_municipality_locality_precinct","match_score":1,"coordinate_status":"official_2026_source_file","georeference_confidence":"high","metropolitan":true,"estimated_coordinate":false},"geometry":{"type":"Point","coordinates":[-63.12363,-17.77396]}},{"type":"Feature","properties":{"province":"Andrés Ibáñez","municipality":"Santa Cruz de La Sierra","locality":"Santa Cruz de la Sierra","precinct_code":6002,"precinct":"Col. Pampa De La Isla","registered_2026":2409,"tables_2026":10,"coordinate_source":"OEP_2026_archivo_21_municipios","coordinate_year":2026,"match_method":"exact_municipality_locality_precinct","match_score":1,"coordinate_status":"official_2026_source_file","georeference_confidence":"high","metropolitan":true,"estimated_coordinate":false},"geometry":{"type":"Point","coordinates":[-63.12679,-17.77277]}},{"type":"Feature","properties":{"province":"Andrés Ibáñez","municipality":"Santa Cruz de La Sierra","locality":"Santa Cruz de la Sierra","precinct_code":6003,"precinct":"Colegio San Felipe","registered_2026":6713,"tables_2026":28,"coordinate_source":"OEP_2026_archivo_21_municipios","coordinate_year":2026,"match_method":"exact_municipality_locality_precinct","match_score":1,"coordinate_status":"official_2026_source_file","georeference_confidence":"high","metropolitan":true,"estimated_coordinate":false},"geometry":{"type":"Point","coordinates":[-63.122998,-17.76667]}},{"type":"Feature","properties":{"province":"Andrés Ibáñez","municipality":"Santa Cruz de La Sierra","locality":"Santa Cruz de la Sierra","precinct_code":6004,"precinct":"Col.  Pedro Añez","registered_2026":5435,"tables_2026":23,"coordinate_source":"OEP_2026_archivo_21_municipios","coordinate_year":2026,"match_method":"exact_municipality_locality_precinct","match_score":1,"coordinate_status":"official_2026_source_file","georeference_confidence":"high","metropolitan":true,"estimated_coordinate":false},"geometry":{"type":"Point","coordinates":[-63.11894,-17.76698]}},{"type":"Feature","properties":{"province":"Andrés Ibáñez","municipality":"Santa Cruz de La Sierra","locality":"Santa Cruz de la Sierra","precinct_code":6005,"precinct":"U.E. 23 de Diciembre J. Carlos Truji","registered_2026":3195,"tables_2026":14,"coordinate_source":"OEP_2026_archivo_21_municipios","coordinate_year":2026,"match_method":"exact_municipality_locality_precinct","match_score":1,"coordinate_status":"official_2026_source_file","georeference_confidence":"high","metropolitan":true,"estimated_coordinate":false},"geometry":{"type":"Point","coordinates":[-63.11529,-17.76983]}},{"type":"Feature","properties":{"province":"Andrés Ibáñez","municipality":"Santa Cruz de La Sierra","locality":"Santa Cruz de la Sierra","precinct_code":6006,"precinct":"U.E. Elvira Parada A","registered_2026":2668,"tables_2026":12,"coordinate_source":"OEP_2026_archivo_21_municipios","coordinate_year":2026,"match_method":"exact_municipality_locality_precinct","match_score":1,"coordinate_status":"official_2026_source_file","georeference_confidence":"high","metropolitan":true,"estimated_coordinate":false},"geometry":{"type":"Point","coordinates":[-63.12992,-17.75476]}},{"type":"Feature","properties":{"province":"Andrés Ibáñez","municipality":"Santa Cruz de La Sierra","locality":"Santa Cruz de la Sierra","precinct_code":6008,"precinct":"Col. Educativo Cotoca","registered_2026":4813,"tables_2026":20,"coordinate_source":"OEP_2026_archivo_21_municipios","coordinate_year":2026,"match_method":"exact_municipality_locality_precinct","match_score":1,"coordinate_status":"official_2026_source_file","georeference_confidence":"high","metropolitan":true,"estimated_coordinate":false},"geometry":{"type":"Point","coordinates":[-63.11758,-17.74604]}},{"type":"Feature","properties":{"province":"Andrés Ibáñez","municipality":"Santa Cruz de La Sierra","locality":"Santa Cruz de la Sierra","precinct_code":6010,"precinct":"Col. Unidad Educativa España","registered_2026":3296,"tables_2026":14,"coordinate_source":"OEP_2026_archivo_21_municipios","coordinate_year":2026,"match_method":"exact_municipality_locality_precinct","match_score":1,"coordinate_status":"official_2026_source_file","georeference_confidence":"high","metropolitan":true,"estimated_coordinate":false},"geometry":{"type":"Point","coordinates":[-63.11751,-17.77592]}},{"type":"Feature","properties":{"province":"Andrés Ibáñez","municipality":"Santa Cruz de La Sierra","locality":"Santa Cruz de la Sierra","precinct_code":6015,"precinct":"Col. Esc. Gral. Ismael Montes Gamboa","registered_2026":5393,"tables_2026":23,"coordinate_source":"OEP_2026_archivo_21_municipios","coordinate_year":2026,"match_method":"exact_municipality_locality_precinct","match_score":1,"coordinate_status":"official_2026_source_file","georeference_confidence":"high","metropolitan":true,"estimated_coordinate":false},"geometry":{"type":"Point","coordinates":[-63.109784,-17.744658]}},{"type":"Feature","properties":{"province":"Andrés Ibáñez","municipality":"Santa Cruz de La Sierra","locality":"Santa Cruz de la Sierra","precinct_code":6016,"precinct":"Colegio  23 de Abril","registered_2026":2785,"tables_2026":12,"coordinate_source":"OEP_2026_archivo_21_municipios","coordinate_year":2026,"match_method":"exact_municipality_locality_precinct","match_score":1,"coordinate_status":"official_2026_source_file","georeference_confidence":"high","metropolitan":true,"estimated_coordinate":false},"geometry":{"type":"Point","coordinates":[-63.14577,-17.748562]}},{"type":"Feature","properties":{"province":"Andrés Ibáñez","municipality":"Santa Cruz de La Sierra","locality":"Santa Cruz de la Sierra","precinct_code":6020,"precinct":"U.E. El Dorado Norte","registered_2026":8479,"tables_2026":36,"coordinate_source":"OEP_2026_archivo_21_municipios","coordinate_year":2026,"match_method":"exact_municipality_locality_precinct","match_score":1,"coordinate_status":"official_2026_source_file","georeference_confidence":"high","metropolitan":true,"estimated_coordinate":false},"geometry":{"type":"Point","coordinates":[-63.09708,-17.73737]}},{"type":"Feature","properties":{"province":"Andrés Ibáñez","municipality":"Santa Cruz de La Sierra","locality":"Santa Cruz de la Sierra","precinct_code":6021,"precinct":"Esc. Mamerto Cuellar Costa","registered_2026":3910,"tables_2026":17,"coordinate_source":"OEP_2026_archivo_21_municipios","coordinate_year":2026,"match_method":"exact_municipality_locality_precinct","match_score":1,"coordinate_status":"official_2026_source_file","georeference_confidence":"high","metropolitan":true,"estimated_coordinate":false},"geometry":{"type":"Point","coordinates":[-63.16402,-17.69388]}},{"type":"Feature","properties":{"province":"Andrés Ibáñez","municipality":"Santa Cruz de La Sierra","locality":"Santa Cruz de la Sierra","precinct_code":6022,"precinct":"Escuela 1ro. de Mayo","registered_2026":2110,"tables_2026":9,"coordinate_source":"OEP_2026_archivo_21_municipios","coordinate_year":2026,"match_method":"exact_municipality_locality_precinct","match_score":1,"coordinate_status":"official_2026_source_file","georeference_confidence":"high","metropolitan":true,"estimated_coordinate":false},"geometry":{"type":"Point","coordinates":[-63.155906,-17.725733]}},{"type":"Feature","properties":{"province":"Andrés Ibáñez","municipality":"Santa Cruz de La Sierra","locality":"Santa Cruz de la Sierra","precinct_code":7000,"precinct":"Col. Educativo San Isidro","registered_2026":6255,"tables_2026":26,"coordinate_source":"OEP_2026_archivo_21_municipios","coordinate_year":2026,"match_method":"exact_municipality_locality_precinct","match_score":1,"coordinate_status":"official_2026_source_file","georeference_confidence":"high","metropolitan":true,"estimated_coordinate":false},"geometry":{"type":"Point","coordinates":[-63.13194,-17.80816]}},{"type":"Feature","properties":{"province":"Andrés Ibáñez","municipality":"Santa Cruz de La Sierra","locality":"Santa Cruz de la Sierra","precinct_code":7001,"precinct":"U.E. Santa Cruz De La Sierra Fe Y Alegria","registered_2026":5379,"tables_2026":23,"coordinate_source":"OEP_2026_archivo_21_municipios","coordinate_year":2026,"match_method":"exact_municipality_locality_precinct","match_score":1,"coordinate_status":"official_2026_source_file","georeference_confidence":"high","metropolitan":true,"estimated_coordinate":false},"geometry":{"type":"Point","coordinates":[-63.13117,-17.79493]}},{"type":"Feature","properties":{"province":"Andrés Ibáñez","municipality":"Santa Cruz de La Sierra","locality":"Santa Cruz de la Sierra","precinct_code":7003,"precinct":"Col. Felix Bascope","registered_2026":4309,"tables_2026":18,"coordinate_source":"OEP_2026_archivo_21_municipios","coordinate_year":2026,"match_method":"exact_municipality_locality_precinct","match_score":1,"coordinate_status":"official_2026_source_file","georeference_confidence":"high","metropolitan":true,"estimated_coordinate":false},"geometry":{"type":"Point","coordinates":[-63.14538,-17.79648]}},{"type":"Feature","properties":{"province":"Andrés Ibáñez","municipality":"Santa Cruz de La Sierra","locality":"Santa Cruz de la Sierra","precinct_code":7004,"precinct":"Col. 30 de Marzo","registered_2026":4099,"tables_2026":17,"coordinate_source":"OEP_2026_archivo_21_municipios","coordinate_year":2026,"match_method":"exact_municipality_locality_precinct","match_score":1,"coordinate_status":"official_2026_source_file","georeference_confidence":"high","metropolitan":true,"estimated_coordinate":false},"geometry":{"type":"Point","coordinates":[-63.14708,-17.80647]}},{"type":"Feature","properties":{"province":"Andrés Ibáñez","municipality":"Santa Cruz de La Sierra","locality":"Santa Cruz de la Sierra","precinct_code":7005,"precinct":"Col. Heroes Del Chaco","registered_2026":5297,"tables_2026":22,"coordinate_source":"OEP_2026_archivo_21_municipios","coordinate_year":2026,"match_method":"exact_municipality_locality_precinct","match_score":1,"coordinate_status":"official_2026_source_file","georeference_confidence":"high","metropolitan":true,"estimated_coordinate":false},"geometry":{"type":"Point","coordinates":[-63.144536,-17.801187]}},{"type":"Feature","properties":{"province":"Andrés Ibáñez","municipality":"Santa Cruz de La Sierra","locality":"Santa Cruz de la Sierra","precinct_code":7006,"precinct":"Col. San Silvestre","registered_2026":6085,"tables_2026":26,"coordinate_source":"OEP_2026_archivo_21_municipios","coordinate_year":2026,"match_method":"exact_municipality_locality_precinct","match_score":1,"coordinate_status":"official_2026_source_file","georeference_confidence":"high","metropolitan":true,"estimated_coordinate":false},"geometry":{"type":"Point","coordinates":[-63.11408,-17.81204]}},{"type":"Feature","properties":{"province":"Andrés Ibáñez","municipality":"Santa Cruz de La Sierra","locality":"Santa Cruz de la Sierra","precinct_code":7007,"precinct":"Col. Angela Pinckert","registered_2026":6961,"tables_2026":29,"coordinate_source":"OEP_2026_archivo_21_municipios","coordinate_year":2026,"match_method":"exact_municipality_locality_precinct","match_score":1,"coordinate_status":"official_2026_source_file","georeference_confidence":"high","metropolitan":true,"estimated_coordinate":false},"geometry":{"type":"Point","coordinates":[-63.12423,-17.80643]}},{"type":"Feature","properties":{"province":"Andrés Ibáñez","municipality":"Santa Cruz de La Sierra","locality":"Santa Cruz de la Sierra","precinct_code":7008,"precinct":"U.E. 27 de mayo","registered_2026":2956,"tables_2026":13,"coordinate_source":"OEP_2026_archivo_21_municipios","coordinate_year":2026,"match_method":"exact_municipality_locality_precinct","match_score":1,"coordinate_status":"official_2026_source_file","georeference_confidence":"high","metropolitan":true,"estimated_coordinate":false},"geometry":{"type":"Point","coordinates":[-63.130241,-17.802284]}},{"type":"Feature","properties":{"province":"Andrés Ibáñez","municipality":"Santa Cruz de La Sierra","locality":"Santa Cruz de la Sierra","precinct_code":7009,"precinct":"Col. Gilberto Menacho","registered_2026":3738,"tables_2026":16,"coordinate_source":"OEP_2026_archivo_21_municipios","coordinate_year":2026,"match_method":"exact_municipality_locality_precinct","match_score":1,"coordinate_status":"official_2026_source_file","georeference_confidence":"high","metropolitan":true,"estimated_coordinate":false},"geometry":{"type":"Point","coordinates":[-63.12507,-17.79899]}},{"type":"Feature","properties":{"province":"Andrés Ibáñez","municipality":"Santa Cruz de La Sierra","locality":"Santa Cruz de la Sierra","precinct_code":7010,"precinct":"U.E.  Kinder 27 de Mayo","registered_2026":3037,"tables_2026":13,"coordinate_source":"OEP_2026_archivo_21_municipios","coordinate_year":2026,"match_method":"exact_municipality_locality_precinct","match_score":1,"coordinate_status":"official_2026_source_file","georeference_confidence":"high","metropolitan":true,"estimated_coordinate":false},"geometry":{"type":"Point","coordinates":[-63.128804,-17.802387]}},{"type":"Feature","properties":{"province":"Andrés Ibáñez","municipality":"Santa Cruz de La Sierra","locality":"Santa Cruz de la Sierra","precinct_code":7011,"precinct":"Col. Bertha Cuellar","registered_2026":5389,"tables_2026":23,"coordinate_source":"OEP_2026_archivo_21_municipios","coordinate_year":2026,"match_method":"exact_municipality_locality_precinct","match_score":1,"coordinate_status":"official_2026_source_file","georeference_confidence":"high","metropolitan":true,"estimated_coordinate":false},"geometry":{"type":"Point","coordinates":[-63.136761,-17.789797]}},{"type":"Feature","properties":{"province":"Andrés Ibáñez","municipality":"Santa Cruz de La Sierra","locality":"Santa Cruz de la Sierra","precinct_code":7012,"precinct":"Col. Pampa De La Cruz","registered_2026":2859,"tables_2026":12,"coordinate_source":"OEP_2026_archivo_21_municipios","coordinate_year":2026,"match_method":"exact_municipality_locality_precinct","match_score":1,"coordinate_status":"official_2026_source_file","georeference_confidence":"high","metropolitan":true,"estimated_coordinate":false},"geometry":{"type":"Point","coordinates":[-63.12878,-17.79276]}},{"type":"Feature","properties":{"province":"Andrés Ibáñez","municipality":"Santa Cruz de La Sierra","locality":"Santa Cruz de la Sierra","precinct_code":7013,"precinct":"Col. 18 de Marzo","registered_2026":6709,"tables_2026":28,"coordinate_source":"OEP_2026_archivo_21_municipios","coordinate_year":2026,"match_method":"exact_municipality_locality_precinct","match_score":1,"coordinate_status":"official_2026_source_file","georeference_confidence":"high","metropolitan":true,"estimated_coordinate":false},"geometry":{"type":"Point","coordinates":[-63.12068,-17.78999]}},{"type":"Feature","properties":{"province":"Andrés Ibáñez","municipality":"Santa Cruz de La Sierra","locality":"Santa Cruz de la Sierra","precinct_code":7014,"precinct":"Col. Fausto Medrano","registered_2026":3093,"tables_2026":13,"coordinate_source":"OEP_2026_archivo_21_municipios","coordinate_year":2026,"match_method":"exact_municipality_locality_precinct","match_score":1,"coordinate_status":"official_2026_source_file","georeference_confidence":"high","metropolitan":true,"estimated_coordinate":false},"geometry":{"type":"Point","coordinates":[-63.12659,-17.78748]}},{"type":"Feature","properties":{"province":"Andrés Ibáñez","municipality":"Santa Cruz de La Sierra","locality":"Santa Cruz de la Sierra","precinct_code":7015,"precinct":"Col. Batallon Tren","registered_2026":1797,"tables_2026":8,"coordinate_source":"OEP_2026_archivo_21_municipios","coordinate_year":2026,"match_method":"exact_municipality_locality_precinct","match_score":1,"coordinate_status":"official_2026_source_file","georeference_confidence":"high","metropolitan":true,"estimated_coordinate":false},"geometry":{"type":"Point","coordinates":[-63.12371,-17.79344]}},{"type":"Feature","properties":{"province":"Andrés Ibáñez","municipality":"Santa Cruz de La Sierra","locality":"Santa Cruz de la Sierra","precinct_code":7017,"precinct":"Col. Nimia Centella","registered_2026":3960,"tables_2026":17,"coordinate_source":"OEP_2026_archivo_21_municipios","coordinate_year":2026,"match_method":"exact_municipality_locality_precinct","match_score":1,"coordinate_status":"official_2026_source_file","georeference_confidence":"high","metropolitan":true,"estimated_coordinate":false},"geometry":{"type":"Point","coordinates":[-63.11775,-17.78436]}},{"type":"Feature","properties":{"province":"Andrés Ibáñez","municipality":"Santa Cruz de La Sierra","locality":"Santa Cruz de la Sierra","precinct_code":7018,"precinct":"Col. Guapilo Junin","registered_2026":4029,"tables_2026":17,"coordinate_source":"OEP_2026_archivo_21_municipios","coordinate_year":2026,"match_method":"exact_municipality_locality_precinct","match_score":1,"coordinate_status":"official_2026_source_file","georeference_confidence":"high","metropolitan":true,"estimated_coordinate":false},"geometry":{"type":"Point","coordinates":[-63.10236,-17.79171]}},{"type":"Feature","properties":{"province":"Andrés Ibáñez","municipality":"Santa Cruz de La Sierra","locality":"Santa Cruz de la Sierra","precinct_code":7019,"precinct":"Col. Madre Clara Ricci (Jesus Roman Vaca","registered_2026":2637,"tables_2026":11,"coordinate_source":"OEP_2026_archivo_21_municipios","coordinate_year":2026,"match_method":"exact_municipality_locality_precinct","match_score":1,"coordinate_status":"official_2026_source_file","georeference_confidence":"high","metropolitan":true,"estimated_coordinate":false},"geometry":{"type":"Point","coordinates":[-63.14016,-17.79584]}},{"type":"Feature","properties":{"province":"Andrés Ibáñez","municipality":"Santa Cruz de La Sierra","locality":"Santa Cruz de la Sierra","precinct_code":7020,"precinct":"Col. Humberto Eguez","registered_2026":4415,"tables_2026":19,"coordinate_source":"OEP_2026_archivo_21_municipios","coordinate_year":2026,"match_method":"exact_municipality_locality_precinct","match_score":1,"coordinate_status":"official_2026_source_file","georeference_confidence":"high","metropolitan":true,"estimated_coordinate":false},"geometry":{"type":"Point","coordinates":[-63.11185,-17.79594]}},{"type":"Feature","properties":{"province":"Andrés Ibáñez","municipality":"Santa Cruz de La Sierra","locality":"Santa Cruz de la Sierra","precinct_code":7021,"precinct":"Col. Alan Farah","registered_2026":3283,"tables_2026":14,"coordinate_source":"OEP_2026_archivo_21_municipios","coordinate_year":2026,"match_method":"exact_municipality_locality_precinct","match_score":1,"coordinate_status":"official_2026_source_file","georeference_confidence":"high","metropolitan":true,"estimated_coordinate":false},"geometry":{"type":"Point","coordinates":[-63.0952,-17.79962]}},{"type":"Feature","properties":{"province":"Andrés Ibáñez","municipality":"Santa Cruz de La Sierra","locality":"Santa Cruz de la Sierra","precinct_code":7022,"precinct":"U.E. Nuevo Horizonte","registered_2026":4600,"tables_2026":20,"coordinate_source":"OEP_2026_archivo_21_municipios","coordinate_year":2026,"match_method":"exact_municipality_locality_precinct","match_score":1,"coordinate_status":"official_2026_source_file","georeference_confidence":"high","metropolitan":true,"estimated_coordinate":false},"geometry":{"type":"Point","coordinates":[-63.10971,-17.73058]}},{"type":"Feature","properties":{"province":"Andrés Ibáñez","municipality":"Santa Cruz de La Sierra","locality":"Santa Cruz de la Sierra","precinct_code":7023,"precinct":"Col. Central Obrera Departamental","registered_2026":6040,"tables_2026":26,"coordinate_source":"OEP_2026_archivo_21_municipios","coordinate_year":2026,"match_method":"exact_municipality_locality_precinct","match_score":1,"coordinate_status":"official_2026_source_file","georeference_confidence":"high","metropolitan":true,"estimated_coordinate":false},"geometry":{"type":"Point","coordinates":[-63.103957,-17.808349]}},{"type":"Feature","properties":{"province":"Andrés Ibáñez","municipality":"Santa Cruz de La Sierra","locality":"Santa Cruz de la Sierra","precinct_code":7024,"precinct":"U. E. El Retoño","registered_2026":3976,"tables_2026":17,"coordinate_source":"OEP_2026_archivo_21_municipios","coordinate_year":2026,"match_method":"exact_municipality_locality_precinct","match_score":1,"coordinate_status":"official_2026_source_file","georeference_confidence":"high","metropolitan":true,"estimated_coordinate":false},"geometry":{"type":"Point","coordinates":[-63.07298,-17.73956]}},{"type":"Feature","properties":{"province":"Andrés Ibáñez","municipality":"Santa Cruz de La Sierra","locality":"Santa Cruz de la Sierra","precinct_code":7025,"precinct":"U.E. Alfredo Barbery Chavez A","registered_2026":7083,"tables_2026":30,"coordinate_source":"OEP_2026_archivo_21_municipios","coordinate_year":2026,"match_method":"exact_municipality_locality_precinct","match_score":1,"coordinate_status":"official_2026_source_file","georeference_confidence":"high","metropolitan":true,"estimated_coordinate":false},"geometry":{"type":"Point","coordinates":[-63.117965,-17.753441]}},{"type":"Feature","properties":{"province":"Andrés Ibáñez","municipality":"Santa Cruz de La Sierra","locality":"Santa Cruz de la Sierra","precinct_code":7027,"precinct":"U.E. 26 De Septiembre","registered_2026":7371,"tables_2026":31,"coordinate_source":"OEP_2026_archivo_21_municipios","coordinate_year":2026,"match_method":"exact_municipality_locality_precinct","match_score":1,"coordinate_status":"official_2026_source_file","georeference_confidence":"high","metropolitan":true,"estimated_coordinate":false},"geometry":{"type":"Point","coordinates":[-63.10361,-17.72374]}},{"type":"Feature","properties":{"province":"Andrés Ibáñez","municipality":"Santa Cruz de La Sierra","locality":"Santa Cruz de la Sierra","precinct_code":8000,"precinct":"U.E. Delcy Martinez","registered_2026":1618,"tables_2026":7,"coordinate_source":"OEP_2026_archivo_21_municipios","coordinate_year":2026,"match_method":"exact_municipality_locality_precinct","match_score":1,"coordinate_status":"official_2026_source_file","georeference_confidence":"high","metropolitan":true,"estimated_coordinate":false},"geometry":{"type":"Point","coordinates":[-63.15478,-17.84095]}},{"type":"Feature","properties":{"province":"Andrés Ibáñez","municipality":"Santa Cruz de La Sierra","locality":"Santa Cruz de la Sierra","precinct_code":8001,"precinct":"Col. Esc. Roca Coronado","registered_2026":2142,"tables_2026":9,"coordinate_source":"OEP_2026_archivo_21_municipios","coordinate_year":2026,"match_method":"exact_municipality_locality_precinct","match_score":1,"coordinate_status":"official_2026_source_file","georeference_confidence":"high","metropolitan":true,"estimated_coordinate":false},"geometry":{"type":"Point","coordinates":[-63.15992,-17.83748]}},{"type":"Feature","properties":{"province":"Andrés Ibáñez","municipality":"Santa Cruz de La Sierra","locality":"Santa Cruz de la Sierra","precinct_code":8002,"precinct":"Colegio Martin Sapp","registered_2026":2038,"tables_2026":9,"coordinate_source":"OEP_2026_archivo_21_municipios","coordinate_year":2026,"match_method":"exact_municipality_locality_precinct","match_score":1,"coordinate_status":"official_2026_source_file","georeference_confidence":"high","metropolitan":true,"estimated_coordinate":false},"geometry":{"type":"Point","coordinates":[-63.174668,-17.825119]}},{"type":"Feature","properties":{"province":"Andrés Ibáñez","municipality":"Santa Cruz de La Sierra","locality":"Santa Cruz de la Sierra","precinct_code":8003,"precinct":"Col. Rodolfo Joem","registered_2026":3462,"tables_2026":15,"coordinate_source":"OEP_2026_archivo_21_municipios","coordinate_year":2026,"match_method":"exact_municipality_locality_precinct","match_score":1,"coordinate_status":"official_2026_source_file","georeference_confidence":"high","metropolitan":true,"estimated_coordinate":false},"geometry":{"type":"Point","coordinates":[-63.16545,-17.82204]}},{"type":"Feature","properties":{"province":"Andrés Ibáñez","municipality":"Santa Cruz de La Sierra","locality":"Santa Cruz de la Sierra","precinct_code":8004,"precinct":"Col. Cañada Pailitas","registered_2026":2826,"tables_2026":12,"coordinate_source":"OEP_2026_archivo_21_municipios","coordinate_year":2026,"match_method":"exact_municipality_locality_precinct","match_score":1,"coordinate_status":"official_2026_source_file","georeference_confidence":"high","metropolitan":true,"estimated_coordinate":false},"geometry":{"type":"Point","coordinates":[-63.14665,-17.81992]}},{"type":"Feature","properties":{"province":"Andrés Ibáñez","municipality":"Santa Cruz de La Sierra","locality":"Santa Cruz de la Sierra","precinct_code":8005,"precinct":"Col. Buenas Nuevas","registered_2026":7447,"tables_2026":31,"coordinate_source":"OEP_2026_archivo_21_municipios","coordinate_year":2026,"match_method":"exact_municipality_locality_precinct","match_score":1,"coordinate_status":"official_2026_source_file","georeference_confidence":"high","metropolitan":true,"estimated_coordinate":false},"geometry":{"type":"Point","coordinates":[-63.13937,-17.8226]}},{"type":"Feature","properties":{"province":"Andrés Ibáñez","municipality":"Santa Cruz de La Sierra","locality":"Santa Cruz de la Sierra","precinct_code":8006,"precinct":"Col. 12 de Diciembre","registered_2026":7279,"tables_2026":31,"coordinate_source":"OEP_2026_archivo_21_municipios","coordinate_year":2026,"match_method":"exact_municipality_locality_precinct","match_score":1,"coordinate_status":"official_2026_source_file","georeference_confidence":"high","metropolitan":true,"estimated_coordinate":false},"geometry":{"type":"Point","coordinates":[-63.130682,-17.820995]}},{"type":"Feature","properties":{"province":"Andrés Ibáñez","municipality":"Santa Cruz de La Sierra","locality":"Santa Cruz de la Sierra","precinct_code":8007,"precinct":"U.E. 25 de Diciembre","registered_2026":2419,"tables_2026":10,"coordinate_source":"OEP_2026_archivo_21_municipios","coordinate_year":2026,"match_method":"exact_municipality_locality_precinct","match_score":1,"coordinate_status":"official_2026_source_file","georeference_confidence":"high","metropolitan":true,"estimated_coordinate":false},"geometry":{"type":"Point","coordinates":[-63.14124,-17.81471]}},{"type":"Feature","properties":{"province":"Andrés Ibáñez","municipality":"Santa Cruz de La Sierra","locality":"Santa Cruz de la Sierra","precinct_code":8008,"precinct":"Colegio Simon Bolivar","registered_2026":5265,"tables_2026":22,"coordinate_source":"OEP_2026_archivo_21_municipios","coordinate_year":2026,"match_method":"exact_municipality_locality_precinct","match_score":1,"coordinate_status":"official_2026_source_file","georeference_confidence":"high","metropolitan":true,"estimated_coordinate":false},"geometry":{"type":"Point","coordinates":[-63.1228,-17.82358]}},{"type":"Feature","properties":{"province":"Andrés Ibáñez","municipality":"Santa Cruz de La Sierra","locality":"Santa Cruz de la Sierra","precinct_code":8009,"precinct":"Col. M. Nelly Vda. De Bertero","registered_2026":2148,"tables_2026":9,"coordinate_source":"OEP_2026_archivo_21_municipios","coordinate_year":2026,"match_method":"exact_municipality_locality_precinct","match_score":1,"coordinate_status":"official_2026_source_file","georeference_confidence":"high","metropolitan":true,"estimated_coordinate":false},"geometry":{"type":"Point","coordinates":[-63.11536,-17.81427]}},{"type":"Feature","properties":{"province":"Andrés Ibáñez","municipality":"Santa Cruz de La Sierra","locality":"Santa Cruz de la Sierra","precinct_code":8010,"precinct":"Colegio Villa Gladys Theveneth","registered_2026":5287,"tables_2026":22,"coordinate_source":"OEP_2026_archivo_21_municipios","coordinate_year":2026,"match_method":"exact_municipality_locality_precinct","match_score":1,"coordinate_status":"official_2026_source_file","georeference_confidence":"high","metropolitan":true,"estimated_coordinate":false},"geometry":{"type":"Point","coordinates":[-63.11954,-17.82021]}},{"type":"Feature","properties":{"province":"Andrés Ibáñez","municipality":"Santa Cruz de La Sierra","locality":"Santa Cruz de la Sierra","precinct_code":8011,"precinct":"Col. Fe y Alegria Nueva America","registered_2026":5413,"tables_2026":23,"coordinate_source":"OEP_2026_archivo_21_municipios","coordinate_year":2026,"match_method":"exact_municipality_locality_precinct","match_score":1,"coordinate_status":"official_2026_source_file","georeference_confidence":"high","metropolitan":true,"estimated_coordinate":false},"geometry":{"type":"Point","coordinates":[-63.13412,-17.82978]}},{"type":"Feature","properties":{"province":"Andrés Ibáñez","municipality":"Santa Cruz de La Sierra","locality":"Santa Cruz de la Sierra","precinct_code":8012,"precinct":"Col. Maria Teresa Pulido","registered_2026":5263,"tables_2026":22,"coordinate_source":"OEP_2026_archivo_21_municipios","coordinate_year":2026,"match_method":"exact_municipality_locality_precinct","match_score":1,"coordinate_status":"official_2026_source_file","georeference_confidence":"high","metropolitan":true,"estimated_coordinate":false},"geometry":{"type":"Point","coordinates":[-63.1305,-17.8336]}},{"type":"Feature","properties":{"province":"Andrés Ibáñez","municipality":"Santa Cruz de La Sierra","locality":"Santa Cruz de la Sierra","precinct_code":8015,"precinct":"Col. Centro Interno Bol. Aleman","registered_2026":5109,"tables_2026":22,"coordinate_source":"OEP_2026_archivo_21_municipios","coordinate_year":2026,"match_method":"exact_municipality_locality_precinct","match_score":1,"coordinate_status":"official_2026_source_file","georeference_confidence":"high","metropolitan":true,"estimated_coordinate":false},"geometry":{"type":"Point","coordinates":[-63.127871,-17.826084]}},{"type":"Feature","properties":{"province":"Andrés Ibáñez","municipality":"Santa Cruz de La Sierra","locality":"Santa Cruz de la Sierra","precinct_code":8016,"precinct":"Col. Esc. Virgen De Urkupina","registered_2026":7313,"tables_2026":31,"coordinate_source":"OEP_2026_archivo_21_municipios","coordinate_year":2026,"match_method":"exact_municipality_locality_precinct","match_score":1,"coordinate_status":"official_2026_source_file","georeference_confidence":"high","metropolitan":true,"estimated_coordinate":false},"geometry":{"type":"Point","coordinates":[-63.115082,-17.836821]}},{"type":"Feature","properties":{"province":"Andrés Ibáñez","municipality":"Santa Cruz de La Sierra","locality":"Santa Cruz de la Sierra","precinct_code":8017,"precinct":"Col. Primavera","registered_2026":6214,"tables_2026":26,"coordinate_source":"OEP_2026_archivo_21_municipios","coordinate_year":2026,"match_method":"exact_municipality_locality_precinct","match_score":1,"coordinate_status":"official_2026_source_file","georeference_confidence":"high","metropolitan":true,"estimated_coordinate":false},"geometry":{"type":"Point","coordinates":[-63.1032,-17.81673]}},{"type":"Feature","properties":{"province":"Andrés Ibáñez","municipality":"Santa Cruz de La Sierra","locality":"Santa Cruz de la Sierra","precinct_code":8018,"precinct":"Col. Rafael Bustillos","registered_2026":3650,"tables_2026":16,"coordinate_source":"OEP_2026_archivo_21_municipios","coordinate_year":2026,"match_method":"exact_municipality_locality_precinct","match_score":1,"coordinate_status":"official_2026_source_file","georeference_confidence":"high","metropolitan":true,"estimated_coordinate":false},"geometry":{"type":"Point","coordinates":[-63.12329,-17.81418]}},{"type":"Feature","properties":{"province":"Andrés Ibáñez","municipality":"Santa Cruz de La Sierra","locality":"Santa Cruz de la Sierra","precinct_code":8020,"precinct":"Col. Esc. Inocencio Roman","registered_2026":1131,"tables_2026":5,"coordinate_source":"OEP_2026_archivo_21_municipios","coordinate_year":2026,"match_method":"exact_municipality_locality_precinct","match_score":1,"coordinate_status":"official_2026_source_file","georeference_confidence":"high","metropolitan":true,"estimated_coordinate":false},"geometry":{"type":"Point","coordinates":[-63.06305,-17.85023]}},{"type":"Feature","properties":{"province":"Andrés Ibáñez","municipality":"Santa Cruz de La Sierra","locality":"Santa Cruz de la Sierra","precinct_code":8023,"precinct":"Col. Castilla La Mancha","registered_2026":7348,"tables_2026":31,"coordinate_source":"OEP_2026_archivo_21_municipios","coordinate_year":2026,"match_method":"exact_municipality_locality_precinct","match_score":1,"coordinate_status":"official_2026_source_file","georeference_confidence":"high","metropolitan":true,"estimated_coordinate":false},"geometry":{"type":"Point","coordinates":[-63.090372,-17.847368]}},{"type":"Feature","properties":{"province":"Andrés Ibáñez","municipality":"Santa Cruz de La Sierra","locality":"Santa Cruz de la Sierra","precinct_code":8024,"precinct":"Col. Luis Barranco Alvarez","registered_2026":1895,"tables_2026":8,"coordinate_source":"OEP_2026_archivo_21_municipios","coordinate_year":2026,"match_method":"exact_municipality_locality_precinct","match_score":1,"coordinate_status":"official_2026_source_file","georeference_confidence":"high","metropolitan":true,"estimated_coordinate":false},"geometry":{"type":"Point","coordinates":[-63.12068,-17.84258]}},{"type":"Feature","properties":{"province":"Andrés Ibáñez","municipality":"Santa Cruz de La Sierra","locality":"Santa Cruz de la Sierra","precinct_code":8026,"precinct":"Col. El Buen Samaritano","registered_2026":4901,"tables_2026":21,"coordinate_source":"OEP_2026_archivo_21_municipios","coordinate_year":2026,"match_method":"exact_municipality_locality_precinct","match_score":1,"coordinate_status":"official_2026_source_file","georeference_confidence":"high","metropolitan":true,"estimated_coordinate":false},"geometry":{"type":"Point","coordinates":[-63.08056,-17.81198]}},{"type":"Feature","properties":{"province":"Andrés Ibáñez","municipality":"Santa Cruz de La Sierra","locality":"Santa Cruz de la Sierra","precinct_code":9000,"precinct":"Col. San Pablo","registered_2026":963,"tables_2026":4,"coordinate_source":"OEP_2026_archivo_21_municipios","coordinate_year":2026,"match_method":"exact_municipality_locality_precinct","match_score":1,"coordinate_status":"official_2026_source_file","georeference_confidence":"high","metropolitan":true,"estimated_coordinate":false},"geometry":{"type":"Point","coordinates":[-63.189671,-17.836934]}},{"type":"Feature","properties":{"province":"Andrés Ibáñez","municipality":"Santa Cruz de La Sierra","locality":"Santa Cruz de la Sierra","precinct_code":9001,"precinct":"Cárcel Pública","registered_2026":2158,"tables_2026":9,"coordinate_source":"OEP_2026_archivo_21_municipios","coordinate_year":2026,"match_method":"exact_municipality_locality_precinct","match_score":1,"coordinate_status":"official_2026_source_file","georeference_confidence":"high","metropolitan":true,"estimated_coordinate":false},"geometry":{"type":"Point","coordinates":[-63.184996,-17.874649]}},{"type":"Feature","properties":{"province":"Andrés Ibáñez","municipality":"Santa Cruz de La Sierra","locality":"Santa Cruz de la Sierra","precinct_code":9003,"precinct":"Col. Esc. Naun Fernandez","registered_2026":3244,"tables_2026":14,"coordinate_source":"OEP_2026_archivo_21_municipios","coordinate_year":2026,"match_method":"exact_municipality_locality_precinct","match_score":1,"coordinate_status":"official_2026_source_file","georeference_confidence":"high","metropolitan":true,"estimated_coordinate":false},"geometry":{"type":"Point","coordinates":[-63.182249,-17.834894]}},{"type":"Feature","properties":{"province":"Andrés Ibáñez","municipality":"Santa Cruz de La Sierra","locality":"Santa Cruz de la Sierra","precinct_code":9004,"precinct":"Colegio San Jorge","registered_2026":2665,"tables_2026":12,"coordinate_source":"OEP_2026_archivo_21_municipios","coordinate_year":2026,"match_method":"exact_municipality_locality_precinct","match_score":1,"coordinate_status":"official_2026_source_file","georeference_confidence":"high","metropolitan":true,"estimated_coordinate":false},"geometry":{"type":"Point","coordinates":[-63.1956,-17.87261]}},{"type":"Feature","properties":{"province":"Andrés Ibáñez","municipality":"Santa Cruz de La Sierra","locality":"Santa Cruz de la Sierra","precinct_code":9006,"precinct":"UE. El Paraíso","registered_2026":4878,"tables_2026":21,"coordinate_source":"OEP_2026_archivo_21_municipios","coordinate_year":2026,"match_method":"exact_municipality_locality_precinct","match_score":1,"coordinate_status":"official_2026_source_file","georeference_confidence":"high","metropolitan":true,"estimated_coordinate":false},"geometry":{"type":"Point","coordinates":[-63.194089,-17.856406]}},{"type":"Feature","properties":{"province":"Andrés Ibáñez","municipality":"Santa Cruz de La Sierra","locality":"Santa Cruz de la Sierra","precinct_code":9007,"precinct":"Col. Centro Educativo Caritas","registered_2026":5998,"tables_2026":25,"coordinate_source":"OEP_2026_archivo_21_municipios","coordinate_year":2026,"match_method":"exact_municipality_locality_precinct","match_score":1,"coordinate_status":"official_2026_source_file","georeference_confidence":"high","metropolitan":true,"estimated_coordinate":false},"geometry":{"type":"Point","coordinates":[-63.185588,-17.83982]}},{"type":"Feature","properties":{"province":"Andrés Ibáñez","municipality":"Santa Cruz de La Sierra","locality":"Santa Cruz de la Sierra","precinct_code":9008,"precinct":"Colegio Domingo Savio   Don Bosco","registered_2026":5942,"tables_2026":25,"coordinate_source":"OEP_2026_archivo_21_municipios","coordinate_year":2026,"match_method":"exact_municipality_locality_precinct","match_score":1,"coordinate_status":"official_2026_source_file","georeference_confidence":"high","metropolitan":true,"estimated_coordinate":false},"geometry":{"type":"Point","coordinates":[-63.199394,-17.835712]}},{"type":"Feature","properties":{"province":"Andrés Ibáñez","municipality":"Santa Cruz de La Sierra","locality":"Santa Cruz de la Sierra","precinct_code":9009,"precinct":"Col. Hernando Siles","registered_2026":9720,"tables_2026":41,"coordinate_source":"OEP_2026_archivo_21_municipios","coordinate_year":2026,"match_method":"exact_municipality_locality_precinct","match_score":1,"coordinate_status":"official_2026_source_file","georeference_confidence":"high","metropolitan":true,"estimated_coordinate":false},"geometry":{"type":"Point","coordinates":[-63.175753,-17.861553]}},{"type":"Feature","properties":{"province":"Andrés Ibáñez","municipality":"Santa Cruz de La Sierra","locality":"Santa Cruz de la Sierra","precinct_code":9010,"precinct":"Col. Esc. Peregrina Davalos","registered_2026":3850,"tables_2026":16,"coordinate_source":"OEP_2026_archivo_21_municipios","coordinate_year":2026,"match_method":"exact_municipality_locality_precinct","match_score":1,"coordinate_status":"official_2026_source_file","georeference_confidence":"high","metropolitan":true,"estimated_coordinate":false},"geometry":{"type":"Point","coordinates":[-63.16763,-17.87231]}},{"type":"Feature","properties":{"province":"Andrés Ibáñez","municipality":"Santa Cruz de La Sierra","locality":"Santa Cruz de la Sierra","precinct_code":10001,"precinct":"U.E. Union y Progreso","registered_2026":5362,"tables_2026":23,"coordinate_source":"OEP_2026_archivo_21_municipios","coordinate_year":2026,"match_method":"exact_municipality_locality_precinct","match_score":1,"coordinate_status":"official_2026_source_file","georeference_confidence":"high","metropolitan":true,"estimated_coordinate":false},"geometry":{"type":"Point","coordinates":[-63.205388,-17.827022]}},{"type":"Feature","properties":{"province":"Andrés Ibáñez","municipality":"Santa Cruz de La Sierra","locality":"Santa Cruz de la Sierra","precinct_code":10002,"precinct":"Col. Unidad Educativa La Colina","registered_2026":4157,"tables_2026":18,"coordinate_source":"OEP_2026_archivo_21_municipios","coordinate_year":2026,"match_method":"exact_municipality_locality_precinct","match_score":1,"coordinate_status":"official_2026_source_file","georeference_confidence":"high","metropolitan":true,"estimated_coordinate":false},"geometry":{"type":"Point","coordinates":[-63.203112,-17.81892]}},{"type":"Feature","properties":{"province":"Andrés Ibáñez","municipality":"Santa Cruz de La Sierra","locality":"Santa Cruz de la Sierra","precinct_code":10003,"precinct":"Col. Esc. 29 De Diciembre","registered_2026":2155,"tables_2026":9,"coordinate_source":"OEP_2026_archivo_21_municipios","coordinate_year":2026,"match_method":"exact_municipality_locality_precinct","match_score":1,"coordinate_status":"official_2026_source_file","georeference_confidence":"high","metropolitan":true,"estimated_coordinate":false},"geometry":{"type":"Point","coordinates":[-63.213089,-17.81219]}},{"type":"Feature","properties":{"province":"Andrés Ibáñez","municipality":"Santa Cruz de La Sierra","locality":"Santa Cruz de la Sierra","precinct_code":10004,"precinct":"Col. Esc. Hilanderia","registered_2026":3717,"tables_2026":16,"coordinate_source":"OEP_2026_archivo_21_municipios","coordinate_year":2026,"match_method":"exact_municipality_locality_precinct","match_score":1,"coordinate_status":"official_2026_source_file","georeference_confidence":"high","metropolitan":true,"estimated_coordinate":false},"geometry":{"type":"Point","coordinates":[-63.21956,-17.80578]}},{"type":"Feature","properties":{"province":"Andrés Ibáñez","municipality":"Santa Cruz de La Sierra","locality":"Santa Cruz de la Sierra","precinct_code":10007,"precinct":"Col. Escuela Jorge Urenda Trigo","registered_2026":3903,"tables_2026":17,"coordinate_source":"OEP_2026_archivo_21_municipios","coordinate_year":2026,"match_method":"exact_municipality_locality_precinct","match_score":1,"coordinate_status":"official_2026_source_file","georeference_confidence":"high","metropolitan":true,"estimated_coordinate":false},"geometry":{"type":"Point","coordinates":[-63.23063,-17.81518]}},{"type":"Feature","properties":{"province":"Andrés Ibáñez","municipality":"Santa Cruz de La Sierra","locality":"Santa Cruz de la Sierra","precinct_code":10011,"precinct":"Col.  Anita Suarez De Leygue","registered_2026":3298,"tables_2026":14,"coordinate_source":"OEP_2026_archivo_21_municipios","coordinate_year":2026,"match_method":"exact_municipality_locality_precinct","match_score":1,"coordinate_status":"official_2026_source_file","georeference_confidence":"high","metropolitan":true,"estimated_coordinate":false},"geometry":{"type":"Point","coordinates":[-63.252943,-17.822392]}},{"type":"Feature","properties":{"province":"Andrés Ibáñez","municipality":"Santa Cruz de La Sierra","locality":"Santa Cruz de la Sierra","precinct_code":10012,"precinct":"Col. Hermanos Cavanis","registered_2026":5618,"tables_2026":24,"coordinate_source":"OEP_2026_archivo_21_municipios","coordinate_year":2026,"match_method":"exact_municipality_locality_precinct","match_score":1,"coordinate_status":"official_2026_source_file","georeference_confidence":"high","metropolitan":true,"estimated_coordinate":false},"geometry":{"type":"Point","coordinates":[-63.22014,-17.81549]}},{"type":"Feature","properties":{"province":"Andrés Ibáñez","municipality":"Santa Cruz de La Sierra","locality":"Santa Cruz de la Sierra","precinct_code":10013,"precinct":"Col. Internacional (Bethesda)","registered_2026":3588,"tables_2026":15,"coordinate_source":"OEP_2026_archivo_21_municipios","coordinate_year":2026,"match_method":"exact_municipality_locality_precinct","match_score":1,"coordinate_status":"official_2026_source_file","georeference_confidence":"high","metropolitan":true,"estimated_coordinate":false},"geometry":{"type":"Point","coordinates":[-63.220349,-17.829402]}},{"type":"Feature","properties":{"province":"Andrés Ibáñez","municipality":"Santa Cruz de La Sierra","locality":"Santa Cruz de la Sierra","precinct_code":10014,"precinct":"Col. Modulo Flamingo","registered_2026":3320,"tables_2026":14,"coordinate_source":"OEP_2026_archivo_21_municipios","coordinate_year":2026,"match_method":"exact_municipality_locality_precinct","match_score":1,"coordinate_status":"official_2026_source_file","georeference_confidence":"high","metropolitan":true,"estimated_coordinate":false},"geometry":{"type":"Point","coordinates":[-63.213693,-17.822854]}},{"type":"Feature","properties":{"province":"Andrés Ibáñez","municipality":"Santa Cruz de La Sierra","locality":"Santa Cruz de la Sierra","precinct_code":10015,"precinct":"Col. Esc. La Base","registered_2026":3019,"tables_2026":13,"coordinate_source":"OEP_2026_archivo_21_municipios","coordinate_year":2026,"match_method":"exact_municipality_locality_precinct","match_score":1,"coordinate_status":"official_2026_source_file","georeference_confidence":"high","metropolitan":true,"estimated_coordinate":false},"geometry":{"type":"Point","coordinates":[-63.213665,-17.830009]}},{"type":"Feature","properties":{"province":"Andrés Ibáñez","municipality":"Santa Cruz de La Sierra","locality":"Santa Cruz de la Sierra","precinct_code":10016,"precinct":"Col. Escuela Ambrocio Villarroel","registered_2026":2416,"tables_2026":10,"coordinate_source":"OEP_2026_archivo_21_municipios","coordinate_year":2026,"match_method":"exact_municipality_locality_precinct","match_score":1,"coordinate_status":"official_2026_source_file","georeference_confidence":"high","metropolitan":true,"estimated_coordinate":false},"geometry":{"type":"Point","coordinates":[-63.226198,-17.790131]}},{"type":"Feature","properties":{"province":"Andrés Ibáñez","municipality":"Santa Cruz de La Sierra","locality":"Santa Cruz de la Sierra","precinct_code":10017,"precinct":"Col. Escuela Sara Porras De Pinto","registered_2026":3079,"tables_2026":13,"coordinate_source":"OEP_2026_archivo_21_municipios","coordinate_year":2026,"match_method":"exact_municipality_locality_precinct","match_score":1,"coordinate_status":"official_2026_source_file","georeference_confidence":"high","metropolitan":true,"estimated_coordinate":false},"geometry":{"type":"Point","coordinates":[-63.22218,-17.79663]}},{"type":"Feature","properties":{"province":"Andrés Ibáñez","municipality":"Santa Cruz de La Sierra","locality":"Santa Cruz de la Sierra","precinct_code":10018,"precinct":"Colegio El Progreso","registered_2026":3544,"tables_2026":15,"coordinate_source":"OEP_2026_archivo_21_municipios","coordinate_year":2026,"match_method":"exact_municipality_locality_precinct","match_score":1,"coordinate_status":"official_2026_source_file","georeference_confidence":"high","metropolitan":true,"estimated_coordinate":false},"geometry":{"type":"Point","coordinates":[-63.205643,-17.827663]}},{"type":"Feature","properties":{"province":"Andrés Ibáñez","municipality":"Santa Cruz de La Sierra","locality":"Santa Cruz de la Sierra","precinct_code":10020,"precinct":"Col. Escuela El Fuerte","registered_2026":7984,"tables_2026":34,"coordinate_source":"OEP_2026_archivo_21_municipios","coordinate_year":2026,"match_method":"exact_municipality_locality_precinct","match_score":1,"coordinate_status":"official_2026_source_file","georeference_confidence":"high","metropolitan":true,"estimated_coordinate":false},"geometry":{"type":"Point","coordinates":[-63.14807,-17.84582]}},{"type":"Feature","properties":{"province":"Andrés Ibáñez","municipality":"Santa Cruz de La Sierra","locality":"Santa Cruz de la Sierra","precinct_code":10021,"precinct":"Col. Nacional 9 De Octubre","registered_2026":3959,"tables_2026":17,"coordinate_source":"OEP_2026_archivo_21_municipios","coordinate_year":2026,"match_method":"exact_municipality_locality_precinct","match_score":1,"coordinate_status":"official_2026_source_file","georeference_confidence":"high","metropolitan":true,"estimated_coordinate":false},"geometry":{"type":"Point","coordinates":[-63.156736,-17.844283]}},{"type":"Feature","properties":{"province":"Andrés Ibáñez","municipality":"Santa Cruz de La Sierra","locality":"Santa Cruz de la Sierra","precinct_code":10023,"precinct":"Colegio Ignacio Warnes","registered_2026":4489,"tables_2026":19,"coordinate_source":"OEP_2026_archivo_21_municipios","coordinate_year":2026,"match_method":"exact_municipality_locality_precinct","match_score":1,"coordinate_status":"official_2026_source_file","georeference_confidence":"high","metropolitan":true,"estimated_coordinate":false},"geometry":{"type":"Point","coordinates":[-63.15627,-17.86588]}},{"type":"Feature","properties":{"province":"Andrés Ibáñez","municipality":"Santa Cruz de La Sierra","locality":"Santa Cruz de la Sierra","precinct_code":10024,"precinct":"Col. Modulo Nro.5 Elva Antelo Jordan","registered_2026":5005,"tables_2026":21,"coordinate_source":"OEP_2026_archivo_21_municipios","coordinate_year":2026,"match_method":"exact_municipality_locality_precinct","match_score":1,"coordinate_status":"official_2026_source_file","georeference_confidence":"high","metropolitan":true,"estimated_coordinate":false},"geometry":{"type":"Point","coordinates":[-63.167451,-17.860051]}},{"type":"Feature","properties":{"province":"Andrés Ibáñez","municipality":"Santa Cruz de La Sierra","locality":"Santa Cruz de la Sierra","precinct_code":10026,"precinct":"Colegio Luz Y Verdad","registered_2026":2868,"tables_2026":12,"coordinate_source":"OEP_2026_archivo_21_municipios","coordinate_year":2026,"match_method":"exact_municipality_locality_precinct","match_score":1,"coordinate_status":"official_2026_source_file","georeference_confidence":"high","metropolitan":true,"estimated_coordinate":false},"geometry":{"type":"Point","coordinates":[-63.187236,-17.876004]}},{"type":"Feature","properties":{"province":"Andrés Ibáñez","municipality":"Santa Cruz de La Sierra","locality":"Santa Cruz de la Sierra","precinct_code":10027,"precinct":"Col. Escuela Poly Villarroel","registered_2026":3016,"tables_2026":13,"coordinate_source":"OEP_2026_archivo_21_municipios","coordinate_year":2026,"match_method":"exact_municipality_locality_precinct","match_score":1,"coordinate_status":"official_2026_source_file","georeference_confidence":"high","metropolitan":true,"estimated_coordinate":false},"geometry":{"type":"Point","coordinates":[-63.1315,-17.8723]}},{"type":"Feature","properties":{"province":"Andrés Ibáñez","municipality":"Santa Cruz de La Sierra","locality":"Santa Cruz de la Sierra","precinct_code":10028,"precinct":"Col. Escuela Bolivia Holanda","registered_2026":6448,"tables_2026":27,"coordinate_source":"OEP_2026_archivo_21_municipios","coordinate_year":2026,"match_method":"exact_municipality_locality_precinct","match_score":1,"coordinate_status":"official_2026_source_file","georeference_confidence":"high","metropolitan":true,"estimated_coordinate":false},"geometry":{"type":"Point","coordinates":[-63.14489,-17.86903]}},{"type":"Feature","properties":{"province":"Andrés Ibáñez","municipality":"Santa Cruz de La Sierra","locality":"Santa Cruz de la Sierra","precinct_code":10029,"precinct":"Col. San Francisco Sur","registered_2026":5284,"tables_2026":22,"coordinate_source":"OEP_2026_archivo_21_municipios","coordinate_year":2026,"match_method":"exact_municipality_locality_precinct","match_score":1,"coordinate_status":"official_2026_source_file","georeference_confidence":"high","metropolitan":true,"estimated_coordinate":false},"geometry":{"type":"Point","coordinates":[-63.16087,-17.85275]}},{"type":"Feature","properties":{"province":"Andrés Ibáñez","municipality":"Santa Cruz de La Sierra","locality":"Santa Cruz de la Sierra","precinct_code":10030,"precinct":"Col. Esc.  Amsterdan","registered_2026":2897,"tables_2026":12,"coordinate_source":"OEP_2026_archivo_21_municipios","coordinate_year":2026,"match_method":"exact_municipality_locality_precinct","match_score":1,"coordinate_status":"official_2026_source_file","georeference_confidence":"high","metropolitan":true,"estimated_coordinate":false},"geometry":{"type":"Point","coordinates":[-63.14972,-17.85901]}},{"type":"Feature","properties":{"province":"Andrés Ibáñez","municipality":"Santa Cruz de La Sierra","locality":"Santa Cruz de la Sierra","precinct_code":10031,"precinct":"Col. Esc. Max Fernandez Rojas B","registered_2026":3248,"tables_2026":14,"coordinate_source":"OEP_2026_archivo_21_municipios","coordinate_year":2026,"match_method":"exact_municipality_locality_precinct","match_score":1,"coordinate_status":"official_2026_source_file","georeference_confidence":"high","metropolitan":true,"estimated_coordinate":false},"geometry":{"type":"Point","coordinates":[-63.16543,-17.87381]}},{"type":"Feature","properties":{"province":"Andrés Ibáñez","municipality":"Santa Cruz de La Sierra","locality":"Santa Cruz de la Sierra","precinct_code":10032,"precinct":"U.E.  Magisterio Sur 120 II","registered_2026":3547,"tables_2026":15,"coordinate_source":"OEP_2026_archivo_21_municipios","coordinate_year":2026,"match_method":"exact_municipality_locality_precinct","match_score":1,"coordinate_status":"official_2026_source_file","georeference_confidence":"high","metropolitan":true,"estimated_coordinate":false},"geometry":{"type":"Point","coordinates":[-63.18134,-17.86983]}},{"type":"Feature","properties":{"province":"Andrés Ibáñez","municipality":"Santa Cruz de La Sierra","locality":"Santa Cruz de la Sierra","precinct_code":10033,"precinct":"Colegio Plan 4000","registered_2026":8982,"tables_2026":38,"coordinate_source":"OEP_2026_archivo_21_municipios","coordinate_year":2026,"match_method":"exact_municipality_locality_precinct","match_score":1,"coordinate_status":"official_2026_source_file","georeference_confidence":"high","metropolitan":true,"estimated_coordinate":false},"geometry":{"type":"Point","coordinates":[-63.175941,-17.884708]}},{"type":"Feature","properties":{"province":"Andrés Ibáñez","municipality":"Santa Cruz de La Sierra","locality":"Santa Cruz de la Sierra","precinct_code":10039,"precinct":"Col. Esc. Honorato Mejia","registered_2026":3856,"tables_2026":16,"coordinate_source":"OEP_2026_archivo_21_municipios","coordinate_year":2026,"match_method":"exact_municipality_locality_precinct","match_score":1,"coordinate_status":"official_2026_source_file","georeference_confidence":"high","metropolitan":true,"estimated_coordinate":false},"geometry":{"type":"Point","coordinates":[-63.213668,-17.861447]}},{"type":"Feature","properties":{"province":"Andrés Ibáñez","municipality":"Santa Cruz de La Sierra","locality":"Santa Cruz de la Sierra","precinct_code":10040,"precinct":"Col. Luis Espinal Campos","registered_2026":7186,"tables_2026":30,"coordinate_source":"OEP_2026_archivo_21_municipios","coordinate_year":2026,"match_method":"exact_municipality_locality_precinct","match_score":1,"coordinate_status":"official_2026_source_file","georeference_confidence":"high","metropolitan":true,"estimated_coordinate":false},"geometry":{"type":"Point","coordinates":[-63.16032,-17.86751]}},{"type":"Feature","properties":{"province":"Andrés Ibáñez","municipality":"Santa Cruz de La Sierra","locality":"Santa Cruz de la Sierra","precinct_code":10041,"precinct":"Col. Esc. Holanda","registered_2026":3198,"tables_2026":14,"coordinate_source":"OEP_2026_archivo_21_municipios","coordinate_year":2026,"match_method":"exact_municipality_locality_precinct","match_score":1,"coordinate_status":"official_2026_source_file","georeference_confidence":"high","metropolitan":true,"estimated_coordinate":false},"geometry":{"type":"Point","coordinates":[-63.19473,-17.88406]}},{"type":"Feature","properties":{"province":"Andrés Ibáñez","municipality":"Santa Cruz de La Sierra","locality":"Santa Cruz de la Sierra","precinct_code":11047,"precinct":"U.E. Juana Azurduy de Padilla","registered_2026":4134,"tables_2026":18,"coordinate_source":"OEP_2026_archivo_21_municipios","coordinate_year":2026,"match_method":"exact_municipality_locality_precinct","match_score":1,"coordinate_status":"official_2026_source_file","georeference_confidence":"high","metropolitan":true,"estimated_coordinate":false},"geometry":{"type":"Point","coordinates":[-63.10905,-17.84618]}},{"type":"Feature","properties":{"province":"Andrés Ibáñez","municipality":"Santa Cruz de La Sierra","locality":"Santa Cruz de la Sierra","precinct_code":11048,"precinct":"Col. Club De Leones","registered_2026":1744,"tables_2026":8,"coordinate_source":"OEP_2026_archivo_21_municipios","coordinate_year":2026,"match_method":"exact_municipality_locality_precinct","match_score":1,"coordinate_status":"official_2026_source_file","georeference_confidence":"high","metropolitan":true,"estimated_coordinate":false},"geometry":{"type":"Point","coordinates":[-63.168952,-17.790739]}},{"type":"Feature","properties":{"province":"Andrés Ibáñez","municipality":"Santa Cruz de La Sierra","locality":"Santa Cruz de la Sierra","precinct_code":11049,"precinct":"Col. Villa Alegre","registered_2026":2706,"tables_2026":12,"coordinate_source":"OEP_2026_archivo_21_municipios","coordinate_year":2026,"match_method":"exact_municipality_locality_precinct","match_score":1,"coordinate_status":"official_2026_source_file","georeference_confidence":"high","metropolitan":true,"estimated_coordinate":false},"geometry":{"type":"Point","coordinates":[-63.17024,-17.87461]}},{"type":"Feature","properties":{"province":"Andrés Ibáñez","municipality":"Santa Cruz de La Sierra","locality":"Santa Cruz de la Sierra","precinct_code":11050,"precinct":"U.E. Niño Jesús IV","registered_2026":4671,"tables_2026":20,"coordinate_source":"OEP_2026_archivo_21_municipios","coordinate_year":2026,"match_method":"exact_municipality_locality_precinct","match_score":1,"coordinate_status":"official_2026_source_file","georeference_confidence":"high","metropolitan":true,"estimated_coordinate":false},"geometry":{"type":"Point","coordinates":[-63.18233,-17.82738]}},{"type":"Feature","properties":{"province":"Andrés Ibáñez","municipality":"Santa Cruz de La Sierra","locality":"Santa Cruz de la Sierra","precinct_code":11051,"precinct":"Col. Las Americas II","registered_2026":4540,"tables_2026":19,"coordinate_source":"OEP_2026_archivo_21_municipios","coordinate_year":2026,"match_method":"exact_municipality_locality_precinct","match_score":1,"coordinate_status":"official_2026_source_file","georeference_confidence":"high","metropolitan":true,"estimated_coordinate":false},"geometry":{"type":"Point","coordinates":[-63.19033,-17.86217]}},{"type":"Feature","properties":{"province":"Andrés Ibáñez","municipality":"Santa Cruz de La Sierra","locality":"Santa Cruz de la Sierra","precinct_code":11053,"precinct":"Col. Covipal","registered_2026":1944,"tables_2026":9,"coordinate_source":"OEP_2026_archivo_21_municipios","coordinate_year":2026,"match_method":"exact_municipality_locality_precinct","match_score":1,"coordinate_status":"official_2026_source_file","georeference_confidence":"high","metropolitan":true,"estimated_coordinate":false},"geometry":{"type":"Point","coordinates":[-63.236661,-17.84764]}},{"type":"Feature","properties":{"province":"Andrés Ibáñez","municipality":"Santa Cruz de La Sierra","locality":"Santa Cruz de la Sierra","precinct_code":11056,"precinct":"Colegio Fuente Del Saber","registered_2026":3048,"tables_2026":13,"coordinate_source":"OEP_2026_archivo_21_municipios","coordinate_year":2026,"match_method":"exact_municipality_locality_precinct","match_score":1,"coordinate_status":"official_2026_source_file","georeference_confidence":"high","metropolitan":true,"estimated_coordinate":false},"geometry":{"type":"Point","coordinates":[-63.067523,-17.904652]}},{"type":"Feature","properties":{"province":"Andrés Ibáñez","municipality":"Santa Cruz de La Sierra","locality":"Santa Cruz de la Sierra","precinct_code":11057,"precinct":"Progreso","registered_2026":568,"tables_2026":3,"coordinate_source":"OEP_2026_archivo_21_municipios","coordinate_year":2026,"match_method":"exact_municipality_locality_precinct","match_score":1,"coordinate_status":"official_2026_source_file","georeference_confidence":"high","metropolitan":true,"estimated_coordinate":false},"geometry":{"type":"Point","coordinates":[-63.13077,-17.72208]}},{"type":"Feature","properties":{"province":"Andrés Ibáñez","municipality":"Santa Cruz de La Sierra","locality":"Santa Cruz de la Sierra","precinct_code":11058,"precinct":"U.E. 2 de Abril","registered_2026":1299,"tables_2026":6,"coordinate_source":"OEP_2026_archivo_21_municipios","coordinate_year":2026,"match_method":"exact_municipality_locality_precinct","match_score":1,"coordinate_status":"official_2026_source_file","georeference_confidence":"high","metropolitan":true,"estimated_coordinate":false},"geometry":{"type":"Point","coordinates":[-63.14366,-17.81759]}},{"type":"Feature","properties":{"province":"Andrés Ibáñez","municipality":"Santa Cruz de La Sierra","locality":"Santa Cruz de la Sierra","precinct_code":11059,"precinct":"Virgen De Guadalupe","registered_2026":6200,"tables_2026":26,"coordinate_source":"OEP_2026_archivo_21_municipios","coordinate_year":2026,"match_method":"exact_municipality_locality_precinct","match_score":1,"coordinate_status":"official_2026_source_file","georeference_confidence":"high","metropolitan":true,"estimated_coordinate":false},"geometry":{"type":"Point","coordinates":[-63.121766,-17.72815]}},{"type":"Feature","properties":{"province":"Andrés Ibáñez","municipality":"Santa Cruz de La Sierra","locality":"Santa Cruz de la Sierra","precinct_code":11060,"precinct":"Motacusal","registered_2026":446,"tables_2026":2,"coordinate_source":"OEP_2026_archivo_21_municipios","coordinate_year":2026,"match_method":"exact_municipality_locality_precinct","match_score":1,"coordinate_status":"official_2026_source_file","georeference_confidence":"high","metropolitan":true,"estimated_coordinate":false},"geometry":{"type":"Point","coordinates":[-63.101891,-17.692081]}},{"type":"Feature","properties":{"province":"Andrés Ibáñez","municipality":"Santa Cruz de La Sierra","locality":"Santa Cruz de la Sierra","precinct_code":11061,"precinct":"Fred Nuñez Gonzales","registered_2026":4167,"tables_2026":18,"coordinate_source":"OEP_2026_archivo_21_municipios","coordinate_year":2026,"match_method":"exact_municipality_locality_precinct","match_score":1,"coordinate_status":"official_2026_source_file","georeference_confidence":"high","metropolitan":true,"estimated_coordinate":false},"geometry":{"type":"Point","coordinates":[-63.069608,-17.717763]}},{"type":"Feature","properties":{"province":"Andrés Ibáñez","municipality":"Santa Cruz de La Sierra","locality":"Santa Cruz de la Sierra","precinct_code":11063,"precinct":"U.E. San Cayetano","registered_2026":3925,"tables_2026":17,"coordinate_source":"OEP_2026_archivo_21_municipios","coordinate_year":2026,"match_method":"exact_municipality_locality_precinct","match_score":1,"coordinate_status":"official_2026_source_file","georeference_confidence":"high","metropolitan":true,"estimated_coordinate":false},"geometry":{"type":"Point","coordinates":[-63.086366,-17.731775]}},{"type":"Feature","properties":{"province":"Andrés Ibáñez","municipality":"Santa Cruz de La Sierra","locality":"Santa Cruz de la Sierra","precinct_code":11064,"precinct":"U.E. Los Cusis","registered_2026":3901,"tables_2026":17,"coordinate_source":"OEP_2026_archivo_21_municipios","coordinate_year":2026,"match_method":"exact_municipality_locality_precinct","match_score":1,"coordinate_status":"official_2026_source_file","georeference_confidence":"high","metropolitan":true,"estimated_coordinate":false},"geometry":{"type":"Point","coordinates":[-63.07648,-17.73135]}},{"type":"Feature","properties":{"province":"Andrés Ibáñez","municipality":"Santa Cruz de La Sierra","locality":"Santa Cruz de la Sierra","precinct_code":11065,"precinct":"U.E. Sixto Suarez Navarro","registered_2026":1943,"tables_2026":9,"coordinate_source":"OEP_2026_archivo_21_municipios","coordinate_year":2026,"match_method":"exact_municipality_locality_precinct","match_score":1,"coordinate_status":"official_2026_source_file","georeference_confidence":"high","metropolitan":true,"estimated_coordinate":false},"geometry":{"type":"Point","coordinates":[-63.08702,-17.83391]}},{"type":"Feature","properties":{"province":"Andrés Ibáñez","municipality":"Santa Cruz de La Sierra","locality":"Santa Cruz de la Sierra","precinct_code":11066,"precinct":"U.E. Zaragoza","registered_2026":4660,"tables_2026":20,"coordinate_source":"OEP_2026_archivo_21_municipios","coordinate_year":2026,"match_method":"exact_municipality_locality_precinct","match_score":1,"coordinate_status":"official_2026_source_file","georeference_confidence":"high","metropolitan":true,"estimated_coordinate":false},"geometry":{"type":"Point","coordinates":[-63.083584,-17.722167]}},{"type":"Feature","properties":{"province":"Andrés Ibáñez","municipality":"Santa Cruz de La Sierra","locality":"Santa Cruz de la Sierra","precinct_code":11067,"precinct":"Luz Del Mundo C","registered_2026":1798,"tables_2026":8,"coordinate_source":"OEP_2026_archivo_21_municipios","coordinate_year":2026,"match_method":"exact_municipality_locality_precinct","match_score":1,"coordinate_status":"official_2026_source_file","georeference_confidence":"high","metropolitan":true,"estimated_coordinate":false},"geometry":{"type":"Point","coordinates":[-63.1118,-17.77199]}},{"type":"Feature","properties":{"province":"Andrés Ibáñez","municipality":"Santa Cruz de La Sierra","locality":"Santa Cruz de la Sierra","precinct_code":11068,"precinct":"16 de Julio","registered_2026":1992,"tables_2026":9,"coordinate_source":"OEP_2026_archivo_21_municipios","coordinate_year":2026,"match_method":"exact_municipality_locality_precinct","match_score":1,"coordinate_status":"official_2026_source_file","georeference_confidence":"high","metropolitan":true,"estimated_coordinate":false},"geometry":{"type":"Point","coordinates":[-63.111464,-17.755441]}},{"type":"Feature","properties":{"province":"Andrés Ibáñez","municipality":"Santa Cruz de La Sierra","locality":"Santa Cruz de la Sierra","precinct_code":11069,"precinct":"U.E. Cielito Lindo","registered_2026":1911,"tables_2026":8,"coordinate_source":"OEP_2026_archivo_21_municipios","coordinate_year":2026,"match_method":"exact_municipality_locality_precinct","match_score":1,"coordinate_status":"official_2026_source_file","georeference_confidence":"high","metropolitan":true,"estimated_coordinate":false},"geometry":{"type":"Point","coordinates":[-63.10667,-17.77039]}},{"type":"Feature","properties":{"province":"Andrés Ibáñez","municipality":"Santa Cruz de La Sierra","locality":"Santa Cruz de la Sierra","precinct_code":11070,"precinct":"Urkupiña","registered_2026":1308,"tables_2026":6,"coordinate_source":"OEP_2026_archivo_21_municipios","coordinate_year":2026,"match_method":"exact_municipality_locality_precinct","match_score":1,"coordinate_status":"official_2026_source_file","georeference_confidence":"high","metropolitan":true,"estimated_coordinate":false},"geometry":{"type":"Point","coordinates":[-63.106821,-17.752919]}},{"type":"Feature","properties":{"province":"Andrés Ibáñez","municipality":"Santa Cruz de La Sierra","locality":"Santa Cruz de la Sierra","precinct_code":11071,"precinct":"U.E. Arboleda De Fatima","registered_2026":2964,"tables_2026":13,"coordinate_source":"OEP_2026_archivo_21_municipios","coordinate_year":2026,"match_method":"exact_municipality_locality_precinct","match_score":1,"coordinate_status":"official_2026_source_file","georeference_confidence":"high","metropolitan":true,"estimated_coordinate":false},"geometry":{"type":"Point","coordinates":[-63.09396,-17.77194]}},{"type":"Feature","properties":{"province":"Andrés Ibáñez","municipality":"Santa Cruz de La Sierra","locality":"Santa Cruz de la Sierra","precinct_code":11072,"precinct":"U.E. Florida Barba Chávez","registered_2026":2600,"tables_2026":11,"coordinate_source":"OEP_2026_archivo_21_municipios","coordinate_year":2026,"match_method":"exact_municipality_locality_precinct","match_score":1,"coordinate_status":"official_2026_source_file","georeference_confidence":"high","metropolitan":true,"estimated_coordinate":false},"geometry":{"type":"Point","coordinates":[-63.107414,-17.818624]}},{"type":"Feature","properties":{"province":"Andrés Ibáñez","municipality":"Santa Cruz de La Sierra","locality":"Santa Cruz de la Sierra","precinct_code":11073,"precinct":"U.E. 25 de Octubre","registered_2026":2367,"tables_2026":10,"coordinate_source":"OEP_2026_archivo_21_municipios","coordinate_year":2026,"match_method":"exact_municipality_locality_precinct","match_score":1,"coordinate_status":"official_2026_source_file","georeference_confidence":"high","metropolitan":true,"estimated_coordinate":false},"geometry":{"type":"Point","coordinates":[-63.0919,-17.81277]}},{"type":"Feature","properties":{"province":"Andrés Ibáñez","municipality":"Santa Cruz de La Sierra","locality":"Santa Cruz de la Sierra","precinct_code":11074,"precinct":"Misiones De Jesus","registered_2026":1801,"tables_2026":8,"coordinate_source":"OEP_2026_archivo_21_municipios","coordinate_year":2026,"match_method":"exact_municipality_locality_precinct","match_score":1,"coordinate_status":"official_2026_source_file","georeference_confidence":"high","metropolitan":true,"estimated_coordinate":false},"geometry":{"type":"Point","coordinates":[-63.21696,-17.84764]}},{"type":"Feature","properties":{"province":"Andrés Ibáñez","municipality":"Santa Cruz de La Sierra","locality":"Santa Cruz de la Sierra","precinct_code":11075,"precinct":"Pedro Diez","registered_2026":1041,"tables_2026":5,"coordinate_source":"OEP_2026_archivo_21_municipios","coordinate_year":2026,"match_method":"exact_municipality_locality_precinct","match_score":1,"coordinate_status":"official_2026_source_file","georeference_confidence":"high","metropolitan":true,"estimated_coordinate":false},"geometry":{"type":"Point","coordinates":[-63.18398,-17.85394]}},{"type":"Feature","properties":{"province":"Andrés Ibáñez","municipality":"Santa Cruz de La Sierra","locality":"Santa Cruz de la Sierra","precinct_code":11076,"precinct":"Sahara Guardia","registered_2026":2243,"tables_2026":10,"coordinate_source":"OEP_2026_archivo_21_municipios","coordinate_year":2026,"match_method":"exact_municipality_locality_precinct","match_score":1,"coordinate_status":"official_2026_source_file","georeference_confidence":"high","metropolitan":true,"estimated_coordinate":false},"geometry":{"type":"Point","coordinates":[-63.20287,-17.85209]}},{"type":"Feature","properties":{"province":"Andrés Ibáñez","municipality":"Santa Cruz de La Sierra","locality":"Santa Cruz de la Sierra","precinct_code":11077,"precinct":"Universitario Sur","registered_2026":2233,"tables_2026":10,"coordinate_source":"OEP_2026_archivo_21_municipios","coordinate_year":2026,"match_method":"exact_municipality_locality_precinct","match_score":1,"coordinate_status":"official_2026_source_file","georeference_confidence":"high","metropolitan":true,"estimated_coordinate":false},"geometry":{"type":"Point","coordinates":[-63.20155,-17.84228]}},{"type":"Feature","properties":{"province":"Andrés Ibáñez","municipality":"Santa Cruz de La Sierra","locality":"Santa Cruz de la Sierra","precinct_code":11078,"precinct":"Angelina Rivera","registered_2026":3112,"tables_2026":13,"coordinate_source":"OEP_2026_archivo_21_municipios","coordinate_year":2026,"match_method":"exact_municipality_locality_precinct","match_score":1,"coordinate_status":"official_2026_source_file","georeference_confidence":"high","metropolitan":true,"estimated_coordinate":false},"geometry":{"type":"Point","coordinates":[-63.17871,-17.85304]}},{"type":"Feature","properties":{"province":"Andrés Ibáñez","municipality":"Santa Cruz de La Sierra","locality":"Santa Cruz de la Sierra","precinct_code":11079,"precinct":"U.E. Nestor Paz Zamora","registered_2026":7038,"tables_2026":30,"coordinate_source":"OEP_2026_archivo_21_municipios","coordinate_year":2026,"match_method":"exact_municipality_locality_precinct","match_score":1,"coordinate_status":"official_2026_source_file","georeference_confidence":"high","metropolitan":true,"estimated_coordinate":false},"geometry":{"type":"Point","coordinates":[-63.16751,-17.82976]}},{"type":"Feature","properties":{"province":"Andrés Ibáñez","municipality":"Santa Cruz de La Sierra","locality":"Santa Cruz de la Sierra","precinct_code":11080,"precinct":"U.E. Isuto","registered_2026":1559,"tables_2026":7,"coordinate_source":"OEP_2026_archivo_21_municipios","coordinate_year":2026,"match_method":"exact_municipality_locality_precinct","match_score":1,"coordinate_status":"official_2026_source_file","georeference_confidence":"high","metropolitan":true,"estimated_coordinate":false},"geometry":{"type":"Point","coordinates":[-63.19371,-17.74409]}},{"type":"Feature","properties":{"province":"Andrés Ibáñez","municipality":"Santa Cruz de La Sierra","locality":"Santa Cruz de la Sierra","precinct_code":11081,"precinct":"U.E. Rep. del Paraguay","registered_2026":1382,"tables_2026":6,"coordinate_source":"OEP_2026_archivo_21_municipios","coordinate_year":2026,"match_method":"exact_municipality_locality_precinct","match_score":1,"coordinate_status":"official_2026_source_file","georeference_confidence":"high","metropolitan":true,"estimated_coordinate":false},"geometry":{"type":"Point","coordinates":[-63.184911,-17.86308]}},{"type":"Feature","properties":{"province":"Andrés Ibáñez","municipality":"Santa Cruz de La Sierra","locality":"Santa Cruz de la Sierra","precinct_code":11082,"precinct":"Modulo Rancho Nuevo","registered_2026":5405,"tables_2026":23,"coordinate_source":"OEP_2026_archivo_21_municipios","coordinate_year":2026,"match_method":"exact_municipality_locality_precinct","match_score":1,"coordinate_status":"official_2026_source_file","georeference_confidence":"high","metropolitan":true,"estimated_coordinate":false},"geometry":{"type":"Point","coordinates":[-63.12128,-17.74573]}},{"type":"Feature","properties":{"province":"Andrés Ibáñez","municipality":"Santa Cruz de La Sierra","locality":"Santa Cruz de la Sierra","precinct_code":11083,"precinct":"Kinder Nimia Centella","registered_2026":952,"tables_2026":4,"coordinate_source":"OEP_2026_archivo_21_municipios","coordinate_year":2026,"match_method":"exact_municipality_locality_precinct","match_score":1,"coordinate_status":"official_2026_source_file","georeference_confidence":"high","metropolitan":true,"estimated_coordinate":false},"geometry":{"type":"Point","coordinates":[-63.117748,-17.787152]}},{"type":"Feature","properties":{"province":"Andrés Ibáñez","municipality":"Santa Cruz de La Sierra","locality":"Santa Cruz de la Sierra","precinct_code":11084,"precinct":"Kinder Ferroviario","registered_2026":732,"tables_2026":3,"coordinate_source":"OEP_2026_archivo_21_municipios","coordinate_year":2026,"match_method":"exact_municipality_locality_precinct","match_score":1,"coordinate_status":"official_2026_source_file","georeference_confidence":"high","metropolitan":true,"estimated_coordinate":false},"geometry":{"type":"Point","coordinates":[-63.144708,-17.780797]}},{"type":"Feature","properties":{"province":"Andrés Ibáñez","municipality":"Santa Cruz de La Sierra","locality":"Santa Cruz de la Sierra","precinct_code":11085,"precinct":"U.E. 3 de Mayo","registered_2026":2833,"tables_2026":12,"coordinate_source":"OEP_2026_archivo_21_municipios","coordinate_year":2026,"match_method":"exact_municipality_locality_precinct","match_score":1,"coordinate_status":"official_2026_source_file","georeference_confidence":"high","metropolitan":true,"estimated_coordinate":false},"geometry":{"type":"Point","coordinates":[-63.12704,-17.82614]}},{"type":"Feature","properties":{"province":"Andrés Ibáñez","municipality":"Santa Cruz de La Sierra","locality":"Santa Cruz de la Sierra","precinct_code":11086,"precinct":"U.E. San Juan Bautista","registered_2026":2162,"tables_2026":9,"coordinate_source":"OEP_2026_archivo_21_municipios","coordinate_year":2026,"match_method":"exact_municipality_locality_precinct","match_score":1,"coordinate_status":"official_2026_source_file","georeference_confidence":"high","metropolitan":true,"estimated_coordinate":false},"geometry":{"type":"Point","coordinates":[-63.084,-17.82422]}},{"type":"Feature","properties":{"province":"Andrés Ibáñez","municipality":"Santa Cruz de La Sierra","locality":"Santa Cruz de la Sierra","precinct_code":11087,"precinct":"U.E. San Juan del Este","registered_2026":3956,"tables_2026":17,"coordinate_source":"OEP_2026_archivo_21_municipios","coordinate_year":2026,"match_method":"exact_municipality_locality_precinct","match_score":1,"coordinate_status":"official_2026_source_file","georeference_confidence":"high","metropolitan":true,"estimated_coordinate":false},"geometry":{"type":"Point","coordinates":[-63.05619,-17.857377]}},{"type":"Feature","properties":{"province":"Andrés Ibáñez","municipality":"Santa Cruz de La Sierra","locality":"Santa Cruz de la Sierra","precinct_code":11088,"precinct":"U.E. 19 de Marzo","registered_2026":2298,"tables_2026":10,"coordinate_source":"OEP_2026_archivo_21_municipios","coordinate_year":2026,"match_method":"exact_municipality_locality_precinct","match_score":1,"coordinate_status":"official_2026_source_file","georeference_confidence":"high","metropolitan":true,"estimated_coordinate":false},"geometry":{"type":"Point","coordinates":[-63.08685,-17.86819]}},{"type":"Feature","properties":{"province":"Andrés Ibáñez","municipality":"Santa Cruz de La Sierra","locality":"Santa Cruz de la Sierra","precinct_code":11089,"precinct":"U.E. Villa Moderna","registered_2026":1796,"tables_2026":8,"coordinate_source":"OEP_2026_archivo_21_municipios","coordinate_year":2026,"match_method":"exact_municipality_locality_precinct","match_score":1,"coordinate_status":"official_2026_source_file","georeference_confidence":"high","metropolitan":true,"estimated_coordinate":false},"geometry":{"type":"Point","coordinates":[-63.068661,-17.844608]}},{"type":"Feature","properties":{"province":"Andrés Ibáñez","municipality":"Santa Cruz de La Sierra","locality":"Santa Cruz de la Sierra","precinct_code":11090,"precinct":"U.E. San Diego de Samaria","registered_2026":1871,"tables_2026":8,"coordinate_source":"OEP_2026_archivo_21_municipios","coordinate_year":2026,"match_method":"exact_municipality_locality_precinct","match_score":1,"coordinate_status":"official_2026_source_file","georeference_confidence":"high","metropolitan":true,"estimated_coordinate":false},"geometry":{"type":"Point","coordinates":[-63.076237,-17.846505]}},{"type":"Feature","properties":{"province":"Andrés Ibáñez","municipality":"Santa Cruz de La Sierra","locality":"Santa Cruz de la Sierra","precinct_code":11092,"precinct":"16 de Febrero","registered_2026":2424,"tables_2026":11,"coordinate_source":"OEP_2026_archivo_21_municipios","coordinate_year":2026,"match_method":"exact_municipality_locality_precinct","match_score":1,"coordinate_status":"official_2026_source_file","georeference_confidence":"high","metropolitan":true,"estimated_coordinate":false},"geometry":{"type":"Point","coordinates":[-63.098754,-17.74796]}},{"type":"Feature","properties":{"province":"Andrés Ibáñez","municipality":"Santa Cruz de La Sierra","locality":"Santa Cruz de la Sierra","precinct_code":11093,"precinct":"Colegio San Francisco de Asis","registered_2026":2436,"tables_2026":11,"coordinate_source":"OEP_2026_archivo_21_municipios","coordinate_year":2026,"match_method":"exact_municipality_locality_precinct","match_score":1,"coordinate_status":"official_2026_source_file","georeference_confidence":"high","metropolitan":true,"estimated_coordinate":false},"geometry":{"type":"Point","coordinates":[-63.144289,-17.856931]}},{"type":"Feature","properties":{"province":"Andrés Ibáñez","municipality":"Santa Cruz de La Sierra","locality":"Santa Cruz de la Sierra","precinct_code":11094,"precinct":"U.E. 18 de Julio","registered_2026":3777,"tables_2026":16,"coordinate_source":"OEP_2026_archivo_21_municipios","coordinate_year":2026,"match_method":"exact_municipality_locality_precinct","match_score":1,"coordinate_status":"official_2026_source_file","georeference_confidence":"high","metropolitan":true,"estimated_coordinate":false},"geometry":{"type":"Point","coordinates":[-63.0932,-17.7454]}},{"type":"Feature","properties":{"province":"Andrés Ibáñez","municipality":"Santa Cruz de La Sierra","locality":"Santa Cruz de la Sierra","precinct_code":25416,"precinct":"Kinder Guarderia El Carmen","registered_2026":1098,"tables_2026":5,"coordinate_source":"OEP_2026_archivo_21_municipios","coordinate_year":2026,"match_method":"exact_municipality_locality_precinct","match_score":1,"coordinate_status":"official_2026_source_file","georeference_confidence":"high","metropolitan":true,"estimated_coordinate":false},"geometry":{"type":"Point","coordinates":[-63.203873,-17.770506]}},{"type":"Feature","properties":{"province":"Andrés Ibáñez","municipality":"Santa Cruz de La Sierra","locality":"Santa Cruz de la Sierra","precinct_code":25417,"precinct":"Facultad de Ciencias Agricolas U.A.G.R.M.","registered_2026":6553,"tables_2026":28,"coordinate_source":"OEP_2026_archivo_21_municipios","coordinate_year":2026,"match_method":"exact_municipality_locality_precinct","match_score":1,"coordinate_status":"official_2026_source_file","georeference_confidence":"high","metropolitan":true,"estimated_coordinate":false},"geometry":{"type":"Point","coordinates":[-63.148744,-17.698143]}},{"type":"Feature","properties":{"province":"Andrés Ibáñez","municipality":"Santa Cruz de La Sierra","locality":"Santa Cruz de la Sierra","precinct_code":25418,"precinct":"Modulo Educativo German Busch","registered_2026":2158,"tables_2026":9,"coordinate_source":"OEP_2026_archivo_21_municipios","coordinate_year":2026,"match_method":"exact_municipality_locality_precinct","match_score":1,"coordinate_status":"official_2026_source_file","georeference_confidence":"high","metropolitan":true,"estimated_coordinate":false},"geometry":{"type":"Point","coordinates":[-63.174423,-17.735019]}},{"type":"Feature","properties":{"province":"Andrés Ibáñez","municipality":"Santa Cruz de La Sierra","locality":"Santa Cruz de la Sierra","precinct_code":25419,"precinct":"U.E. Josefina Balsamo Los Pinos","registered_2026":1710,"tables_2026":8,"coordinate_source":"OEP_2026_archivo_21_municipios","coordinate_year":2026,"match_method":"exact_municipality_locality_precinct","match_score":1,"coordinate_status":"official_2026_source_file","georeference_confidence":"high","metropolitan":true,"estimated_coordinate":false},"geometry":{"type":"Point","coordinates":[-63.138265,-17.733023]}},{"type":"Feature","properties":{"province":"Andrés Ibáñez","municipality":"Santa Cruz de La Sierra","locality":"Santa Cruz de la Sierra","precinct_code":25421,"precinct":"U.E. Pastorcito De Fátima (Don Bosco)","registered_2026":1018,"tables_2026":5,"coordinate_source":"OEP_2026_archivo_21_municipios","coordinate_year":2026,"match_method":"exact_municipality_locality_precinct","match_score":1,"coordinate_status":"official_2026_source_file","georeference_confidence":"high","metropolitan":true,"estimated_coordinate":false},"geometry":{"type":"Point","coordinates":[-63.198653,-17.778906]}},{"type":"Feature","properties":{"province":"Andrés Ibáñez","municipality":"Santa Cruz de La Sierra","locality":"Santa Cruz de la Sierra","precinct_code":25422,"precinct":"U.E. Bibosi","registered_2026":1921,"tables_2026":8,"coordinate_source":"OEP_2026_archivo_21_municipios","coordinate_year":2026,"match_method":"exact_municipality_locality_precinct","match_score":1,"coordinate_status":"official_2026_source_file","georeference_confidence":"high","metropolitan":true,"estimated_coordinate":false},"geometry":{"type":"Point","coordinates":[-63.109756,-17.72477]}},{"type":"Feature","properties":{"province":"Andrés Ibáñez","municipality":"Santa Cruz de La Sierra","locality":"Santa Cruz de la Sierra","precinct_code":25423,"precinct":"U.E. El Arenal C","registered_2026":1117,"tables_2026":5,"coordinate_source":"OEP_2026_archivo_21_municipios","coordinate_year":2026,"match_method":"exact_municipality_locality_precinct","match_score":1,"coordinate_status":"official_2026_source_file","georeference_confidence":"high","metropolitan":true,"estimated_coordinate":false},"geometry":{"type":"Point","coordinates":[-63.123807,-17.762861]}},{"type":"Feature","properties":{"province":"Andrés Ibáñez","municipality":"Santa Cruz de La Sierra","locality":"Santa Cruz de la Sierra","precinct_code":25425,"precinct":"U.E. Luis Antonio Añez Campos","registered_2026":2792,"tables_2026":12,"coordinate_source":"OEP_2026_archivo_21_municipios","coordinate_year":2026,"match_method":"exact_municipality_locality_precinct","match_score":1,"coordinate_status":"official_2026_source_file","georeference_confidence":"high","metropolitan":true,"estimated_coordinate":false},"geometry":{"type":"Point","coordinates":[-63.121047,-17.838165]}},{"type":"Feature","properties":{"province":"Andrés Ibáñez","municipality":"Santa Cruz de La Sierra","locality":"Santa Cruz de la Sierra","precinct_code":25426,"precinct":"U.E. 26 de Junio","registered_2026":3583,"tables_2026":15,"coordinate_source":"OEP_2026_archivo_21_municipios","coordinate_year":2026,"match_method":"exact_municipality_locality_precinct","match_score":1,"coordinate_status":"official_2026_source_file","georeference_confidence":"high","metropolitan":true,"estimated_coordinate":false},"geometry":{"type":"Point","coordinates":[-63.102148,-17.845325]}},{"type":"Feature","properties":{"province":"Andrés Ibáñez","municipality":"Santa Cruz de La Sierra","locality":"Santa Cruz de la Sierra","precinct_code":25427,"precinct":"U.E. Manos Unidas","registered_2026":1242,"tables_2026":6,"coordinate_source":"OEP_2026_archivo_21_municipios","coordinate_year":2026,"match_method":"exact_municipality_locality_precinct","match_score":1,"coordinate_status":"official_2026_source_file","georeference_confidence":"high","metropolitan":true,"estimated_coordinate":false},"geometry":{"type":"Point","coordinates":[-63.128691,-17.837048]}},{"type":"Feature","properties":{"province":"Andrés Ibáñez","municipality":"Santa Cruz de La Sierra","locality":"Santa Cruz de la Sierra","precinct_code":25428,"precinct":"U.E. Villa Alba","registered_2026":906,"tables_2026":4,"coordinate_source":"OEP_2026_archivo_21_municipios","coordinate_year":2026,"match_method":"exact_municipality_locality_precinct","match_score":1,"coordinate_status":"official_2026_source_file","georeference_confidence":"high","metropolitan":true,"estimated_coordinate":false},"geometry":{"type":"Point","coordinates":[-63.111486,-17.760563]}},{"type":"Feature","properties":{"province":"Andrés Ibáñez","municipality":"Santa Cruz de La Sierra","locality":"Santa Cruz de la Sierra","precinct_code":25429,"precinct":"U.E. Señor de los Milagros","registered_2026":2461,"tables_2026":11,"coordinate_source":"OEP_2026_archivo_21_municipios","coordinate_year":2026,"match_method":"exact_municipality_locality_precinct","match_score":1,"coordinate_status":"official_2026_source_file","georeference_confidence":"high","metropolitan":true,"estimated_coordinate":false},"geometry":{"type":"Point","coordinates":[-63.111029,-17.739367]}},{"type":"Feature","properties":{"province":"Andrés Ibáñez","municipality":"Santa Cruz de La Sierra","locality":"Santa Cruz de la Sierra","precinct_code":25430,"precinct":"U.E. 24 de Marzo","registered_2026":3259,"tables_2026":14,"coordinate_source":"OEP_2026_archivo_21_municipios","coordinate_year":2026,"match_method":"exact_municipality_locality_precinct","match_score":1,"coordinate_status":"official_2026_source_file","georeference_confidence":"high","metropolitan":true,"estimated_coordinate":false},"geometry":{"type":"Point","coordinates":[-63.101308,-17.729421]}},{"type":"Feature","properties":{"province":"Andrés Ibáñez","municipality":"Santa Cruz de La Sierra","locality":"Santa Cruz de la Sierra","precinct_code":25431,"precinct":"U.E. 26 de Noviembre","registered_2026":716,"tables_2026":3,"coordinate_source":"OEP_2026_archivo_21_municipios","coordinate_year":2026,"match_method":"exact_municipality_locality_precinct","match_score":1,"coordinate_status":"official_2026_source_file","georeference_confidence":"high","metropolitan":true,"estimated_coordinate":false},"geometry":{"type":"Point","coordinates":[-63.131925,-17.730587]}},{"type":"Feature","properties":{"province":"Andrés Ibáñez","municipality":"Santa Cruz de La Sierra","locality":"Santa Cruz de la Sierra","precinct_code":25432,"precinct":"U.E. Maria De Las Candelarias","registered_2026":1200,"tables_2026":5,"coordinate_source":"OEP_2026_archivo_21_municipios","coordinate_year":2026,"match_method":"exact_municipality_locality_precinct","match_score":1,"coordinate_status":"official_2026_source_file","georeference_confidence":"high","metropolitan":true,"estimated_coordinate":false},"geometry":{"type":"Point","coordinates":[-63.112536,-17.780873]}},{"type":"Feature","properties":{"province":"Andrés Ibáñez","municipality":"Santa Cruz de La Sierra","locality":"Santa Cruz de la Sierra","precinct_code":25433,"precinct":"Kinder Libertad","registered_2026":1007,"tables_2026":5,"coordinate_source":"OEP_2026_archivo_21_municipios","coordinate_year":2026,"match_method":"exact_municipality_locality_precinct","match_score":1,"coordinate_status":"official_2026_source_file","georeference_confidence":"high","metropolitan":true,"estimated_coordinate":false},"geometry":{"type":"Point","coordinates":[-63.120663,-17.800112]}},{"type":"Feature","properties":{"province":"Andrés Ibáñez","municipality":"Santa Cruz de La Sierra","locality":"Santa Cruz de la Sierra","precinct_code":25434,"precinct":"U.E. Hacia La Cumbre","registered_2026":1422,"tables_2026":6,"coordinate_source":"OEP_2026_archivo_21_municipios","coordinate_year":2026,"match_method":"exact_municipality_locality_precinct","match_score":1,"coordinate_status":"official_2026_source_file","georeference_confidence":"high","metropolitan":true,"estimated_coordinate":false},"geometry":{"type":"Point","coordinates":[-63.131139,-17.791147]}},{"type":"Feature","properties":{"province":"Andrés Ibáñez","municipality":"Santa Cruz de La Sierra","locality":"Santa Cruz de la Sierra","precinct_code":25435,"precinct":"U.E. Palmar Del Oriente","registered_2026":2462,"tables_2026":11,"coordinate_source":"OEP_2026_archivo_21_municipios","coordinate_year":2026,"match_method":"exact_municipality_locality_precinct","match_score":1,"coordinate_status":"official_2026_source_file","georeference_confidence":"high","metropolitan":true,"estimated_coordinate":false},"geometry":{"type":"Point","coordinates":[-63.163259,-17.845564]}},{"type":"Feature","properties":{"province":"Andrés Ibáñez","municipality":"Santa Cruz de La Sierra","locality":"Santa Cruz de la Sierra","precinct_code":25436,"precinct":"Kinder Cariñosito","registered_2026":1889,"tables_2026":8,"coordinate_source":"OEP_2026_archivo_21_municipios","coordinate_year":2026,"match_method":"exact_municipality_locality_precinct","match_score":1,"coordinate_status":"official_2026_source_file","georeference_confidence":"high","metropolitan":true,"estimated_coordinate":false},"geometry":{"type":"Point","coordinates":[-63.214436,-17.849401]}},{"type":"Feature","properties":{"province":"Andrés Ibáñez","municipality":"Santa Cruz de La Sierra","locality":"Santa Cruz de la Sierra","precinct_code":25437,"precinct":"U.E. Mateo Kuljis Llic II","registered_2026":971,"tables_2026":4,"coordinate_source":"OEP_2026_archivo_21_municipios","coordinate_year":2026,"match_method":"exact_municipality_locality_precinct","match_score":1,"coordinate_status":"official_2026_source_file","georeference_confidence":"high","metropolitan":true,"estimated_coordinate":false},"geometry":{"type":"Point","coordinates":[-63.227737,-17.836623]}},{"type":"Feature","properties":{"province":"Andrés Ibáñez","municipality":"Santa Cruz de La Sierra","locality":"Santa Cruz de la Sierra","precinct_code":25438,"precinct":"Modulo Educativo Maria De Mattias","registered_2026":1477,"tables_2026":7,"coordinate_source":"OEP_2026_archivo_21_municipios","coordinate_year":2026,"match_method":"exact_municipality_locality_precinct","match_score":1,"coordinate_status":"official_2026_source_file","georeference_confidence":"high","metropolitan":true,"estimated_coordinate":false},"geometry":{"type":"Point","coordinates":[-63.193289,-17.844515]}},{"type":"Feature","properties":{"province":"Andrés Ibáñez","municipality":"Santa Cruz de La Sierra","locality":"Santa Cruz de la Sierra","precinct_code":25439,"precinct":"Modulo Educativo Republica De Colombia","registered_2026":2873,"tables_2026":12,"coordinate_source":"OEP_2026_archivo_21_municipios","coordinate_year":2026,"match_method":"exact_municipality_locality_precinct","match_score":1,"coordinate_status":"official_2026_source_file","georeference_confidence":"high","metropolitan":true,"estimated_coordinate":false},"geometry":{"type":"Point","coordinates":[-63.20602,-17.860021]}},{"type":"Feature","properties":{"province":"Andrés Ibáñez","municipality":"Santa Cruz de La Sierra","locality":"Santa Cruz de la Sierra","precinct_code":25440,"precinct":"U.E. Victoria Diez","registered_2026":2081,"tables_2026":9,"coordinate_source":"OEP_2026_archivo_21_municipios","coordinate_year":2026,"match_method":"exact_municipality_locality_precinct","match_score":1,"coordinate_status":"official_2026_source_file","georeference_confidence":"high","metropolitan":true,"estimated_coordinate":false},"geometry":{"type":"Point","coordinates":[-63.195851,-17.86569]}},{"type":"Feature","properties":{"province":"Andrés Ibáñez","municipality":"Santa Cruz de La Sierra","locality":"Santa Cruz de la Sierra","precinct_code":25441,"precinct":"Modulo Educativo Cenetrop","registered_2026":946,"tables_2026":4,"coordinate_source":"OEP_2026_archivo_21_municipios","coordinate_year":2026,"match_method":"exact_municipality_locality_precinct","match_score":1,"coordinate_status":"official_2026_source_file","georeference_confidence":"high","metropolitan":true,"estimated_coordinate":false},"geometry":{"type":"Point","coordinates":[-63.175314,-17.868277]}},{"type":"Feature","properties":{"province":"Andrés Ibáñez","municipality":"Santa Cruz de La Sierra","locality":"Santa Cruz de la Sierra","precinct_code":25442,"precinct":"U.E. Santa Ana C","registered_2026":1426,"tables_2026":6,"coordinate_source":"OEP_2026_archivo_21_municipios","coordinate_year":2026,"match_method":"exact_municipality_locality_precinct","match_score":1,"coordinate_status":"official_2026_source_file","georeference_confidence":"high","metropolitan":true,"estimated_coordinate":false},"geometry":{"type":"Point","coordinates":[-63.225873,-17.820523]}},{"type":"Feature","properties":{"province":"Andrés Ibáñez","municipality":"Santa Cruz de La Sierra","locality":"Santa Cruz de la Sierra","precinct_code":25443,"precinct":"Modulo Educativo Jardin Latino","registered_2026":1090,"tables_2026":5,"coordinate_source":"OEP_2026_archivo_21_municipios","coordinate_year":2026,"match_method":"exact_municipality_locality_precinct","match_score":1,"coordinate_status":"official_2026_source_file","georeference_confidence":"high","metropolitan":true,"estimated_coordinate":false},"geometry":{"type":"Point","coordinates":[-63.226846,-17.811045]}},{"type":"Feature","properties":{"province":"Andrés Ibáñez","municipality":"Santa Cruz de La Sierra","locality":"Santa Cruz de la Sierra","precinct_code":25444,"precinct":"Modulo Educativo 24 De Septiembre","registered_2026":1109,"tables_2026":5,"coordinate_source":"OEP_2026_archivo_21_municipios","coordinate_year":2026,"match_method":"exact_municipality_locality_precinct","match_score":1,"coordinate_status":"official_2026_source_file","georeference_confidence":"high","metropolitan":true,"estimated_coordinate":false},"geometry":{"type":"Point","coordinates":[-63.205039,-17.819547]}},{"type":"Feature","properties":{"province":"Andrés Ibáñez","municipality":"Santa Cruz de La Sierra","locality":"Santa Cruz de la Sierra","precinct_code":25470,"precinct":"U.E. Santa Cruz de la Sierra","registered_2026":6811,"tables_2026":29,"coordinate_source":"OEP_2026_archivo_21_municipios","coordinate_year":2026,"match_method":"exact_municipality_locality_precinct","match_score":1,"coordinate_status":"official_2026_source_file","georeference_confidence":"high","metropolitan":true,"estimated_coordinate":false},"geometry":{"type":"Point","coordinates":[-63.15969,-17.706459]}},{"type":"Feature","properties":{"province":"Andrés Ibáñez","municipality":"Santa Cruz de La Sierra","locality":"Santa Cruz de la Sierra","precinct_code":25472,"precinct":"U.E. Josefina Balsamo Cordecruz","registered_2026":1988,"tables_2026":9,"coordinate_source":"OEP_2026_archivo_21_municipios","coordinate_year":2026,"match_method":"exact_municipality_locality_precinct","match_score":1,"coordinate_status":"official_2026_source_file","georeference_confidence":"high","metropolitan":true,"estimated_coordinate":false},"geometry":{"type":"Point","coordinates":[-63.158143,-17.752132]}},{"type":"Feature","properties":{"province":"Andrés Ibáñez","municipality":"Santa Cruz de La Sierra","locality":"Santa Cruz de la Sierra","precinct_code":25475,"precinct":"U.E. Manantial De Vida","registered_2026":3381,"tables_2026":15,"coordinate_source":"OEP_2026_archivo_21_municipios","coordinate_year":2026,"match_method":"exact_municipality_locality_precinct","match_score":1,"coordinate_status":"official_2026_source_file","georeference_confidence":"high","metropolitan":true,"estimated_coordinate":false},"geometry":{"type":"Point","coordinates":[-63.072591,-17.852235]}},{"type":"Feature","properties":{"province":"Andrés Ibáñez","municipality":"Santa Cruz de La Sierra","locality":"Santa Cruz de la Sierra","precinct_code":25653,"precinct":"U.E. Santa Cecilia","registered_2026":3532,"tables_2026":15,"coordinate_source":"OEP_2026_archivo_21_municipios","coordinate_year":2026,"match_method":"exact_municipality_locality_precinct","match_score":1,"coordinate_status":"official_2026_source_file","georeference_confidence":"high","metropolitan":true,"estimated_coordinate":false},"geometry":{"type":"Point","coordinates":[-63.135822,-17.73297]}},{"type":"Feature","properties":{"province":"Andrés Ibáñez","municipality":"Santa Cruz de La Sierra","locality":"Santa Cruz de la Sierra","precinct_code":25654,"precinct":"U.E. Pedro Rivero Mercado","registered_2026":5403,"tables_2026":23,"coordinate_source":"OEP_2026_archivo_21_municipios","coordinate_year":2026,"match_method":"exact_municipality_locality_precinct","match_score":1,"coordinate_status":"official_2026_source_file","georeference_confidence":"high","metropolitan":true,"estimated_coordinate":false},"geometry":{"type":"Point","coordinates":[-63.102534,-17.795602]}},{"type":"Feature","properties":{"province":"Andrés Ibáñez","municipality":"Santa Cruz de La Sierra","locality":"Santa Cruz de la Sierra","precinct_code":25655,"precinct":"U.E. Ramon Dario Gutierrez  A","registered_2026":4283,"tables_2026":18,"coordinate_source":"OEP_2026_archivo_21_municipios","coordinate_year":2026,"match_method":"exact_municipality_locality_precinct","match_score":1,"coordinate_status":"official_2026_source_file","georeference_confidence":"high","metropolitan":true,"estimated_coordinate":false},"geometry":{"type":"Point","coordinates":[-63.153639,-17.809407]}},{"type":"Feature","properties":{"province":"Andrés Ibáñez","municipality":"Santa Cruz de La Sierra","locality":"Santa Cruz de la Sierra","precinct_code":25656,"precinct":"U.E. Paraíso de los Infantes","registered_2026":4427,"tables_2026":19,"coordinate_source":"OEP_2026_archivo_21_municipios","coordinate_year":2026,"match_method":"exact_municipality_locality_precinct","match_score":1,"coordinate_status":"official_2026_source_file","georeference_confidence":"high","metropolitan":true,"estimated_coordinate":false},"geometry":{"type":"Point","coordinates":[-63.067399,-17.849895]}},{"type":"Feature","properties":{"province":"Andrés Ibáñez","municipality":"Santa Cruz de La Sierra","locality":"Santa Cruz de la Sierra","precinct_code":25657,"precinct":"U.E. Luz del Mundo  A","registered_2026":5710,"tables_2026":24,"coordinate_source":"OEP_2026_archivo_21_municipios","coordinate_year":2026,"match_method":"exact_municipality_locality_precinct","match_score":1,"coordinate_status":"official_2026_source_file","georeference_confidence":"high","metropolitan":true,"estimated_coordinate":false},"geometry":{"type":"Point","coordinates":[-63.117719,-17.844285]}},{"type":"Feature","properties":{"province":"Andrés Ibáñez","municipality":"Santa Cruz de La Sierra","locality":"Santa Cruz de la Sierra","precinct_code":25658,"precinct":"U.E. San Marcos","registered_2026":1646,"tables_2026":7,"coordinate_source":"OEP_2026_archivo_21_municipios","coordinate_year":2026,"match_method":"exact_municipality_locality_precinct","match_score":1,"coordinate_status":"official_2026_source_file","georeference_confidence":"high","metropolitan":true,"estimated_coordinate":false},"geometry":{"type":"Point","coordinates":[-63.209566,-17.84109]}},{"type":"Feature","properties":{"province":"Andrés Ibáñez","municipality":"Santa Cruz de La Sierra","locality":"Santa Cruz de la Sierra","precinct_code":25659,"precinct":"U.E. Andres Ibañez  A","registered_2026":2778,"tables_2026":12,"coordinate_source":"OEP_2026_archivo_21_municipios","coordinate_year":2026,"match_method":"exact_municipality_locality_precinct","match_score":1,"coordinate_status":"official_2026_source_file","georeference_confidence":"high","metropolitan":true,"estimated_coordinate":false},"geometry":{"type":"Point","coordinates":[-63.106637,-17.839619]}},{"type":"Feature","properties":{"province":"Andrés Ibáñez","municipality":"Santa Cruz de La Sierra","locality":"Santa Cruz de la Sierra","precinct_code":25660,"precinct":"U.E. El Terrado","registered_2026":1917,"tables_2026":8,"coordinate_source":"OEP_2026_archivo_21_municipios","coordinate_year":2026,"match_method":"exact_municipality_locality_precinct","match_score":1,"coordinate_status":"official_2026_source_file","georeference_confidence":"high","metropolitan":true,"estimated_coordinate":false},"geometry":{"type":"Point","coordinates":[-63.099313,-17.805483]}},{"type":"Feature","properties":{"province":"Andrés Ibáñez","municipality":"Santa Cruz de La Sierra","locality":"Santa Cruz de la Sierra","precinct_code":25661,"precinct":"U.E. Libertad","registered_2026":2207,"tables_2026":10,"coordinate_source":"OEP_2026_archivo_21_municipios","coordinate_year":2026,"match_method":"exact_municipality_locality_precinct","match_score":1,"coordinate_status":"official_2026_source_file","georeference_confidence":"high","metropolitan":true,"estimated_coordinate":false},"geometry":{"type":"Point","coordinates":[-63.083075,-17.746756]}},{"type":"Feature","properties":{"province":"Andrés Ibáñez","municipality":"Santa Cruz de La Sierra","locality":"Santa Cruz de la Sierra","precinct_code":25662,"precinct":"U.E. Luis Melgar I","registered_2026":4374,"tables_2026":19,"coordinate_source":"OEP_2026_archivo_21_municipios","coordinate_year":2026,"match_method":"exact_municipality_locality_precinct","match_score":1,"coordinate_status":"official_2026_source_file","georeference_confidence":"high","metropolitan":true,"estimated_coordinate":false},"geometry":{"type":"Point","coordinates":[-63.10168,-17.836937]}},{"type":"Feature","properties":{"province":"Andrés Ibáñez","municipality":"Santa Cruz de La Sierra","locality":"Santa Cruz de la Sierra","precinct_code":25663,"precinct":"U.E. Módulo Roca y Coronado","registered_2026":4406,"tables_2026":19,"coordinate_source":"OEP_2026_archivo_21_municipios","coordinate_year":2026,"match_method":"exact_municipality_locality_precinct","match_score":1,"coordinate_status":"official_2026_source_file","georeference_confidence":"high","metropolitan":true,"estimated_coordinate":false},"geometry":{"type":"Point","coordinates":[-63.157345,-17.839575]}},{"type":"Feature","properties":{"province":"Andrés Ibáñez","municipality":"Santa Cruz de La Sierra","locality":"Santa Cruz de la Sierra","precinct_code":25664,"precinct":"U.E. 1ro. De Mayo","registered_2026":1591,"tables_2026":7,"coordinate_source":"OEP_2026_archivo_21_municipios","coordinate_year":2026,"match_method":"exact_municipality_locality_precinct","match_score":1,"coordinate_status":"official_2026_source_file","georeference_confidence":"high","metropolitan":true,"estimated_coordinate":false},"geometry":{"type":"Point","coordinates":[-63.127767,-17.798787]}},{"type":"Feature","properties":{"province":"Andrés Ibáñez","municipality":"Santa Cruz de La Sierra","locality":"Santa Cruz de la Sierra","precinct_code":25665,"precinct":"U.E. Francisco Hurtado Pedraza","registered_2026":5374,"tables_2026":23,"coordinate_source":"OEP_2026_archivo_21_municipios","coordinate_year":2026,"match_method":"exact_municipality_locality_precinct","match_score":1,"coordinate_status":"official_2026_source_file","georeference_confidence":"high","metropolitan":true,"estimated_coordinate":false},"geometry":{"type":"Point","coordinates":[-63.110852,-17.848809]}},{"type":"Feature","properties":{"province":"Andrés Ibáñez","municipality":"Santa Cruz de La Sierra","locality":"Santa Cruz de la Sierra","precinct_code":25666,"precinct":"U.E. Melvin Jones","registered_2026":911,"tables_2026":4,"coordinate_source":"OEP_2026_archivo_21_municipios","coordinate_year":2026,"match_method":"exact_municipality_locality_precinct","match_score":1,"coordinate_status":"official_2026_source_file","georeference_confidence":"high","metropolitan":true,"estimated_coordinate":false},"geometry":{"type":"Point","coordinates":[-63.194267,-17.797078]}},{"type":"Feature","properties":{"province":"Andrés Ibáñez","municipality":"Santa Cruz de La Sierra","locality":"Santa Cruz de la Sierra","precinct_code":25667,"precinct":"U.E. Juancito Pinto","registered_2026":4299,"tables_2026":18,"coordinate_source":"OEP_2026_archivo_21_municipios","coordinate_year":2026,"match_method":"exact_municipality_locality_precinct","match_score":1,"coordinate_status":"official_2026_source_file","georeference_confidence":"high","metropolitan":true,"estimated_coordinate":false},"geometry":{"type":"Point","coordinates":[-63.086054,-17.842413]}},{"type":"Feature","properties":{"province":"Andrés Ibáñez","municipality":"Santa Cruz de La Sierra","locality":"Santa Cruz de la Sierra","precinct_code":25668,"precinct":"U.E. 18 de Noviembre","registered_2026":2979,"tables_2026":13,"coordinate_source":"OEP_2026_archivo_21_municipios","coordinate_year":2026,"match_method":"exact_municipality_locality_precinct","match_score":1,"coordinate_status":"official_2026_source_file","georeference_confidence":"high","metropolitan":true,"estimated_coordinate":false},"geometry":{"type":"Point","coordinates":[-63.177069,-17.723898]}},{"type":"Feature","properties":{"province":"Andrés Ibáñez","municipality":"Santa Cruz de La Sierra","locality":"Santa Cruz de la Sierra","precinct_code":25677,"precinct":"U.E. Bautista Vida Nueva","registered_2026":3143,"tables_2026":14,"coordinate_source":"OEP_2026_archivo_21_municipios","coordinate_year":2026,"match_method":"exact_municipality_locality_precinct","match_score":1,"coordinate_status":"official_2026_source_file","georeference_confidence":"high","metropolitan":true,"estimated_coordinate":false},"geometry":{"type":"Point","coordinates":[-63.175659,-17.825378]}},{"type":"Feature","properties":{"province":"Andrés Ibáñez","municipality":"Santa Cruz de La Sierra","locality":"Santa Cruz de la Sierra","precinct_code":25858,"precinct":"U. E. Santa Claudina Thevenet","registered_2026":2493,"tables_2026":11,"coordinate_source":"OEP_2026_archivo_21_municipios","coordinate_year":2026,"match_method":"exact_municipality_locality_precinct","match_score":1,"coordinate_status":"official_2026_source_file","georeference_confidence":"high","metropolitan":true,"estimated_coordinate":false},"geometry":{"type":"Point","coordinates":[-63.133305,-17.828843]}},{"type":"Feature","properties":{"province":"Andrés Ibáñez","municipality":"Santa Cruz de La Sierra","locality":"Santa Cruz de la Sierra","precinct_code":26338,"precinct":"U. E. Libertador Simón Bolívar","registered_2026":1376,"tables_2026":6,"coordinate_source":"OEP_2026_archivo_21_municipios","coordinate_year":2026,"match_method":"exact_municipality_locality_precinct","match_score":1,"coordinate_status":"official_2026_source_file","georeference_confidence":"high","metropolitan":true,"estimated_coordinate":false},"geometry":{"type":"Point","coordinates":[-63.192655,-17.841169]}},{"type":"Feature","properties":{"province":"Andrés Ibáñez","municipality":"Santa Cruz de La Sierra","locality":"Santa Cruz de la Sierra","precinct_code":26340,"precinct":"U. E. 10 de Octubre","registered_2026":6944,"tables_2026":29,"coordinate_source":"OEP_2026_archivo_21_municipios","coordinate_year":2026,"match_method":"exact_municipality_locality_precinct","match_score":1,"coordinate_status":"official_2026_source_file","georeference_confidence":"high","metropolitan":true,"estimated_coordinate":false},"geometry":{"type":"Point","coordinates":[-63.119443,-17.740963]}},{"type":"Feature","properties":{"province":"Andrés Ibáñez","municipality":"Santa Cruz de La Sierra","locality":"Santa Cruz de la Sierra","precinct_code":26343,"precinct":"U. E. Felix Oroza Marañon II","registered_2026":1771,"tables_2026":8,"coordinate_source":"OEP_2026_archivo_21_municipios","coordinate_year":2026,"match_method":"exact_municipality_locality_precinct","match_score":1,"coordinate_status":"official_2026_source_file","georeference_confidence":"high","metropolitan":true,"estimated_coordinate":false},"geometry":{"type":"Point","coordinates":[-63.209378,-17.79866]}},{"type":"Feature","properties":{"province":"Andrés Ibáñez","municipality":"Santa Cruz de La Sierra","locality":"Santa Cruz de la Sierra","precinct_code":26345,"precinct":"U. E. Módulo El Trapiche","registered_2026":1997,"tables_2026":9,"coordinate_source":"OEP_2026_archivo_21_municipios","coordinate_year":2026,"match_method":"exact_municipality_locality_precinct","match_score":1,"coordinate_status":"official_2026_source_file","georeference_confidence":"high","metropolitan":true,"estimated_coordinate":false},"geometry":{"type":"Point","coordinates":[-63.072771,-17.754408]}},{"type":"Feature","properties":{"province":"Andrés Ibáñez","municipality":"Santa Cruz de La Sierra","locality":"Santa Cruz de la Sierra","precinct_code":26346,"precinct":"U. E. Módulo Urbanización Cotoca (Prof. Jaime Escalante)","registered_2026":7843,"tables_2026":33,"coordinate_source":"OEP_2026_archivo_21_municipios","coordinate_year":2026,"match_method":"exact_municipality_locality_precinct","match_score":1,"coordinate_status":"official_2026_source_file","georeference_confidence":"high","metropolitan":true,"estimated_coordinate":false},"geometry":{"type":"Point","coordinates":[-63.10226,-17.757409]}},{"type":"Feature","properties":{"province":"Andrés Ibáñez","municipality":"Santa Cruz de La Sierra","locality":"Santa Cruz de la Sierra","precinct_code":26348,"precinct":"U. E. Neptaly Sandoval II","registered_2026":1519,"tables_2026":7,"coordinate_source":"OEP_2026_archivo_21_municipios","coordinate_year":2026,"match_method":"exact_municipality_locality_precinct","match_score":1,"coordinate_status":"official_2026_source_file","georeference_confidence":"high","metropolitan":true,"estimated_coordinate":false},"geometry":{"type":"Point","coordinates":[-63.151178,-17.783891]}},{"type":"Feature","properties":{"province":"Andrés Ibáñez","municipality":"Santa Cruz de La Sierra","locality":"Santa Cruz de la Sierra","precinct_code":26353,"precinct":"U.E. Japón V Nivel Inicial","registered_2026":2165,"tables_2026":9,"coordinate_source":"OEP_2026_archivo_21_municipios","coordinate_year":2026,"match_method":"exact_municipality_locality_precinct","match_score":1,"coordinate_status":"official_2026_source_file","georeference_confidence":"high","metropolitan":true,"estimated_coordinate":false},"geometry":{"type":"Point","coordinates":[-63.194619,-17.808412]}},{"type":"Feature","properties":{"province":"Andrés Ibáñez","municipality":"Santa Cruz de La Sierra","locality":"Santa Cruz de la Sierra","precinct_code":26400,"precinct":"U.E. San Jorge Norte","registered_2026":458,"tables_2026":2,"coordinate_source":"OEP_2026_archivo_21_municipios","coordinate_year":2026,"match_method":"exact_municipality_locality_precinct","match_score":1,"coordinate_status":"official_2026_source_file","georeference_confidence":"high","metropolitan":true,"estimated_coordinate":false},"geometry":{"type":"Point","coordinates":[-63.181511,-17.741574]}},{"type":"Feature","properties":{"province":"Andrés Ibáñez","municipality":"Santa Cruz de La Sierra","locality":"Santa Cruz de la Sierra","precinct_code":26401,"precinct":"U.E. Dennys Antelo Jordan","registered_2026":282,"tables_2026":2,"coordinate_source":"OEP_2026_archivo_21_municipios","coordinate_year":2026,"match_method":"exact_municipality_locality_precinct","match_score":1,"coordinate_status":"official_2026_source_file","georeference_confidence":"high","metropolitan":true,"estimated_coordinate":false},"geometry":{"type":"Point","coordinates":[-63.153611,-17.798507]}},{"type":"Feature","properties":{"province":"Andrés Ibáñez","municipality":"Santa Cruz de La Sierra","locality":"Santa Cruz de la Sierra","precinct_code":26402,"precinct":"U.E. Feliciana Rodriguez I","registered_2026":364,"tables_2026":2,"coordinate_source":"OEP_2026_archivo_21_municipios","coordinate_year":2026,"match_method":"exact_municipality_locality_precinct","match_score":1,"coordinate_status":"official_2026_source_file","georeference_confidence":"high","metropolitan":true,"estimated_coordinate":false},"geometry":{"type":"Point","coordinates":[-63.175016,-17.813674]}},{"type":"Feature","properties":{"province":"Andrés Ibáñez","municipality":"Santa Cruz de La Sierra","locality":"Santa Cruz de la Sierra","precinct_code":26403,"precinct":"U.E. Hilarión Tomelicht Ardaya I","registered_2026":355,"tables_2026":2,"coordinate_source":"OEP_2026_archivo_21_municipios","coordinate_year":2026,"match_method":"exact_municipality_locality_precinct","match_score":1,"coordinate_status":"official_2026_source_file","georeference_confidence":"high","metropolitan":true,"estimated_coordinate":false},"geometry":{"type":"Point","coordinates":[-63.158937,-17.739515]}},{"type":"Feature","properties":{"province":"Andrés Ibáñez","municipality":"Santa Cruz de La Sierra","locality":"Santa Cruz de la Sierra","precinct_code":26404,"precinct":"Centro Eductivo Boliviano Japonés","registered_2026":914,"tables_2026":4,"coordinate_source":"OEP_2026_archivo_21_municipios","coordinate_year":2026,"match_method":"exact_municipality_locality_precinct","match_score":1,"coordinate_status":"official_2026_source_file","georeference_confidence":"high","metropolitan":true,"estimated_coordinate":false},"geometry":{"type":"Point","coordinates":[-63.152232,-17.741382]}},{"type":"Feature","properties":{"province":"Andrés Ibáñez","municipality":"Santa Cruz de La Sierra","locality":"Santa Cruz de la Sierra","precinct_code":26405,"precinct":"Módulo Educativo Boris Banzer de Porvenir","registered_2026":907,"tables_2026":4,"coordinate_source":"OEP_2026_archivo_21_municipios","coordinate_year":2026,"match_method":"exact_municipality_locality_precinct","match_score":1,"coordinate_status":"official_2026_source_file","georeference_confidence":"high","metropolitan":true,"estimated_coordinate":false},"geometry":{"type":"Point","coordinates":[-63.129995,-17.787225]}},{"type":"Feature","properties":{"province":"Andrés Ibáñez","municipality":"Santa Cruz de La Sierra","locality":"Santa Cruz de la Sierra","precinct_code":26406,"precinct":"U.E. 4 de Febrero","registered_2026":1393,"tables_2026":6,"coordinate_source":"OEP_2026_archivo_21_municipios","coordinate_year":2026,"match_method":"exact_municipality_locality_precinct","match_score":1,"coordinate_status":"official_2026_source_file","georeference_confidence":"high","metropolitan":true,"estimated_coordinate":false},"geometry":{"type":"Point","coordinates":[-63.103064,-17.780986]}},{"type":"Feature","properties":{"province":"Andrés Ibáñez","municipality":"Santa Cruz de La Sierra","locality":"Santa Cruz de la Sierra","precinct_code":26407,"precinct":"Tecnológico Productivo Plan 3000","registered_2026":332,"tables_2026":2,"coordinate_source":"OEP_2026_archivo_21_municipios","coordinate_year":2026,"match_method":"exact_municipality_locality_precinct","match_score":1,"coordinate_status":"official_2026_source_file","georeference_confidence":"high","metropolitan":true,"estimated_coordinate":false},"geometry":{"type":"Point","coordinates":[-63.122859,-17.824813]}},{"type":"Feature","properties":{"province":"Andrés Ibáñez","municipality":"Santa Cruz de La Sierra","locality":"Santa Cruz de la Sierra","precinct_code":26408,"precinct":"U.E. San Francisco Sur (Modulo Secundario)","registered_2026":823,"tables_2026":4,"coordinate_source":"OEP_2026_archivo_21_municipios","coordinate_year":2026,"match_method":"exact_municipality_locality_precinct","match_score":1,"coordinate_status":"official_2026_source_file","georeference_confidence":"high","metropolitan":true,"estimated_coordinate":false},"geometry":{"type":"Point","coordinates":[-63.158146,-17.858701]}},{"type":"Feature","properties":{"province":"Andrés Ibáñez","municipality":"Santa Cruz de La Sierra","locality":"Santa Cruz de la Sierra","precinct_code":26409,"precinct":"U.E. Amsterdam I Primaria","registered_2026":401,"tables_2026":2,"coordinate_source":"OEP_2026_archivo_21_municipios","coordinate_year":2026,"match_method":"exact_municipality_locality_precinct","match_score":1,"coordinate_status":"official_2026_source_file","georeference_confidence":"high","metropolitan":true,"estimated_coordinate":false},"geometry":{"type":"Point","coordinates":[-63.151334,-17.862042]}},{"type":"Feature","properties":{"province":"Andrés Ibáñez","municipality":"Santa Cruz de La Sierra","locality":"Santa Cruz de la Sierra","precinct_code":26410,"precinct":"Módulo Educativo El Triunfo","registered_2026":548,"tables_2026":3,"coordinate_source":"OEP_2026_archivo_21_municipios","coordinate_year":2026,"match_method":"exact_municipality_locality_precinct","match_score":1,"coordinate_status":"official_2026_source_file","georeference_confidence":"high","metropolitan":true,"estimated_coordinate":false},"geometry":{"type":"Point","coordinates":[-63.150573,-17.866336]}},{"type":"Feature","properties":{"province":"Andrés Ibáñez","municipality":"Santa Cruz de La Sierra","locality":"Santa Cruz de la Sierra","precinct_code":26411,"precinct":"U.E. La Ponderosa","registered_2026":278,"tables_2026":2,"coordinate_source":"OEP_2026_archivo_21_municipios","coordinate_year":2026,"match_method":"exact_municipality_locality_precinct","match_score":1,"coordinate_status":"official_2026_source_file","georeference_confidence":"high","metropolitan":true,"estimated_coordinate":false},"geometry":{"type":"Point","coordinates":[-63.161924,-17.872907]}},{"type":"Feature","properties":{"province":"Andrés Ibáñez","municipality":"Santa Cruz de La Sierra","locality":"Santa Cruz de la Sierra","precinct_code":26412,"precinct":"U.E. Hector Saucedo Montaño","registered_2026":304,"tables_2026":2,"coordinate_source":"OEP_2026_archivo_21_municipios","coordinate_year":2026,"match_method":"exact_municipality_locality_precinct","match_score":1,"coordinate_status":"official_2026_source_file","georeference_confidence":"high","metropolitan":true,"estimated_coordinate":false},"geometry":{"type":"Point","coordinates":[-63.091736,-17.861428]}},{"type":"Feature","properties":{"province":"Andrés Ibáñez","municipality":"Santa Cruz de La Sierra","locality":"Santa Cruz de la Sierra","precinct_code":26413,"precinct":"U.E. Hortencia Banegas de Pinto","registered_2026":1125,"tables_2026":5,"coordinate_source":"OEP_2026_archivo_21_municipios","coordinate_year":2026,"match_method":"exact_municipality_locality_precinct","match_score":1,"coordinate_status":"official_2026_source_file","georeference_confidence":"high","metropolitan":true,"estimated_coordinate":false},"geometry":{"type":"Point","coordinates":[-63.170399,-17.89105]}},{"type":"Feature","properties":{"province":"Andrés Ibáñez","municipality":"Santa Cruz de La Sierra","locality":"Santa Cruz de la Sierra","precinct_code":26415,"precinct":"U.E. República Argentina A","registered_2026":365,"tables_2026":2,"coordinate_source":"OEP_2026_archivo_21_municipios","coordinate_year":2026,"match_method":"exact_municipality_locality_precinct","match_score":1,"coordinate_status":"official_2026_source_file","georeference_confidence":"high","metropolitan":true,"estimated_coordinate":false},"geometry":{"type":"Point","coordinates":[-63.18951,-17.786589]}},{"type":"Feature","properties":{"province":"Andrés Ibáñez","municipality":"Santa Cruz de La Sierra","locality":"Santa Cruz de la Sierra","precinct_code":26416,"precinct":"U.E. Niño Feliz el Pari","registered_2026":257,"tables_2026":1,"coordinate_source":"OEP_2026_archivo_21_municipios","coordinate_year":2026,"match_method":"exact_municipality_locality_precinct","match_score":1,"coordinate_status":"official_2026_source_file","georeference_confidence":"high","metropolitan":true,"estimated_coordinate":false},"geometry":{"type":"Point","coordinates":[-63.194865,-17.80073]}},{"type":"Feature","properties":{"province":"Andrés Ibáñez","municipality":"Santa Cruz de La Sierra","locality":"Santa Cruz de la Sierra","precinct_code":26417,"precinct":"U.E. John Fitzgerald Kennedy III","registered_2026":960,"tables_2026":4,"coordinate_source":"OEP_2026_archivo_21_municipios","coordinate_year":2026,"match_method":"exact_municipality_locality_precinct","match_score":1,"coordinate_status":"official_2026_source_file","georeference_confidence":"high","metropolitan":true,"estimated_coordinate":false},"geometry":{"type":"Point","coordinates":[-63.204232,-17.790163]}},{"type":"Feature","properties":{"province":"Andrés Ibáñez","municipality":"Santa Cruz de La Sierra","locality":"Santa Cruz de la Sierra","precinct_code":26418,"precinct":"U.E. Lucas Casaert","registered_2026":473,"tables_2026":2,"coordinate_source":"OEP_2026_archivo_21_municipios","coordinate_year":2026,"match_method":"exact_municipality_locality_precinct","match_score":1,"coordinate_status":"official_2026_source_file","georeference_confidence":"high","metropolitan":true,"estimated_coordinate":false},"geometry":{"type":"Point","coordinates":[-63.203448,-17.789775]}},{"type":"Feature","properties":{"province":"Andrés Ibáñez","municipality":"Santa Cruz de La Sierra","locality":"Santa Cruz de la Sierra","precinct_code":26419,"precinct":"U.E. El Porvenir","registered_2026":448,"tables_2026":2,"coordinate_source":"OEP_2026_archivo_21_municipios","coordinate_year":2026,"match_method":"exact_municipality_locality_precinct","match_score":1,"coordinate_status":"official_2026_source_file","georeference_confidence":"high","metropolitan":true,"estimated_coordinate":false},"geometry":{"type":"Point","coordinates":[-63.211248,-17.794846]}},{"type":"Feature","properties":{"province":"Andrés Ibáñez","municipality":"Santa Cruz de La Sierra","locality":"Santa Cruz de la Sierra","precinct_code":26420,"precinct":"U.E. Rómulo Gomez I","registered_2026":198,"tables_2026":1,"coordinate_source":"OEP_2026_archivo_21_municipios","coordinate_year":2026,"match_method":"exact_municipality_locality_precinct","match_score":1,"coordinate_status":"official_2026_source_file","georeference_confidence":"high","metropolitan":true,"estimated_coordinate":false},"geometry":{"type":"Point","coordinates":[-63.185285,-17.788636]}},{"type":"Feature","properties":{"province":"Andrés Ibáñez","municipality":"Santa Cruz de La Sierra","locality":"Santa Cruz de la Sierra","precinct_code":26421,"precinct":"Unidad Educativa Santa Ana D","registered_2026":4730,"tables_2026":20,"coordinate_source":"OEP_2026_archivo_21_municipios","coordinate_year":2026,"match_method":"exact_municipality_locality_precinct","match_score":1,"coordinate_status":"official_2026_source_file","georeference_confidence":"high","metropolitan":true,"estimated_coordinate":false},"geometry":{"type":"Point","coordinates":[-63.18109,-17.7403]}},{"type":"Feature","properties":{"province":"Andrés Ibáñez","municipality":"Santa Cruz de La Sierra","locality":"Santa Cruz de la Sierra","precinct_code":26422,"precinct":"U.E. Grigota","registered_2026":2492,"tables_2026":11,"coordinate_source":"OEP_2026_archivo_21_municipios","coordinate_year":2026,"match_method":"exact_municipality_locality_precinct","match_score":1,"coordinate_status":"official_2026_source_file","georeference_confidence":"high","metropolitan":true,"estimated_coordinate":false},"geometry":{"type":"Point","coordinates":[-63.165563,-17.76499]}},{"type":"Feature","properties":{"province":"Andrés Ibáñez","municipality":"Santa Cruz de La Sierra","locality":"Santa Cruz de la Sierra","precinct_code":26424,"precinct":"12 de Abril (Modulo 20 de Junio)","registered_2026":3619,"tables_2026":15,"coordinate_source":"OEP_2026_archivo_21_municipios","coordinate_year":2026,"match_method":"exact_municipality_locality_precinct","match_score":1,"coordinate_status":"official_2026_source_file","georeference_confidence":"high","metropolitan":true,"estimated_coordinate":false},"geometry":{"type":"Point","coordinates":[-63.136902,-17.80058]}},{"type":"Feature","properties":{"province":"Andrés Ibáñez","municipality":"Santa Cruz de La Sierra","locality":"Santa Cruz de la Sierra","precinct_code":26425,"precinct":"U.E. San Martin de Porres","registered_2026":1603,"tables_2026":7,"coordinate_source":"OEP_2026_archivo_21_municipios","coordinate_year":2026,"match_method":"exact_municipality_locality_precinct","match_score":1,"coordinate_status":"official_2026_source_file","georeference_confidence":"high","metropolitan":true,"estimated_coordinate":false},"geometry":{"type":"Point","coordinates":[-63.130171,-17.79661]}},{"type":"Feature","properties":{"province":"Andrés Ibáñez","municipality":"Santa Cruz de La Sierra","locality":"Santa Cruz de la Sierra","precinct_code":32024,"precinct":"U.E. Hermann Gmeiner","registered_2026":1883,"tables_2026":8,"coordinate_source":"OEP_2026_archivo_21_municipios","coordinate_year":2026,"match_method":"exact_municipality_locality_precinct","match_score":1,"coordinate_status":"official_2026_source_file","georeference_confidence":"high","metropolitan":true,"estimated_coordinate":false},"geometry":{"type":"Point","coordinates":[-63.234561,-17.829936]}},{"type":"Feature","properties":{"province":"Andrés Ibáñez","municipality":"Santa Cruz de La Sierra","locality":"Santa Cruz de la Sierra","precinct_code":32027,"precinct":"U.E. Normandia Thevenet","registered_2026":2411,"tables_2026":10,"coordinate_source":"OEP_2026_archivo_21_municipios","coordinate_year":2026,"match_method":"exact_municipality_locality_precinct","match_score":1,"coordinate_status":"official_2026_source_file","georeference_confidence":"high","metropolitan":true,"estimated_coordinate":false},"geometry":{"type":"Point","coordinates":[-63.0906,-17.854785]}},{"type":"Feature","properties":{"province":"Andrés Ibáñez","municipality":"Santa Cruz de La Sierra","locality":"Santa Cruz de la Sierra","precinct_code":32032,"precinct":"U.E. Santa Ana  (Módulo Educativo)","registered_2026":1709,"tables_2026":8,"coordinate_source":"OEP_2026_archivo_21_municipios","coordinate_year":2026,"match_method":"exact_municipality_locality_precinct","match_score":1,"coordinate_status":"official_2026_source_file","georeference_confidence":"high","metropolitan":true,"estimated_coordinate":false},"geometry":{"type":"Point","coordinates":[-63.127031,-17.759478]}},{"type":"Feature","properties":{"province":"Andrés Ibáñez","municipality":"Santa Cruz de La Sierra","locality":"Santa Cruz de la Sierra","precinct_code":32035,"precinct":"1ro. De Agosto","registered_2026":1475,"tables_2026":7,"coordinate_source":"OEP_2026_archivo_21_municipios","coordinate_year":2026,"match_method":"exact_municipality_locality_precinct","match_score":1,"coordinate_status":"official_2026_source_file","georeference_confidence":"high","metropolitan":true,"estimated_coordinate":false},"geometry":{"type":"Point","coordinates":[-63.152946,-17.838197]}},{"type":"Feature","properties":{"province":"Andrés Ibáñez","municipality":"Santa Cruz de La Sierra","locality":"Santa Cruz de la Sierra","precinct_code":32040,"precinct":"U.E. Copacabana (Módulo Educativo)","registered_2026":908,"tables_2026":4,"coordinate_source":"OEP_2026_archivo_21_municipios","coordinate_year":2026,"match_method":"exact_municipality_locality_precinct","match_score":1,"coordinate_status":"official_2026_source_file","georeference_confidence":"high","metropolitan":true,"estimated_coordinate":false},"geometry":{"type":"Point","coordinates":[-63.183024,-17.875745]}},{"type":"Feature","properties":{"province":"Andrés Ibáñez","municipality":"Santa Cruz de La Sierra","locality":"Santa Cruz de la Sierra","precinct_code":32192,"precinct":"U.E. Ferroviario","registered_2026":191,"tables_2026":1,"coordinate_source":"OEP_2026_archivo_21_municipios","coordinate_year":2026,"match_method":"exact_municipality_locality_precinct","match_score":1,"coordinate_status":"official_2026_source_file","georeference_confidence":"high","metropolitan":true,"estimated_coordinate":false},"geometry":{"type":"Point","coordinates":[-63.139377,-17.780042]}},{"type":"Feature","properties":{"province":"Andrés Ibáñez","municipality":"Santa Cruz de La Sierra","locality":"Santa Cruz de la Sierra","precinct_code":32269,"precinct":"Nueva América A","registered_2026":1160,"tables_2026":5,"coordinate_source":"OEP_2026_archivo_21_municipios","coordinate_year":2026,"match_method":"exact_municipality_locality_precinct","match_score":1,"coordinate_status":"official_2026_source_file","georeference_confidence":"high","metropolitan":true,"estimated_coordinate":false},"geometry":{"type":"Point","coordinates":[-63.135914,-17.817022]}},{"type":"Feature","properties":{"province":"Andrés Ibáñez","municipality":"Santa Cruz de La Sierra","locality":"Usuri","precinct_code":1,"precinct":"Esc. Usuri Aponte","registered_2026":866,"tables_2026":4,"coordinate_source":"OEP_2026_archivo_21_municipios","coordinate_year":2026,"match_method":"exact_municipality_locality_precinct","match_score":1,"coordinate_status":"official_2026_source_file","georeference_confidence":"high","metropolitan":true,"estimated_coordinate":false},"geometry":{"type":"Point","coordinates":[-63.05743,-17.92564]}},{"type":"Feature","properties":{"province":"Andrés Ibáñez","municipality":"Santa Cruz de La Sierra","locality":"Villa Pantano","precinct_code":1,"precinct":"U.E. Villa Flor (Módulo)","registered_2026":3024,"tables_2026":13,"coordinate_source":"OEP_2026_archivo_21_municipios","coordinate_year":2026,"match_method":"exact_municipality_locality_precinct","match_score":1,"coordinate_status":"official_2026_source_file","georeference_confidence":"high","metropolitan":true,"estimated_coordinate":false},"geometry":{"type":"Point","coordinates":[-63.125233,-17.912316]}},{"type":"Feature","properties":{"province":"Andrés Ibáñez","municipality":"Santa Cruz de La Sierra","locality":"Villa Viana","precinct_code":25365,"precinct":"U.E. Thevenet De Viana","registered_2026":1952,"tables_2026":9,"coordinate_source":"OEP_2026_archivo_21_municipios","coordinate_year":2026,"match_method":"exact_municipality_locality_precinct","match_score":1,"coordinate_status":"official_2026_source_file","georeference_confidence":"high","metropolitan":true,"estimated_coordinate":false},"geometry":{"type":"Point","coordinates":[-63.055362,-17.871556]}},{"type":"Feature","properties":{"province":"Andrés Ibáñez","municipality":"Santa Cruz de La Sierra","locality":"Zafranilla","precinct_code":1,"precinct":"Escuela Seccional Zafranilla","registered_2026":559,"tables_2026":3,"coordinate_source":"OEP_2026_archivo_21_municipios","coordinate_year":2026,"match_method":"exact_municipality_locality_precinct","match_score":1,"coordinate_status":"official_2026_source_file","georeference_confidence":"high","metropolitan":true,"estimated_coordinate":false},"geometry":{"type":"Point","coordinates":[-62.989641,-17.617843]}},{"type":"Feature","properties":{"province":"Angel Sandoval","municipality":"San Matías","locality":"Ascención de la Frontera","precinct_code":12003,"precinct":"U.E. Benjamin Catacora","registered_2026":816,"tables_2026":4,"coordinate_source":"OEP_GeoElectoral_2da_vuelta_2025","coordinate_year":2025,"match_method":"exact_municipality_locality_precinct","match_score":1,"coordinate_status":"official_2025_carried_forward","georeference_confidence":"high","metropolitan":false,"estimated_coordinate":false},"geometry":{"type":"Point","coordinates":[-59.449908,-16.319948]}},{"type":"Feature","properties":{"province":"Angel Sandoval","municipality":"San Matías","locality":"Candelaria","precinct_code":12001,"precinct":"U.E. Eduardo Abaroa","registered_2026":427,"tables_2026":2,"coordinate_source":"OEP_GeoElectoral_2da_vuelta_2025","coordinate_year":2025,"match_method":"exact_municipality_locality_precinct","match_score":1,"coordinate_status":"official_2025_carried_forward","georeference_confidence":"high","metropolitan":false,"estimated_coordinate":false},"geometry":{"type":"Point","coordinates":[-58.934118,-16.764517]}},{"type":"Feature","properties":{"province":"Angel Sandoval","municipality":"San Matías","locality":"Comunidad Indígena San Francisco","precinct_code":32424,"precinct":"U.E. San Francisco","registered_2026":125,"tables_2026":1,"coordinate_source":"OpenStreetMap (localidad San Francisco)","coordinate_year":null,"match_method":"locality_centroid_estimate","match_score":null,"coordinate_status":"estimated_not_official_precinct_point","georeference_confidence":"medium","official_2026_address":"Comunidad San Francisco, Av. principal s/n","coordinate_source_url":"https://www.openstreetmap.org/node/4802203613","coordinate_source_feature":"place=hamlet; OSM node 4802203613","metropolitan":false,"estimated_coordinate":true},"geometry":{"type":"Point","coordinates":[-58.39631,-16.31852]}},{"type":"Feature","properties":{"province":"Angel Sandoval","municipality":"San Matías","locality":"Comunidad Indígena San José de la Frontera","precinct_code":26336,"precinct":"U. E. San José de la Frontera","registered_2026":162,"tables_2026":1,"coordinate_source":"OEP_GeoElectoral_2da_vuelta_2025","coordinate_year":2025,"match_method":"exact_municipality_locality_precinct","match_score":1,"coordinate_status":"official_2025_carried_forward","georeference_confidence":"high","metropolitan":false,"estimated_coordinate":false},"geometry":{"type":"Point","coordinates":[-58.324615,-16.31186]}},{"type":"Feature","properties":{"province":"Angel Sandoval","municipality":"San Matías","locality":"Comunidad Indígena San Juan de Corralitos","precinct_code":32423,"precinct":"U.E. Cristóbal Colón","registered_2026":48,"tables_2026":1,"coordinate_source":"OpenStreetMap (localidad San Juan de Corralito)","coordinate_year":null,"match_method":"locality_centroid_estimate_name_variant","match_score":null,"coordinate_status":"estimated_not_official_precinct_point","georeference_confidence":"medium","official_2026_address":"Comunidad San Juan de Corralitos","coordinate_source_url":"https://www.openstreetmap.org/way/720320031","coordinate_source_feature":"place=hamlet; OSM way 720320031","metropolitan":false,"estimated_coordinate":true},"geometry":{"type":"Point","coordinates":[-58.3408677,-16.3812161]}},{"type":"Feature","properties":{"province":"Angel Sandoval","municipality":"San Matías","locality":"Comunidad Indígena Santa Fe","precinct_code":26337,"precinct":"U. E. Santa Fe","registered_2026":221,"tables_2026":1,"coordinate_source":"OEP_GeoElectoral_2da_vuelta_2025","coordinate_year":2025,"match_method":"exact_municipality_locality_precinct","match_score":1,"coordinate_status":"official_2025_carried_forward","georeference_confidence":"high","metropolitan":false,"estimated_coordinate":false},"geometry":{"type":"Point","coordinates":[-58.549115,-16.434763]}},{"type":"Feature","properties":{"province":"Angel Sandoval","municipality":"San Matías","locality":"Las Petas","precinct_code":12002,"precinct":"U.E. Simón Bolívar","registered_2026":556,"tables_2026":3,"coordinate_source":"OEP_GeoElectoral_2da_vuelta_2025","coordinate_year":2025,"match_method":"exact_municipality_locality_precinct","match_score":1,"coordinate_status":"official_2025_carried_forward","georeference_confidence":"high","metropolitan":false,"estimated_coordinate":false},"geometry":{"type":"Point","coordinates":[-59.178152,-16.380677]}},{"type":"Feature","properties":{"province":"Angel Sandoval","municipality":"San Matías","locality":"San Fernando","precinct_code":1,"precinct":"U.E. San Fernando","registered_2026":163,"tables_2026":1,"coordinate_source":"OEP_GeoElectoral_2da_vuelta_2025","coordinate_year":2025,"match_method":"exact_municipality_locality_precinct","match_score":1,"coordinate_status":"official_2025_carried_forward","georeference_confidence":"high","metropolitan":false,"estimated_coordinate":false},"geometry":{"type":"Point","coordinates":[-58.637568,-17.259529]}},{"type":"Feature","properties":{"province":"Angel Sandoval","municipality":"San Matías","locality":"San Matías","precinct_code":12000,"precinct":"Esc. U.E.Tecnica Vocacional","registered_2026":2738,"tables_2026":12,"coordinate_source":"OEP_GeoElectoral_2da_vuelta_2025","coordinate_year":2025,"match_method":"exact_municipality_locality_precinct","match_score":1,"coordinate_status":"official_2025_carried_forward","georeference_confidence":"high","metropolitan":false,"estimated_coordinate":false},"geometry":{"type":"Point","coordinates":[-58.396403,-16.361037]}},{"type":"Feature","properties":{"province":"Angel Sandoval","municipality":"San Matías","locality":"San Matías","precinct_code":12005,"precinct":"Esc. U.E. Emilia Rodat","registered_2026":3449,"tables_2026":15,"coordinate_source":"OEP_GeoElectoral_2da_vuelta_2025","coordinate_year":2025,"match_method":"exact_municipality_locality_precinct","match_score":1,"coordinate_status":"official_2025_carried_forward","georeference_confidence":"high","metropolitan":false,"estimated_coordinate":false},"geometry":{"type":"Point","coordinates":[-58.40152,-16.35967]}},{"type":"Feature","properties":{"province":"Angel Sandoval","municipality":"San Matías","locality":"San Matías","precinct_code":32107,"precinct":"U. E. Ángel Sandoval","registered_2026":163,"tables_2026":1,"coordinate_source":"OEP_GeoElectoral_2da_vuelta_2025","coordinate_year":2025,"match_method":"exact_municipality_locality_precinct","match_score":1,"coordinate_status":"official_2025_carried_forward","georeference_confidence":"high","metropolitan":false,"estimated_coordinate":false},"geometry":{"type":"Point","coordinates":[-58.397511,-16.36251]}},{"type":"Feature","properties":{"province":"Angel Sandoval","municipality":"San Matías","locality":"San Matías","precinct_code":32437,"precinct":"U.E. Gilberto Barba","registered_2026":40,"tables_2026":1,"coordinate_source":"OpenStreetMap (localidad Cruz Chica)","coordinate_year":null,"match_method":"locality_centroid_estimate","match_score":null,"coordinate_status":"estimated_not_official_precinct_point","georeference_confidence":"medium","official_2026_address":"Comunidad Cruz Chica, Av. Principal s/n","coordinate_source_url":"https://www.openstreetmap.org/node/6247708920","coordinate_source_feature":"place=village; OSM node 6247708920","metropolitan":false,"estimated_coordinate":true},"geometry":{"type":"Point","coordinates":[-58.3886006,-16.3730467]}},{"type":"Feature","properties":{"province":"Angel Sandoval","municipality":"San Matías","locality":"San Matías","precinct_code":32516,"precinct":"U.E. 27 de Julio","registered_2026":93,"tables_2026":1,"coordinate_source":"OpenStreetMap (localidad San Joaquin)","coordinate_year":null,"match_method":"locality_centroid_estimate","match_score":null,"coordinate_status":"estimated_not_official_precinct_point","georeference_confidence":"medium","official_2026_address":"Comunidad San Joaquin","coordinate_source_url":"https://www.openstreetmap.org/node/4802203611","coordinate_source_feature":"place=village; OSM node 4802203611","metropolitan":false,"estimated_coordinate":true},"geometry":{"type":"Point","coordinates":[-58.394557,-16.3850859]}},{"type":"Feature","properties":{"province":"Angel Sandoval","municipality":"San Matías","locality":"Santa Isabel","precinct_code":1,"precinct":"U.E. Santa Isabel","registered_2026":184,"tables_2026":1,"coordinate_source":"OEP_GeoElectoral_2da_vuelta_2025","coordinate_year":2025,"match_method":"exact_municipality_locality_precinct","match_score":1,"coordinate_status":"official_2025_carried_forward","georeference_confidence":"high","metropolitan":false,"estimated_coordinate":false},"geometry":{"type":"Point","coordinates":[-58.642907,-16.417393]}},{"type":"Feature","properties":{"province":"Angel Sandoval","municipality":"San Matías","locality":"Santo Corazón","precinct_code":5104,"precinct":"U.E. Jose Eccli","registered_2026":325,"tables_2026":2,"coordinate_source":"OEP_GeoElectoral_2da_vuelta_2025","coordinate_year":2025,"match_method":"exact_municipality_locality_precinct","match_score":1,"coordinate_status":"official_2025_carried_forward","georeference_confidence":"high","metropolitan":false,"estimated_coordinate":false},"geometry":{"type":"Point","coordinates":[-58.807751,-17.976601]}},{"type":"Feature","properties":{"province":"Chiquitos","municipality":"Pailón","locality":"Cañada Larga","precinct_code":3008,"precinct":"U.E. Cañada Larga","registered_2026":645,"tables_2026":3,"coordinate_source":"OEP_2026_archivo_21_municipios","coordinate_year":2026,"match_method":"exact_municipality_locality_precinct","match_score":1,"coordinate_status":"official_2026_source_file","georeference_confidence":"high","metropolitan":false,"estimated_coordinate":false},"geometry":{"type":"Point","coordinates":[-62.490786,-17.641988]}},{"type":"Feature","properties":{"province":"Chiquitos","municipality":"Pailón","locality":"Cerro de Concepción El Tinto(Cap.)","precinct_code":13007,"precinct":"U.E. Silverio Leaños Roca de El Tinto","registered_2026":1090,"tables_2026":5,"coordinate_source":"OEP_2026_archivo_21_municipios","coordinate_year":2026,"match_method":"exact_municipality_locality_precinct","match_score":1,"coordinate_status":"official_2026_source_file","georeference_confidence":"high","metropolitan":false,"estimated_coordinate":false},"geometry":{"type":"Point","coordinates":[-61.512268,-17.668913]}},{"type":"Feature","properties":{"province":"Chiquitos","municipality":"Pailón","locality":"Comunidad Campesina 25 de Mayo E. Avaroa","precinct_code":32508,"precinct":"U.E. Eduardo Abaroa","registered_2026":183,"tables_2026":1,"coordinate_source":"OEP_2026_archivo_21_municipios","coordinate_year":2026,"match_method":"exact_municipality_locality_precinct","match_score":1,"coordinate_status":"official_2026_source_file","georeference_confidence":"high","metropolitan":false,"estimated_coordinate":false},"geometry":{"type":"Point","coordinates":[-62.68822,-18.010844]}},{"type":"Feature","properties":{"province":"Chiquitos","municipality":"Pailón","locality":"El Cerro","precinct_code":25366,"precinct":"U.E. 12 de Octubre","registered_2026":434,"tables_2026":2,"coordinate_source":"OEP_2026_archivo_21_municipios","coordinate_year":2026,"match_method":"exact_municipality_locality_precinct","match_score":1,"coordinate_status":"official_2026_source_file","georeference_confidence":"high","metropolitan":false,"estimated_coordinate":false},"geometry":{"type":"Point","coordinates":[-61.510575,-17.543294]}},{"type":"Feature","properties":{"province":"Chiquitos","municipality":"Pailón","locality":"Nueva Belen","precinct_code":25851,"precinct":"U. E. Mateo Kuljis","registered_2026":219,"tables_2026":1,"coordinate_source":"OEP_2026_archivo_21_municipios","coordinate_year":2026,"match_method":"exact_municipality_locality_precinct","match_score":1,"coordinate_status":"official_2026_source_file","georeference_confidence":"high","metropolitan":false,"estimated_coordinate":false},"geometry":{"type":"Point","coordinates":[-62.686383,-17.613445]}},{"type":"Feature","properties":{"province":"Chiquitos","municipality":"Pailón","locality":"Pailón","precinct_code":13006,"precinct":"U.E. Dr. Angel Foianini Banzer","registered_2026":6534,"tables_2026":28,"coordinate_source":"OEP_2026_archivo_21_municipios","coordinate_year":2026,"match_method":"exact_municipality_locality_precinct","match_score":1,"coordinate_status":"official_2026_source_file","georeference_confidence":"high","metropolitan":false,"estimated_coordinate":false},"geometry":{"type":"Point","coordinates":[-62.72065,-17.65843]}},{"type":"Feature","properties":{"province":"Chiquitos","municipality":"Pailón","locality":"Pailón","precinct_code":25853,"precinct":"U. E. Prof. Carlos Gomez Cornejo","registered_2026":2708,"tables_2026":12,"coordinate_source":"OEP_2026_archivo_21_municipios","coordinate_year":2026,"match_method":"exact_municipality_locality_precinct","match_score":1,"coordinate_status":"official_2026_source_file","georeference_confidence":"high","metropolitan":false,"estimated_coordinate":false},"geometry":{"type":"Point","coordinates":[-62.721719,-17.657319]}},{"type":"Feature","properties":{"province":"Chiquitos","municipality":"Pailón","locality":"Pailón","precinct_code":25854,"precinct":"U. E. Nacional 13 de Mayo","registered_2026":1401,"tables_2026":6,"coordinate_source":"OEP_2026_archivo_21_municipios","coordinate_year":2026,"match_method":"exact_municipality_locality_precinct","match_score":1,"coordinate_status":"official_2026_source_file","georeference_confidence":"high","metropolitan":false,"estimated_coordinate":false},"geometry":{"type":"Point","coordinates":[-62.715078,-17.671708]}},{"type":"Feature","properties":{"province":"Chiquitos","municipality":"Pailón","locality":"Pailón","precinct_code":26385,"precinct":"U.E. Nacional 13 de Mayo Primario","registered_2026":771,"tables_2026":4,"coordinate_source":"OEP_2026_archivo_21_municipios","coordinate_year":2026,"match_method":"exact_municipality_locality_precinct","match_score":1,"coordinate_status":"official_2026_source_file","georeference_confidence":"high","metropolitan":false,"estimated_coordinate":false},"geometry":{"type":"Point","coordinates":[-62.722788,-17.661378]}},{"type":"Feature","properties":{"province":"Chiquitos","municipality":"Pailón","locality":"Poza Verde","precinct_code":1,"precinct":"Esc. Poza Verde","registered_2026":158,"tables_2026":1,"coordinate_source":"OEP_2026_archivo_21_municipios","coordinate_year":2026,"match_method":"exact_municipality_locality_precinct","match_score":1,"coordinate_status":"official_2026_source_file","georeference_confidence":"high","metropolitan":false,"estimated_coordinate":false},"geometry":{"type":"Point","coordinates":[-62.70517,-17.71927]}},{"type":"Feature","properties":{"province":"Chiquitos","municipality":"Pailón","locality":"Pozo del Tigre","precinct_code":13009,"precinct":"U.E. Emilio Sulzer Salinas","registered_2026":1527,"tables_2026":7,"coordinate_source":"OEP_2026_archivo_21_municipios","coordinate_year":2026,"match_method":"exact_municipality_locality_precinct","match_score":1,"coordinate_status":"official_2026_source_file","georeference_confidence":"high","metropolitan":false,"estimated_coordinate":false},"geometry":{"type":"Point","coordinates":[-61.990801,-17.602222]}},{"type":"Feature","properties":{"province":"Chiquitos","municipality":"Pailón","locality":"Puerto Ibáñez","precinct_code":25445,"precinct":"U.E. Ing. Jorge Mauricio Rojas P.","registered_2026":473,"tables_2026":2,"coordinate_source":"OEP_2026_archivo_21_municipios","coordinate_year":2026,"match_method":"exact_municipality_locality_precinct","match_score":1,"coordinate_status":"official_2026_source_file","georeference_confidence":"high","metropolitan":false,"estimated_coordinate":false},"geometry":{"type":"Point","coordinates":[-62.768756,-17.663106]}},{"type":"Feature","properties":{"province":"Chiquitos","municipality":"Pailón","locality":"Puesto Paz","precinct_code":1,"precinct":"Esc. Puesto Paz","registered_2026":95,"tables_2026":1,"coordinate_source":"OEP_2026_archivo_21_municipios","coordinate_year":2026,"match_method":"exact_municipality_locality_precinct","match_score":1,"coordinate_status":"official_2026_source_file","georeference_confidence":"high","metropolitan":false,"estimated_coordinate":false},"geometry":{"type":"Point","coordinates":[-62.44294,-17.48613]}},{"type":"Feature","properties":{"province":"Chiquitos","municipality":"Pailón","locality":"Rosal Centro","precinct_code":3018,"precinct":"U.E. Rosal Centro","registered_2026":1252,"tables_2026":6,"coordinate_source":"OEP_2026_archivo_21_municipios","coordinate_year":2026,"match_method":"exact_municipality_locality_precinct","match_score":1,"coordinate_status":"official_2026_source_file","georeference_confidence":"high","metropolitan":false,"estimated_coordinate":false},"geometry":{"type":"Point","coordinates":[-62.680269,-17.933752]}},{"type":"Feature","properties":{"province":"Chiquitos","municipality":"Pailón","locality":"Rosal Centro","precinct_code":32101,"precinct":"U. E. Rosal Centro (Módulo)","registered_2026":256,"tables_2026":1,"coordinate_source":"OEP_2026_archivo_21_municipios","coordinate_year":2026,"match_method":"exact_municipality_locality_precinct","match_score":1,"coordinate_status":"official_2026_source_file","georeference_confidence":"high","metropolitan":false,"estimated_coordinate":false},"geometry":{"type":"Point","coordinates":[-62.682288,-17.934932]}},{"type":"Feature","properties":{"province":"Chiquitos","municipality":"Pailón","locality":"Sinaí","precinct_code":25852,"precinct":"U. E. Sinaí","registered_2026":563,"tables_2026":3,"coordinate_source":"OEP_2026_archivo_21_municipios","coordinate_year":2026,"match_method":"exact_municipality_locality_precinct","match_score":1,"coordinate_status":"official_2026_source_file","georeference_confidence":"high","metropolitan":false,"estimated_coordinate":false},"geometry":{"type":"Point","coordinates":[-62.659,-17.545]}},{"type":"Feature","properties":{"province":"Chiquitos","municipality":"Pailón","locality":"Tres Cruces","precinct_code":13010,"precinct":"U.E. Oswaldo Irigoyen","registered_2026":3731,"tables_2026":16,"coordinate_source":"OEP_2026_archivo_21_municipios","coordinate_year":2026,"match_method":"exact_municipality_locality_precinct","match_score":1,"coordinate_status":"official_2026_source_file","georeference_confidence":"high","metropolitan":false,"estimated_coordinate":false},"geometry":{"type":"Point","coordinates":[-62.2267,-17.620405]}},{"type":"Feature","properties":{"province":"Chiquitos","municipality":"Pailón","locality":"Tunas Nuevo","precinct_code":1,"precinct":"Escuela Tunas Nuevo","registered_2026":1254,"tables_2026":6,"coordinate_source":"OEP_2026_archivo_21_municipios","coordinate_year":2026,"match_method":"exact_municipality_locality_precinct","match_score":1,"coordinate_status":"official_2026_source_file","georeference_confidence":"high","metropolitan":false,"estimated_coordinate":false},"geometry":{"type":"Point","coordinates":[-61.712867,-17.639084]}},{"type":"Feature","properties":{"province":"Chiquitos","municipality":"Roboré","locality":"Agua Negra","precinct_code":1,"precinct":"U.E. Agua Negra","registered_2026":81,"tables_2026":1,"coordinate_source":"OEP_2026_archivo_21_municipios","coordinate_year":2026,"match_method":"exact_municipality_locality_precinct","match_score":1,"coordinate_status":"official_2026_source_file","georeference_confidence":"high","metropolitan":false,"estimated_coordinate":false},"geometry":{"type":"Point","coordinates":[-59.182098,-18.147809]}},{"type":"Feature","properties":{"province":"Chiquitos","municipality":"Roboré","locality":"Aguas Calientes","precinct_code":13017,"precinct":"U.E. Aguas Calientes","registered_2026":626,"tables_2026":3,"coordinate_source":"OEP_2026_archivo_21_municipios","coordinate_year":2026,"match_method":"exact_municipality_locality_precinct","match_score":1,"coordinate_status":"official_2026_source_file","georeference_confidence":"high","metropolitan":false,"estimated_coordinate":false},"geometry":{"type":"Point","coordinates":[-59.50294,-18.453049]}},{"type":"Feature","properties":{"province":"Chiquitos","municipality":"Roboré","locality":"Chochís","precinct_code":5215,"precinct":"Esc. Seccional Chochis","registered_2026":584,"tables_2026":3,"coordinate_source":"OEP_2026_archivo_21_municipios","coordinate_year":2026,"match_method":"exact_municipality_locality_precinct","match_score":1,"coordinate_status":"official_2026_source_file","georeference_confidence":"high","metropolitan":false,"estimated_coordinate":false},"geometry":{"type":"Point","coordinates":[-60.031024,-18.148974]}},{"type":"Feature","properties":{"province":"Chiquitos","municipality":"Roboré","locality":"Los Sotos","precinct_code":1,"precinct":"U.E. Los Sotos","registered_2026":270,"tables_2026":2,"coordinate_source":"OEP_2026_archivo_21_municipios","coordinate_year":2026,"match_method":"exact_municipality_locality_precinct","match_score":1,"coordinate_status":"official_2026_source_file","georeference_confidence":"high","metropolitan":false,"estimated_coordinate":false},"geometry":{"type":"Point","coordinates":[-59.85545,-18.249334]}},{"type":"Feature","properties":{"province":"Chiquitos","municipality":"Roboré","locality":"Roboré","precinct_code":3014,"precinct":"Esc. Sagrada Familia","registered_2026":2556,"tables_2026":11,"coordinate_source":"OEP_2026_archivo_21_municipios","coordinate_year":2026,"match_method":"exact_municipality_locality_precinct","match_score":1,"coordinate_status":"official_2026_source_file","georeference_confidence":"high","metropolitan":false,"estimated_coordinate":false},"geometry":{"type":"Point","coordinates":[-59.75781,-18.33087]}},{"type":"Feature","properties":{"province":"Chiquitos","municipality":"Roboré","locality":"Roboré","precinct_code":13012,"precinct":"Esc. Marista","registered_2026":1876,"tables_2026":8,"coordinate_source":"OEP_2026_archivo_21_municipios","coordinate_year":2026,"match_method":"exact_municipality_locality_precinct","match_score":1,"coordinate_status":"official_2026_source_file","georeference_confidence":"high","metropolitan":false,"estimated_coordinate":false},"geometry":{"type":"Point","coordinates":[-59.75665,-18.34039]}},{"type":"Feature","properties":{"province":"Chiquitos","municipality":"Roboré","locality":"Roboré","precinct_code":13014,"precinct":"Esc. Don Bosco","registered_2026":2806,"tables_2026":12,"coordinate_source":"OEP_2026_archivo_21_municipios","coordinate_year":2026,"match_method":"exact_municipality_locality_precinct","match_score":1,"coordinate_status":"official_2026_source_file","georeference_confidence":"high","metropolitan":false,"estimated_coordinate":false},"geometry":{"type":"Point","coordinates":[-59.75139,-18.33508]}},{"type":"Feature","properties":{"province":"Chiquitos","municipality":"Roboré","locality":"Roboré","precinct_code":26430,"precinct":"U.E. San Francisco de Asis","registered_2026":1426,"tables_2026":6,"coordinate_source":"OEP_2026_archivo_21_municipios","coordinate_year":2026,"match_method":"exact_municipality_locality_precinct","match_score":1,"coordinate_status":"official_2026_source_file","georeference_confidence":"high","metropolitan":false,"estimated_coordinate":false},"geometry":{"type":"Point","coordinates":[-59.75683,-18.32962]}},{"type":"Feature","properties":{"province":"Chiquitos","municipality":"Roboré","locality":"Santiago","precinct_code":13016,"precinct":"Esc. Napoleon Montero Montero","registered_2026":978,"tables_2026":4,"coordinate_source":"OEP_2026_archivo_21_municipios","coordinate_year":2026,"match_method":"exact_municipality_locality_precinct","match_score":1,"coordinate_status":"official_2026_source_file","georeference_confidence":"high","metropolitan":false,"estimated_coordinate":false},"geometry":{"type":"Point","coordinates":[-59.598026,-18.339319]}},{"type":"Feature","properties":{"province":"Chiquitos","municipality":"San José","locality":"Buena Vista","precinct_code":1,"precinct":"U.E. Buena Vista","registered_2026":259,"tables_2026":1,"coordinate_source":"OEP_2026_archivo_21_municipios","coordinate_year":2026,"match_method":"exact_municipality_locality_precinct","match_score":1,"coordinate_status":"official_2026_source_file","georeference_confidence":"high","metropolitan":false,"estimated_coordinate":false},"geometry":{"type":"Point","coordinates":[-59.972446,-17.822138]}},{"type":"Feature","properties":{"province":"Chiquitos","municipality":"San José","locality":"Comunidad Campesina Agropecuaria 6 de Junio","precinct_code":32430,"precinct":"U.E. 6 de Junio","registered_2026":94,"tables_2026":1,"coordinate_source":"OEP_2026_archivo_21_municipios","coordinate_year":2026,"match_method":"exact_municipality_locality_precinct","match_score":1,"coordinate_status":"official_2026_source_file","georeference_confidence":"high","metropolitan":false,"estimated_coordinate":false},"geometry":{"type":"Point","coordinates":[-60.327405,-17.293827]}},{"type":"Feature","properties":{"province":"Chiquitos","municipality":"San José","locality":"Comunidad Campesina Los Cedros 2","precinct_code":32502,"precinct":"U.E. Los Cedros","registered_2026":46,"tables_2026":1,"coordinate_source":"OEP_2026_archivo_21_municipios","coordinate_year":2026,"match_method":"exact_municipality_locality_precinct","match_score":1,"coordinate_status":"official_2026_source_file","georeference_confidence":"high","metropolitan":false,"estimated_coordinate":false},"geometry":{"type":"Point","coordinates":[-60.54354,-17.544899]}},{"type":"Feature","properties":{"province":"Chiquitos","municipality":"San José","locality":"Nuevo Horizonte","precinct_code":1,"precinct":"U.E. Nuevo Horizonte","registered_2026":758,"tables_2026":4,"coordinate_source":"OEP_2026_archivo_21_municipios","coordinate_year":2026,"match_method":"exact_municipality_locality_precinct","match_score":1,"coordinate_status":"official_2026_source_file","georeference_confidence":"high","metropolitan":false,"estimated_coordinate":false},"geometry":{"type":"Point","coordinates":[-60.730829,-17.437885]}},{"type":"Feature","properties":{"province":"Chiquitos","municipality":"San José","locality":"OTB Comunidad Campesina Agropecuaria Los Sotos","precinct_code":32402,"precinct":"U.E. Los Sotos","registered_2026":201,"tables_2026":1,"coordinate_source":"OEP_2026_archivo_21_municipios","coordinate_year":2026,"match_method":"exact_municipality_locality_precinct","match_score":1,"coordinate_status":"official_2026_source_file","georeference_confidence":"high","metropolitan":false,"estimated_coordinate":false},"geometry":{"type":"Point","coordinates":[-60.355464,-17.425162]}},{"type":"Feature","properties":{"province":"Chiquitos","municipality":"San José","locality":"Quimome","precinct_code":13004,"precinct":"U.E. Quimome","registered_2026":1331,"tables_2026":6,"coordinate_source":"OEP_2026_archivo_21_municipios","coordinate_year":2026,"match_method":"exact_municipality_locality_precinct","match_score":1,"coordinate_status":"official_2026_source_file","georeference_confidence":"high","metropolitan":false,"estimated_coordinate":false},"geometry":{"type":"Point","coordinates":[-61.17406,-17.70868]}},{"type":"Feature","properties":{"province":"Chiquitos","municipality":"San José","locality":"Ramada","precinct_code":1,"precinct":"U.E. Ramada","registered_2026":80,"tables_2026":1,"coordinate_source":"OEP_2026_archivo_21_municipios","coordinate_year":2026,"match_method":"exact_municipality_locality_precinct","match_score":1,"coordinate_status":"official_2026_source_file","georeference_confidence":"high","metropolitan":false,"estimated_coordinate":false},"geometry":{"type":"Point","coordinates":[-60.05825,-18.00214]}},{"type":"Feature","properties":{"province":"Chiquitos","municipality":"San José","locality":"San José (Chiquitos)","precinct_code":13000,"precinct":"Esc. Leonor Rivera","registered_2026":3262,"tables_2026":14,"coordinate_source":"OEP_2026_archivo_21_municipios","coordinate_year":2026,"match_method":"exact_municipality_locality_precinct","match_score":1,"coordinate_status":"official_2026_source_file","georeference_confidence":"high","metropolitan":false,"estimated_coordinate":false},"geometry":{"type":"Point","coordinates":[-60.743196,-17.838811]}},{"type":"Feature","properties":{"province":"Chiquitos","municipality":"San José","locality":"San José (Chiquitos)","precinct_code":13001,"precinct":"Esc. German Busch","registered_2026":5049,"tables_2026":21,"coordinate_source":"OEP_2026_archivo_21_municipios","coordinate_year":2026,"match_method":"exact_municipality_locality_precinct","match_score":1,"coordinate_status":"official_2026_source_file","georeference_confidence":"high","metropolitan":false,"estimated_coordinate":false},"geometry":{"type":"Point","coordinates":[-60.74323,-17.84692]}},{"type":"Feature","properties":{"province":"Chiquitos","municipality":"San José","locality":"San José (Chiquitos)","precinct_code":13002,"precinct":"Esc. Unzaga De La Vega","registered_2026":4062,"tables_2026":17,"coordinate_source":"OEP_2026_archivo_21_municipios","coordinate_year":2026,"match_method":"exact_municipality_locality_precinct","match_score":1,"coordinate_status":"official_2026_source_file","georeference_confidence":"high","metropolitan":false,"estimated_coordinate":false},"geometry":{"type":"Point","coordinates":[-60.739314,-17.846423]}},{"type":"Feature","properties":{"province":"Chiquitos","municipality":"San José","locality":"San José (Chiquitos)","precinct_code":32100,"precinct":"U. E. San Antonio","registered_2026":418,"tables_2026":2,"coordinate_source":"OEP_2026_archivo_21_municipios","coordinate_year":2026,"match_method":"exact_municipality_locality_precinct","match_score":1,"coordinate_status":"official_2026_source_file","georeference_confidence":"high","metropolitan":false,"estimated_coordinate":false},"geometry":{"type":"Point","coordinates":[-60.730279,-17.840487]}},{"type":"Feature","properties":{"province":"Chiquitos","municipality":"San José","locality":"San Juan","precinct_code":3003,"precinct":"Esc. San Juan","registered_2026":402,"tables_2026":2,"coordinate_source":"OEP_2026_archivo_21_municipios","coordinate_year":2026,"match_method":"exact_municipality_locality_precinct","match_score":1,"coordinate_status":"official_2026_source_file","georeference_confidence":"high","metropolitan":false,"estimated_coordinate":false},"geometry":{"type":"Point","coordinates":[-59.93511,-17.77805]}},{"type":"Feature","properties":{"province":"Chiquitos","municipality":"San José","locality":"Santa Teresita","precinct_code":1,"precinct":"Esc. Santa Teresita","registered_2026":21,"tables_2026":1,"coordinate_source":"OEP_2026_archivo_21_municipios","coordinate_year":2026,"match_method":"exact_municipality_locality_precinct","match_score":1,"coordinate_status":"official_2026_source_file","georeference_confidence":"high","metropolitan":false,"estimated_coordinate":false},"geometry":{"type":"Point","coordinates":[-60.49098,-17.94919]}},{"type":"Feature","properties":{"province":"Chiquitos","municipality":"San José","locality":"Taperas","precinct_code":3005,"precinct":"Esc. Educacional Taperas","registered_2026":1444,"tables_2026":6,"coordinate_source":"OEP_2026_archivo_21_municipios","coordinate_year":2026,"match_method":"exact_municipality_locality_precinct","match_score":1,"coordinate_status":"official_2026_source_file","georeference_confidence":"high","metropolitan":false,"estimated_coordinate":false},"geometry":{"type":"Point","coordinates":[-60.366002,-17.908285]}},{"type":"Feature","properties":{"province":"Cordillera","municipality":"AIOC Charagua Iyambae","locality":"25 de Mayo","precinct_code":1,"precinct":"U.E. 12 de Abril","registered_2026":217,"tables_2026":1,"coordinate_source":"OEP_GeoElectoral_2da_vuelta_2025","coordinate_year":2025,"match_method":"exact_municipality_locality_precinct","match_score":1,"coordinate_status":"official_2025_carried_forward","georeference_confidence":"high","metropolitan":false,"estimated_coordinate":false},"geometry":{"type":"Point","coordinates":[-62.0496,-18.136373]}},{"type":"Feature","properties":{"province":"Cordillera","municipality":"AIOC Charagua Iyambae","locality":"Akae","precinct_code":25367,"precinct":"U.E. Pedro Ramos","registered_2026":309,"tables_2026":2,"coordinate_source":"OEP_GeoElectoral_2da_vuelta_2025","coordinate_year":2025,"match_method":"exact_municipality_locality_precinct","match_score":1,"coordinate_status":"official_2025_carried_forward","georeference_confidence":"high","metropolitan":false,"estimated_coordinate":false},"geometry":{"type":"Point","coordinates":[-63.215431,-19.631533]}},{"type":"Feature","properties":{"province":"Cordillera","municipality":"AIOC Charagua Iyambae","locality":"Caipepe","precinct_code":4053,"precinct":"Esc. Secc. de Kaipepe","registered_2026":412,"tables_2026":2,"coordinate_source":"OEP_GeoElectoral_2da_vuelta_2025","coordinate_year":2025,"match_method":"exact_municipality_locality_precinct","match_score":1,"coordinate_status":"official_2025_carried_forward","georeference_confidence":"high","metropolitan":false,"estimated_coordinate":false},"geometry":{"type":"Point","coordinates":[-63.141683,-19.719167]}},{"type":"Feature","properties":{"province":"Cordillera","municipality":"AIOC Charagua Iyambae","locality":"Capiguazuti","precinct_code":25368,"precinct":"U.E. 24 de Septiembre","registered_2026":218,"tables_2026":1,"coordinate_source":"OEP_GeoElectoral_2da_vuelta_2025","coordinate_year":2025,"match_method":"exact_municipality_locality_precinct","match_score":1,"coordinate_status":"official_2025_carried_forward","georeference_confidence":"high","metropolitan":false,"estimated_coordinate":false},"geometry":{"type":"Point","coordinates":[-63.194817,-19.751458]}},{"type":"Feature","properties":{"province":"Cordillera","municipality":"AIOC Charagua Iyambae","locality":"Charagua","precinct_code":4002,"precinct":"Escuela Central Fe y Alegria","registered_2026":4055,"tables_2026":17,"coordinate_source":"OEP_GeoElectoral_2da_vuelta_2025","coordinate_year":2025,"match_method":"exact_municipality_locality_precinct","match_score":1,"coordinate_status":"official_2025_carried_forward","georeference_confidence":"high","metropolitan":false,"estimated_coordinate":false},"geometry":{"type":"Point","coordinates":[-63.196864,-19.790759]}},{"type":"Feature","properties":{"province":"Cordillera","municipality":"AIOC Charagua Iyambae","locality":"Comunidad Indígena Cuarirenda Izozog","precinct_code":4030,"precinct":"U. E. Juan Felix  Arandiko","registered_2026":514,"tables_2026":3,"coordinate_source":"OEP_GeoElectoral_2da_vuelta_2025","coordinate_year":2025,"match_method":"exact_municipality_locality_precinct","match_score":1,"coordinate_status":"official_2025_carried_forward","georeference_confidence":"high","metropolitan":false,"estimated_coordinate":false},"geometry":{"type":"Point","coordinates":[-62.528058,-19.175843]}},{"type":"Feature","properties":{"province":"Cordillera","municipality":"AIOC Charagua Iyambae","locality":"El Espino","precinct_code":4024,"precinct":"U.E. Manuel Arias Vaca","registered_2026":615,"tables_2026":3,"coordinate_source":"OEP_GeoElectoral_2da_vuelta_2025","coordinate_year":2025,"match_method":"exact_municipality_locality_precinct","match_score":1,"coordinate_status":"official_2025_carried_forward","georeference_confidence":"high","metropolitan":false,"estimated_coordinate":false},"geometry":{"type":"Point","coordinates":[-63.260082,-19.22458]}},{"type":"Feature","properties":{"province":"Cordillera","municipality":"AIOC Charagua Iyambae","locality":"Estación Charagua","precinct_code":4003,"precinct":"Esc. Estacion Charagua","registered_2026":1577,"tables_2026":7,"coordinate_source":"OEP_GeoElectoral_2da_vuelta_2025","coordinate_year":2025,"match_method":"exact_municipality_locality_precinct","match_score":1,"coordinate_status":"official_2025_carried_forward","georeference_confidence":"high","metropolitan":false,"estimated_coordinate":false},"geometry":{"type":"Point","coordinates":[-63.148697,-19.782664]}},{"type":"Feature","properties":{"province":"Cordillera","municipality":"AIOC Charagua Iyambae","locality":"Isiporenda","precinct_code":4061,"precinct":"U.E. Santa Rosa","registered_2026":584,"tables_2026":3,"coordinate_source":"OEP_GeoElectoral_2da_vuelta_2025","coordinate_year":2025,"match_method":"exact_municipality_locality_precinct","match_score":1,"coordinate_status":"official_2025_carried_forward","georeference_confidence":"high","metropolitan":false,"estimated_coordinate":false},"geometry":{"type":"Point","coordinates":[-62.730233,-19.833383]}},{"type":"Feature","properties":{"province":"Cordillera","municipality":"AIOC Charagua Iyambae","locality":"Itatique","precinct_code":4017,"precinct":"Esc. Seccional Itatique","registered_2026":140,"tables_2026":1,"coordinate_source":"OEP_GeoElectoral_2da_vuelta_2025","coordinate_year":2025,"match_method":"exact_municipality_locality_precinct","match_score":1,"coordinate_status":"official_2025_carried_forward","georeference_confidence":"high","metropolitan":false,"estimated_coordinate":false},"geometry":{"type":"Point","coordinates":[-63.150445,-20.261714]}},{"type":"Feature","properties":{"province":"Cordillera","municipality":"AIOC Charagua Iyambae","locality":"Iyovi Aguarigua","precinct_code":4028,"precinct":"U.E. Enrique Iyambae","registered_2026":1087,"tables_2026":5,"coordinate_source":"OEP_GeoElectoral_2da_vuelta_2025","coordinate_year":2025,"match_method":"exact_municipality_locality_precinct","match_score":1,"coordinate_status":"official_2025_carried_forward","georeference_confidence":"high","metropolitan":false,"estimated_coordinate":false},"geometry":{"type":"Point","coordinates":[-62.535016,-19.388571]}},{"type":"Feature","properties":{"province":"Cordillera","municipality":"AIOC Charagua Iyambae","locality":"Izozog Coopere Brecha Loma(Cap.)","precinct_code":4029,"precinct":"U.E. Guarikusari Aguilera José","registered_2026":657,"tables_2026":3,"coordinate_source":"OEP_GeoElectoral_2da_vuelta_2025","coordinate_year":2025,"match_method":"exact_municipality_locality_precinct","match_score":1,"coordinate_status":"official_2025_carried_forward","georeference_confidence":"high","metropolitan":false,"estimated_coordinate":false},"geometry":{"type":"Point","coordinates":[-62.625886,-19.650771]}},{"type":"Feature","properties":{"province":"Cordillera","municipality":"AIOC Charagua Iyambae","locality":"Joseravi","precinct_code":1,"precinct":"U.E. Joseravi","registered_2026":123,"tables_2026":1,"coordinate_source":"OEP_GeoElectoral_2da_vuelta_2025","coordinate_year":2025,"match_method":"exact_municipality_locality_precinct","match_score":1,"coordinate_status":"official_2025_carried_forward","georeference_confidence":"high","metropolitan":false,"estimated_coordinate":false},"geometry":{"type":"Point","coordinates":[-62.294156,-18.331839]}},{"type":"Feature","properties":{"province":"Cordillera","municipality":"AIOC Charagua Iyambae","locality":"La Brecha","precinct_code":4018,"precinct":"U.E. Manuel Pikasuti","registered_2026":1003,"tables_2026":5,"coordinate_source":"OEP_GeoElectoral_2da_vuelta_2025","coordinate_year":2025,"match_method":"exact_municipality_locality_precinct","match_score":1,"coordinate_status":"official_2025_carried_forward","georeference_confidence":"high","metropolitan":false,"estimated_coordinate":false},"geometry":{"type":"Point","coordinates":[-62.560903,-19.505582]}},{"type":"Feature","properties":{"province":"Cordillera","municipality":"AIOC Charagua Iyambae","locality":"Machipo","precinct_code":25369,"precinct":"U.E. Machipo","registered_2026":165,"tables_2026":1,"coordinate_source":"OEP_GeoElectoral_2da_vuelta_2025","coordinate_year":2025,"match_method":"exact_municipality_locality_precinct","match_score":1,"coordinate_status":"official_2025_carried_forward","georeference_confidence":"high","metropolitan":false,"estimated_coordinate":false},"geometry":{"type":"Point","coordinates":[-63.178835,-19.838954]}},{"type":"Feature","properties":{"province":"Cordillera","municipality":"AIOC Charagua Iyambae","locality":"Masavi","precinct_code":4023,"precinct":"U.E. 30 de Septiembre","registered_2026":502,"tables_2026":3,"coordinate_source":"OEP_GeoElectoral_2da_vuelta_2025","coordinate_year":2025,"match_method":"exact_municipality_locality_precinct","match_score":1,"coordinate_status":"official_2025_carried_forward","georeference_confidence":"high","metropolitan":false,"estimated_coordinate":false},"geometry":{"type":"Point","coordinates":[-63.279874,-19.370372]}},{"type":"Feature","properties":{"province":"Cordillera","municipality":"AIOC Charagua Iyambae","locality":"Nueva Esperanza","precinct_code":1,"precinct":"U.E. Bonifacio Barrientos Iyambae","registered_2026":69,"tables_2026":1,"coordinate_source":"OEP_GeoElectoral_2da_vuelta_2025","coordinate_year":2025,"match_method":"exact_municipality_locality_precinct","match_score":1,"coordinate_status":"official_2025_carried_forward","georeference_confidence":"high","metropolitan":false,"estimated_coordinate":false},"geometry":{"type":"Point","coordinates":[-62.816913,-18.443748]}},{"type":"Feature","properties":{"province":"Cordillera","municipality":"AIOC Charagua Iyambae","locality":"Okita","precinct_code":1,"precinct":"Esc. Okita","registered_2026":125,"tables_2026":1,"coordinate_source":"OEP_GeoElectoral_2da_vuelta_2025","coordinate_year":2025,"match_method":"exact_municipality_locality_precinct","match_score":1,"coordinate_status":"official_2025_carried_forward","georeference_confidence":"high","metropolitan":false,"estimated_coordinate":false},"geometry":{"type":"Point","coordinates":[-63.274383,-20.005202]}},{"type":"Feature","properties":{"province":"Cordillera","municipality":"AIOC Charagua Iyambae","locality":"Parapetí Grande San Antonio(Cap.)","precinct_code":4016,"precinct":"U.E. Enrique Quintela Taborga","registered_2026":880,"tables_2026":4,"coordinate_source":"OEP_GeoElectoral_2da_vuelta_2025","coordinate_year":2025,"match_method":"exact_municipality_locality_precinct","match_score":1,"coordinate_status":"official_2025_carried_forward","georeference_confidence":"high","metropolitan":false,"estimated_coordinate":false},"geometry":{"type":"Point","coordinates":[-63.184159,-20.011848]}},{"type":"Feature","properties":{"province":"Cordillera","municipality":"AIOC Charagua Iyambae","locality":"Pueblo Nuevo Parapeti","precinct_code":1,"precinct":"U.E. Juan de la Cruz Miranda","registered_2026":260,"tables_2026":2,"coordinate_source":"OEP_GeoElectoral_2da_vuelta_2025","coordinate_year":2025,"match_method":"exact_municipality_locality_precinct","match_score":1,"coordinate_status":"official_2025_carried_forward","georeference_confidence":"high","metropolitan":false,"estimated_coordinate":false},"geometry":{"type":"Point","coordinates":[-63.15191,-20.026261]}},{"type":"Feature","properties":{"province":"Cordillera","municipality":"AIOC Charagua Iyambae","locality":"Rancho Nuevo","precinct_code":4021,"precinct":"U.E. José Esteban","registered_2026":620,"tables_2026":3,"coordinate_source":"OEP_GeoElectoral_2da_vuelta_2025","coordinate_year":2025,"match_method":"exact_municipality_locality_precinct","match_score":1,"coordinate_status":"official_2025_carried_forward","georeference_confidence":"high","metropolitan":false,"estimated_coordinate":false},"geometry":{"type":"Point","coordinates":[-62.567922,-19.440204]}},{"type":"Feature","properties":{"province":"Cordillera","municipality":"AIOC Charagua Iyambae","locality":"Saipurú","precinct_code":4004,"precinct":"U.E. Felix Arredondo","registered_2026":162,"tables_2026":1,"coordinate_source":"OEP_GeoElectoral_2da_vuelta_2025","coordinate_year":2025,"match_method":"exact_municipality_locality_precinct","match_score":1,"coordinate_status":"official_2025_carried_forward","georeference_confidence":"high","metropolitan":false,"estimated_coordinate":false},"geometry":{"type":"Point","coordinates":[-63.23007,-19.522041]}},{"type":"Feature","properties":{"province":"Cordillera","municipality":"AIOC Charagua Iyambae","locality":"San Francisco","precinct_code":14060,"precinct":"U.E. Parapety","registered_2026":183,"tables_2026":1,"coordinate_source":"OEP_GeoElectoral_2da_vuelta_2025","coordinate_year":2025,"match_method":"exact_municipality_locality_precinct","match_score":1,"coordinate_status":"official_2025_carried_forward","georeference_confidence":"high","metropolitan":false,"estimated_coordinate":false},"geometry":{"type":"Point","coordinates":[-63.139552,-19.988769]}},{"type":"Feature","properties":{"province":"Cordillera","municipality":"AIOC Charagua Iyambae","locality":"San Lorenzo (Cordillera)","precinct_code":4019,"precinct":"U.E. Manuel Jesus Añez Cespedes","registered_2026":112,"tables_2026":1,"coordinate_source":"OEP_GeoElectoral_2da_vuelta_2025","coordinate_year":2025,"match_method":"exact_municipality_locality_precinct","match_score":1,"coordinate_status":"official_2025_carried_forward","georeference_confidence":"high","metropolitan":false,"estimated_coordinate":false},"geometry":{"type":"Point","coordinates":[-63.124447,-19.649003]}},{"type":"Feature","properties":{"province":"Cordillera","municipality":"AIOC Charagua Iyambae","locality":"Tacobo","precinct_code":14020,"precinct":"U.E. San Juan de Dios","registered_2026":375,"tables_2026":2,"coordinate_source":"OEP_GeoElectoral_2da_vuelta_2025","coordinate_year":2025,"match_method":"exact_municipality_locality_precinct","match_score":1,"coordinate_status":"official_2025_carried_forward","georeference_confidence":"high","metropolitan":false,"estimated_coordinate":false},"geometry":{"type":"Point","coordinates":[-63.328658,-18.989088]}},{"type":"Feature","properties":{"province":"Cordillera","municipality":"AIOC Charagua Iyambae","locality":"Taputá","precinct_code":4025,"precinct":"U.E. Profesor Elvio Suarez Alba","registered_2026":350,"tables_2026":2,"coordinate_source":"OEP_GeoElectoral_2da_vuelta_2025","coordinate_year":2025,"match_method":"exact_municipality_locality_precinct","match_score":1,"coordinate_status":"official_2025_carried_forward","georeference_confidence":"high","metropolitan":false,"estimated_coordinate":false},"geometry":{"type":"Point","coordinates":[-63.221047,-19.590196]}},{"type":"Feature","properties":{"province":"Cordillera","municipality":"AIOC Charagua Iyambae","locality":"Tarenda","precinct_code":25370,"precinct":"U.E. Juan Luis Otin","registered_2026":200,"tables_2026":1,"coordinate_source":"OEP_GeoElectoral_2da_vuelta_2025","coordinate_year":2025,"match_method":"exact_municipality_locality_precinct","match_score":1,"coordinate_status":"official_2025_carried_forward","georeference_confidence":"high","metropolitan":false,"estimated_coordinate":false},"geometry":{"type":"Point","coordinates":[-63.091266,-19.978201]}},{"type":"Feature","properties":{"province":"Cordillera","municipality":"AIOC Charagua Iyambae","locality":"Yapiroa","precinct_code":25371,"precinct":"U.E. Yapiroa","registered_2026":396,"tables_2026":2,"coordinate_source":"OEP_GeoElectoral_2da_vuelta_2025","coordinate_year":2025,"match_method":"exact_municipality_locality_precinct","match_score":1,"coordinate_status":"official_2025_carried_forward","georeference_confidence":"high","metropolitan":false,"estimated_coordinate":false},"geometry":{"type":"Point","coordinates":[-62.575093,-19.605656]}},{"type":"Feature","properties":{"province":"Cordillera","municipality":"AIOC Guaraní Kereimba Iyaambae","locality":"Caipipendi","precinct_code":4059,"precinct":"U.E. Kaipipendi","registered_2026":85,"tables_2026":1,"coordinate_source":"OEP_GeoElectoral_2da_vuelta_2025","coordinate_year":2025,"match_method":"exact_municipality_locality_precinct","match_score":1,"coordinate_status":"official_2025_carried_forward","georeference_confidence":"high","metropolitan":false,"estimated_coordinate":false},"geometry":{"type":"Point","coordinates":[-63.3559,-19.78204]}},{"type":"Feature","properties":{"province":"Cordillera","municipality":"AIOC Guaraní Kereimba Iyaambae","locality":"Capirenda","precinct_code":4058,"precinct":"U.E. Kapirenda","registered_2026":434,"tables_2026":2,"coordinate_source":"OEP_GeoElectoral_2da_vuelta_2025","coordinate_year":2025,"match_method":"exact_municipality_locality_precinct","match_score":1,"coordinate_status":"official_2025_carried_forward","georeference_confidence":"high","metropolitan":false,"estimated_coordinate":false},"geometry":{"type":"Point","coordinates":[-63.37655,-19.6701]}},{"type":"Feature","properties":{"province":"Cordillera","municipality":"AIOC Guaraní Kereimba Iyaambae","locality":"Comunidad El Cruce","precinct_code":25497,"precinct":"U.E. Feliciano Ferreira","registered_2026":265,"tables_2026":2,"coordinate_source":"OEP_GeoElectoral_2da_vuelta_2025","coordinate_year":2025,"match_method":"exact_municipality_locality_precinct","match_score":1,"coordinate_status":"official_2025_carried_forward","georeference_confidence":"high","metropolitan":false,"estimated_coordinate":false},"geometry":{"type":"Point","coordinates":[-63.456974,-19.754489]}},{"type":"Feature","properties":{"province":"Cordillera","municipality":"AIOC Guaraní Kereimba Iyaambae","locality":"Comunidad Itahi","precinct_code":25500,"precinct":"U.E. Itahi","registered_2026":91,"tables_2026":1,"coordinate_source":"OEP_GeoElectoral_2da_vuelta_2025","coordinate_year":2025,"match_method":"exact_municipality_locality_precinct","match_score":1,"coordinate_status":"official_2025_carried_forward","georeference_confidence":"high","metropolitan":false,"estimated_coordinate":false},"geometry":{"type":"Point","coordinates":[-63.408929,-19.31304]}},{"type":"Feature","properties":{"province":"Cordillera","municipality":"AIOC Guaraní Kereimba Iyaambae","locality":"Comunidad Karaguatarenda","precinct_code":25501,"precinct":"U.E. Karaguatarenda","registered_2026":126,"tables_2026":1,"coordinate_source":"OEP_GeoElectoral_2da_vuelta_2025","coordinate_year":2025,"match_method":"exact_municipality_locality_precinct","match_score":1,"coordinate_status":"official_2025_carried_forward","georeference_confidence":"high","metropolitan":false,"estimated_coordinate":false},"geometry":{"type":"Point","coordinates":[-63.484118,-19.2933]}},{"type":"Feature","properties":{"province":"Cordillera","municipality":"AIOC Guaraní Kereimba Iyaambae","locality":"Comunidad Paja Colorada","precinct_code":25496,"precinct":"U.E. Paja Colorada","registered_2026":218,"tables_2026":1,"coordinate_source":"OEP_GeoElectoral_2da_vuelta_2025","coordinate_year":2025,"match_method":"exact_municipality_locality_precinct","match_score":1,"coordinate_status":"official_2025_carried_forward","georeference_confidence":"high","metropolitan":false,"estimated_coordinate":false},"geometry":{"type":"Point","coordinates":[-63.425033,-19.734741]}},{"type":"Feature","properties":{"province":"Cordillera","municipality":"AIOC Guaraní Kereimba Iyaambae","locality":"Comunidad Parlamento","precinct_code":25498,"precinct":"U.E. Parlamento","registered_2026":72,"tables_2026":1,"coordinate_source":"OEP_GeoElectoral_2da_vuelta_2025","coordinate_year":2025,"match_method":"exact_municipality_locality_precinct","match_score":1,"coordinate_status":"official_2025_carried_forward","georeference_confidence":"high","metropolitan":false,"estimated_coordinate":false},"geometry":{"type":"Point","coordinates":[-63.458893,-19.560265]}},{"type":"Feature","properties":{"province":"Cordillera","municipality":"AIOC Guaraní Kereimba Iyaambae","locality":"Comunidad Rancho Nuevo","precinct_code":25495,"precinct":"U.E. Isidro Chandey","registered_2026":323,"tables_2026":2,"coordinate_source":"OEP_GeoElectoral_2da_vuelta_2025","coordinate_year":2025,"match_method":"exact_municipality_locality_precinct","match_score":1,"coordinate_status":"official_2025_carried_forward","georeference_confidence":"high","metropolitan":false,"estimated_coordinate":false},"geometry":{"type":"Point","coordinates":[-63.429442,-19.838101]}},{"type":"Feature","properties":{"province":"Cordillera","municipality":"AIOC Guaraní Kereimba Iyaambae","locality":"Comunidad Tatarenda Nueva","precinct_code":25502,"precinct":"U.E. 22 de Septiembre","registered_2026":224,"tables_2026":1,"coordinate_source":"OEP_GeoElectoral_2da_vuelta_2025","coordinate_year":2025,"match_method":"exact_municipality_locality_precinct","match_score":1,"coordinate_status":"official_2025_carried_forward","georeference_confidence":"high","metropolitan":false,"estimated_coordinate":false},"geometry":{"type":"Point","coordinates":[-63.51599,-19.10607]}},{"type":"Feature","properties":{"province":"Cordillera","municipality":"AIOC Guaraní Kereimba Iyaambae","locality":"Comunidad Yumaho","precinct_code":25499,"precinct":"U.E. Yumaho","registered_2026":23,"tables_2026":1,"coordinate_source":"OEP_GeoElectoral_2da_vuelta_2025","coordinate_year":2025,"match_method":"exact_municipality_locality_precinct","match_score":1,"coordinate_status":"official_2025_carried_forward","georeference_confidence":"high","metropolitan":false,"estimated_coordinate":false},"geometry":{"type":"Point","coordinates":[-63.587764,-19.105376]}},{"type":"Feature","properties":{"province":"Cordillera","municipality":"AIOC Guaraní Kereimba Iyaambae","locality":"Guasanti","precinct_code":4027,"precinct":"U.E. Guasuanti","registered_2026":261,"tables_2026":2,"coordinate_source":"OEP_GeoElectoral_2da_vuelta_2025","coordinate_year":2025,"match_method":"exact_municipality_locality_precinct","match_score":1,"coordinate_status":"official_2025_carried_forward","georeference_confidence":"high","metropolitan":false,"estimated_coordinate":false},"geometry":{"type":"Point","coordinates":[-63.42537,-19.78613]}},{"type":"Feature","properties":{"province":"Cordillera","municipality":"AIOC Guaraní Kereimba Iyaambae","locality":"Gutiérrez","precinct_code":4040,"precinct":"Esc. Emilio Finot","registered_2026":909,"tables_2026":4,"coordinate_source":"OEP_GeoElectoral_2da_vuelta_2025","coordinate_year":2025,"match_method":"exact_municipality_locality_precinct","match_score":1,"coordinate_status":"official_2025_carried_forward","georeference_confidence":"high","metropolitan":false,"estimated_coordinate":false},"geometry":{"type":"Point","coordinates":[-63.530809,-19.42237]}},{"type":"Feature","properties":{"province":"Cordillera","municipality":"AIOC Guaraní Kereimba Iyaambae","locality":"Heiti","precinct_code":4022,"precinct":"Esc. Marcelino Revollo","registered_2026":564,"tables_2026":3,"coordinate_source":"OEP_GeoElectoral_2da_vuelta_2025","coordinate_year":2025,"match_method":"exact_municipality_locality_precinct","match_score":1,"coordinate_status":"official_2025_carried_forward","georeference_confidence":"high","metropolitan":false,"estimated_coordinate":false},"geometry":{"type":"Point","coordinates":[-63.39302,-19.72541]}},{"type":"Feature","properties":{"province":"Cordillera","municipality":"AIOC Guaraní Kereimba Iyaambae","locality":"Ibamirapinta","precinct_code":4047,"precinct":"Esc. Ibamirapinta","registered_2026":651,"tables_2026":3,"coordinate_source":"OEP_GeoElectoral_2da_vuelta_2025","coordinate_year":2025,"match_method":"exact_municipality_locality_precinct","match_score":1,"coordinate_status":"official_2025_carried_forward","georeference_confidence":"high","metropolitan":false,"estimated_coordinate":false},"geometry":{"type":"Point","coordinates":[-63.482877,-19.804992]}},{"type":"Feature","properties":{"province":"Cordillera","municipality":"AIOC Guaraní Kereimba Iyaambae","locality":"Ipatimirí","precinct_code":4026,"precinct":"Esc. Central Ipatimiri","registered_2026":524,"tables_2026":3,"coordinate_source":"OEP_GeoElectoral_2da_vuelta_2025","coordinate_year":2025,"match_method":"exact_municipality_locality_precinct","match_score":1,"coordinate_status":"official_2025_carried_forward","georeference_confidence":"high","metropolitan":false,"estimated_coordinate":false},"geometry":{"type":"Point","coordinates":[-63.483512,-19.765801]}},{"type":"Feature","properties":{"province":"Cordillera","municipality":"AIOC Guaraní Kereimba Iyaambae","locality":"Ipitá","precinct_code":4041,"precinct":"Esc. Mariscal Sucre","registered_2026":426,"tables_2026":2,"coordinate_source":"OEP_GeoElectoral_2da_vuelta_2025","coordinate_year":2025,"match_method":"exact_municipality_locality_precinct","match_score":1,"coordinate_status":"official_2025_carried_forward","georeference_confidence":"high","metropolitan":false,"estimated_coordinate":false},"geometry":{"type":"Point","coordinates":[-63.50597,-19.35422]}},{"type":"Feature","properties":{"province":"Cordillera","municipality":"AIOC Guaraní Kereimba Iyaambae","locality":"Ipitacito del Monte","precinct_code":4044,"precinct":"Esc. Miguel Landivar","registered_2026":315,"tables_2026":2,"coordinate_source":"OEP_GeoElectoral_2da_vuelta_2025","coordinate_year":2025,"match_method":"exact_municipality_locality_precinct","match_score":1,"coordinate_status":"official_2025_carried_forward","georeference_confidence":"high","metropolitan":false,"estimated_coordinate":false},"geometry":{"type":"Point","coordinates":[-63.443192,-19.281863]}},{"type":"Feature","properties":{"province":"Cordillera","municipality":"AIOC Guaraní Kereimba Iyaambae","locality":"Itembeguazu","precinct_code":4054,"precinct":"U.E. Itaimbeguasu","registered_2026":258,"tables_2026":1,"coordinate_source":"OEP_GeoElectoral_2da_vuelta_2025","coordinate_year":2025,"match_method":"exact_municipality_locality_precinct","match_score":1,"coordinate_status":"official_2025_carried_forward","georeference_confidence":"high","metropolitan":false,"estimated_coordinate":false},"geometry":{"type":"Point","coordinates":[-63.36713,-19.36706]}},{"type":"Feature","properties":{"province":"Cordillera","municipality":"AIOC Guaraní Kereimba Iyaambae","locality":"Palmarito","precinct_code":4043,"precinct":"U.E. San José","registered_2026":477,"tables_2026":2,"coordinate_source":"OEP_GeoElectoral_2da_vuelta_2025","coordinate_year":2025,"match_method":"exact_municipality_locality_precinct","match_score":1,"coordinate_status":"official_2025_carried_forward","georeference_confidence":"high","metropolitan":false,"estimated_coordinate":false},"geometry":{"type":"Point","coordinates":[-63.461516,-19.491573]}},{"type":"Feature","properties":{"province":"Cordillera","municipality":"AIOC Guaraní Kereimba Iyaambae","locality":"San Miguel de Kuruguaka","precinct_code":4042,"precinct":"U.E. San Miguel de Curuguacua","registered_2026":143,"tables_2026":1,"coordinate_source":"OEP_GeoElectoral_2da_vuelta_2025","coordinate_year":2025,"match_method":"exact_municipality_locality_precinct","match_score":1,"coordinate_status":"official_2025_carried_forward","georeference_confidence":"high","metropolitan":false,"estimated_coordinate":false},"geometry":{"type":"Point","coordinates":[-63.395339,-19.388914]}},{"type":"Feature","properties":{"province":"Cordillera","municipality":"AIOC Guaraní Kereimba Iyaambae","locality":"San Miguel de Posito","precinct_code":4057,"precinct":"Esc. Seccional S. Miguel Pocito","registered_2026":184,"tables_2026":1,"coordinate_source":"OEP_GeoElectoral_2da_vuelta_2025","coordinate_year":2025,"match_method":"exact_municipality_locality_precinct","match_score":1,"coordinate_status":"official_2025_carried_forward","georeference_confidence":"high","metropolitan":false,"estimated_coordinate":false},"geometry":{"type":"Point","coordinates":[-63.45378,-19.68275]}},{"type":"Feature","properties":{"province":"Cordillera","municipality":"AIOC Guaraní Kereimba Iyaambae","locality":"Tatarenda Vieja","precinct_code":4045,"precinct":"U.E. Clemente Irazavi","registered_2026":318,"tables_2026":2,"coordinate_source":"OEP_GeoElectoral_2da_vuelta_2025","coordinate_year":2025,"match_method":"exact_municipality_locality_precinct","match_score":1,"coordinate_status":"official_2025_carried_forward","georeference_confidence":"high","metropolitan":false,"estimated_coordinate":false},"geometry":{"type":"Point","coordinates":[-63.487451,-19.215102]}},{"type":"Feature","properties":{"province":"Cordillera","municipality":"Boyuibe","locality":"Boyuibe","precinct_code":4015,"precinct":"Esc. Central Rafael Pabon","registered_2026":2690,"tables_2026":12,"coordinate_source":"OEP_2026_archivo_21_municipios","coordinate_year":2026,"match_method":"exact_municipality_locality_precinct","match_score":1,"coordinate_status":"official_2026_source_file","georeference_confidence":"high","metropolitan":false,"estimated_coordinate":false},"geometry":{"type":"Point","coordinates":[-63.28176,-20.43133]}},{"type":"Feature","properties":{"province":"Cordillera","municipality":"Boyuibe","locality":"La Ele","precinct_code":4052,"precinct":"U.E. Juan Carlos Sanchez","registered_2026":31,"tables_2026":1,"coordinate_source":"OEP_2026_archivo_21_municipios","coordinate_year":2026,"match_method":"exact_municipality_locality_precinct","match_score":1,"coordinate_status":"official_2026_source_file","georeference_confidence":"high","metropolitan":false,"estimated_coordinate":false},"geometry":{"type":"Point","coordinates":[-62.831223,-20.443993]}},{"type":"Feature","properties":{"province":"Cordillera","municipality":"Boyuibe","locality":"Pozo del Monte","precinct_code":1,"precinct":"U.E. Paulino Moreno","registered_2026":197,"tables_2026":1,"coordinate_source":"OEP_2026_archivo_21_municipios","coordinate_year":2026,"match_method":"exact_municipality_locality_precinct","match_score":1,"coordinate_status":"official_2026_source_file","georeference_confidence":"high","metropolitan":false,"estimated_coordinate":false},"geometry":{"type":"Point","coordinates":[-63.262088,-20.287397]}},{"type":"Feature","properties":{"province":"Cordillera","municipality":"Cabezas","locality":"Abapó","precinct_code":14033,"precinct":"Esc. Pto. Camacho","registered_2026":2727,"tables_2026":12,"coordinate_source":"OEP_2026_archivo_21_municipios","coordinate_year":2026,"match_method":"exact_municipality_locality_precinct","match_score":1,"coordinate_status":"official_2026_source_file","georeference_confidence":"high","metropolitan":false,"estimated_coordinate":false},"geometry":{"type":"Point","coordinates":[-63.39868,-18.90593]}},{"type":"Feature","properties":{"province":"Cordillera","municipality":"Cabezas","locality":"Buen Retiro","precinct_code":32293,"precinct":"U.E. Buen Retiro","registered_2026":141,"tables_2026":1,"coordinate_source":"OEP_2026_archivo_21_municipios","coordinate_year":2026,"match_method":"exact_municipality_locality_precinct","match_score":1,"coordinate_status":"official_2026_source_file","georeference_confidence":"high","metropolitan":false,"estimated_coordinate":false},"geometry":{"type":"Point","coordinates":[-63.435691,-18.500077]}},{"type":"Feature","properties":{"province":"Cordillera","municipality":"Cabezas","locality":"Cabezas","precinct_code":4031,"precinct":"Esc. Serafin Rodriguez","registered_2026":3471,"tables_2026":15,"coordinate_source":"OEP_2026_archivo_21_municipios","coordinate_year":2026,"match_method":"exact_municipality_locality_precinct","match_score":1,"coordinate_status":"official_2026_source_file","georeference_confidence":"high","metropolitan":false,"estimated_coordinate":false},"geometry":{"type":"Point","coordinates":[-63.31145,-18.78667]}},{"type":"Feature","properties":{"province":"Cordillera","municipality":"Cabezas","locality":"Cotoca","precinct_code":1,"precinct":"U.E. Cotoca","registered_2026":113,"tables_2026":1,"coordinate_source":"OEP_2026_archivo_21_municipios","coordinate_year":2026,"match_method":"exact_municipality_locality_precinct","match_score":1,"coordinate_status":"official_2026_source_file","georeference_confidence":"high","metropolitan":false,"estimated_coordinate":false},"geometry":{"type":"Point","coordinates":[-63.273505,-18.579472]}},{"type":"Feature","properties":{"province":"Cordillera","municipality":"Cabezas","locality":"Eduardo Avaroa","precinct_code":4035,"precinct":"Esc. Eduardo Abaroa","registered_2026":236,"tables_2026":1,"coordinate_source":"OEP_2026_archivo_21_municipios","coordinate_year":2026,"match_method":"exact_municipality_locality_precinct","match_score":1,"coordinate_status":"official_2026_source_file","georeference_confidence":"high","metropolitan":false,"estimated_coordinate":false},"geometry":{"type":"Point","coordinates":[-63.210553,-18.385257]}},{"type":"Feature","properties":{"province":"Cordillera","municipality":"Cabezas","locality":"El Curichi","precinct_code":4034,"precinct":"U.E. Curichi","registered_2026":146,"tables_2026":1,"coordinate_source":"OEP_2026_archivo_21_municipios","coordinate_year":2026,"match_method":"exact_municipality_locality_precinct","match_score":1,"coordinate_status":"official_2026_source_file","georeference_confidence":"high","metropolitan":false,"estimated_coordinate":false},"geometry":{"type":"Point","coordinates":[-63.220153,-18.753912]}},{"type":"Feature","properties":{"province":"Cordillera","municipality":"Cabezas","locality":"El Filo","precinct_code":4005,"precinct":"Esc. Seccional El Filo","registered_2026":33,"tables_2026":1,"coordinate_source":"OEP_2026_archivo_21_municipios","coordinate_year":2026,"match_method":"exact_municipality_locality_precinct","match_score":1,"coordinate_status":"official_2026_source_file","georeference_confidence":"high","metropolitan":false,"estimated_coordinate":false},"geometry":{"type":"Point","coordinates":[-63.605301,-18.401287]}},{"type":"Feature","properties":{"province":"Cordillera","municipality":"Cabezas","locality":"Estación Mora","precinct_code":4036,"precinct":"Esc. 12 de Abril","registered_2026":2379,"tables_2026":10,"coordinate_source":"OEP_2026_archivo_21_municipios","coordinate_year":2026,"match_method":"exact_municipality_locality_precinct","match_score":1,"coordinate_status":"official_2026_source_file","georeference_confidence":"high","metropolitan":false,"estimated_coordinate":false},"geometry":{"type":"Point","coordinates":[-63.21368,-18.45699]}},{"type":"Feature","properties":{"province":"Cordillera","municipality":"Cabezas","locality":"Loma Blanca","precinct_code":25845,"precinct":"U. E. Loma Blanca","registered_2026":360,"tables_2026":2,"coordinate_source":"OEP_2026_archivo_21_municipios","coordinate_year":2026,"match_method":"exact_municipality_locality_precinct","match_score":1,"coordinate_status":"official_2026_source_file","georeference_confidence":"high","metropolitan":false,"estimated_coordinate":false},"geometry":{"type":"Point","coordinates":[-63.203,-18.375]}},{"type":"Feature","properties":{"province":"Cordillera","municipality":"Cabezas","locality":"Pampa del Coscal","precinct_code":4066,"precinct":"U.E. Eduardo Abaroa Pampa El Coscal","registered_2026":413,"tables_2026":2,"coordinate_source":"OEP_2026_archivo_21_municipios","coordinate_year":2026,"match_method":"exact_municipality_locality_precinct","match_score":1,"coordinate_status":"official_2026_source_file","georeference_confidence":"high","metropolitan":false,"estimated_coordinate":false},"geometry":{"type":"Point","coordinates":[-63.423712,-18.299728]}},{"type":"Feature","properties":{"province":"Cordillera","municipality":"Cabezas","locality":"Pueblo Viejo (Florida)","precinct_code":4032,"precinct":"Esc. Seccional Pueblo Viejo","registered_2026":227,"tables_2026":1,"coordinate_source":"OEP_2026_archivo_21_municipios","coordinate_year":2026,"match_method":"exact_municipality_locality_precinct","match_score":1,"coordinate_status":"official_2026_source_file","georeference_confidence":"high","metropolitan":false,"estimated_coordinate":false},"geometry":{"type":"Point","coordinates":[-63.379357,-18.56561]}},{"type":"Feature","properties":{"province":"Cordillera","municipality":"Cabezas","locality":"Río Seco Florida","precinct_code":4037,"precinct":"Esc. Rio Seco Florida","registered_2026":642,"tables_2026":3,"coordinate_source":"OEP_2026_archivo_21_municipios","coordinate_year":2026,"match_method":"exact_municipality_locality_precinct","match_score":1,"coordinate_status":"official_2026_source_file","georeference_confidence":"high","metropolitan":false,"estimated_coordinate":false},"geometry":{"type":"Point","coordinates":[-63.24144,-18.67221]}},{"type":"Feature","properties":{"province":"Cordillera","municipality":"Cabezas","locality":"San Lorenzo Brecha 7","precinct_code":1,"precinct":"Esc. Secc. San Francisco De Asis","registered_2026":1441,"tables_2026":6,"coordinate_source":"OEP_2026_archivo_21_municipios","coordinate_year":2026,"match_method":"exact_municipality_locality_precinct","match_score":1,"coordinate_status":"official_2026_source_file","georeference_confidence":"high","metropolitan":false,"estimated_coordinate":false},"geometry":{"type":"Point","coordinates":[-62.9499,-18.13124]}},{"type":"Feature","properties":{"province":"Cordillera","municipality":"Cabezas","locality":"Santa Rosa","precinct_code":4067,"precinct":"Esc. Santa Rosa","registered_2026":291,"tables_2026":2,"coordinate_source":"OEP_2026_archivo_21_municipios","coordinate_year":2026,"match_method":"exact_municipality_locality_precinct","match_score":1,"coordinate_status":"official_2026_source_file","georeference_confidence":"high","metropolitan":false,"estimated_coordinate":false},"geometry":{"type":"Point","coordinates":[-63.003792,-18.31618]}},{"type":"Feature","properties":{"province":"Cordillera","municipality":"Cabezas","locality":"Vaca Guzmán","precinct_code":25844,"precinct":"U. E. Vaca Guzmán","registered_2026":258,"tables_2026":1,"coordinate_source":"OEP_2026_archivo_21_municipios","coordinate_year":2026,"match_method":"exact_municipality_locality_precinct","match_score":1,"coordinate_status":"official_2026_source_file","georeference_confidence":"high","metropolitan":false,"estimated_coordinate":false},"geometry":{"type":"Point","coordinates":[-63.208,-18.405]}},{"type":"Feature","properties":{"province":"Cordillera","municipality":"Cabezas","locality":"Yatirenda","precinct_code":1,"precinct":"U.E. Yateirenda","registered_2026":493,"tables_2026":2,"coordinate_source":"OEP_2026_archivo_21_municipios","coordinate_year":2026,"match_method":"exact_municipality_locality_precinct","match_score":1,"coordinate_status":"official_2026_source_file","georeference_confidence":"high","metropolitan":false,"estimated_coordinate":false},"geometry":{"type":"Point","coordinates":[-63.22488,-18.60128]}},{"type":"Feature","properties":{"province":"Cordillera","municipality":"Cabezas","locality":"Zanja Honda","precinct_code":4038,"precinct":"Esc. Zanja Honda","registered_2026":1945,"tables_2026":9,"coordinate_source":"OEP_2026_archivo_21_municipios","coordinate_year":2026,"match_method":"exact_municipality_locality_precinct","match_score":1,"coordinate_status":"official_2026_source_file","georeference_confidence":"high","metropolitan":false,"estimated_coordinate":false},"geometry":{"type":"Point","coordinates":[-63.190677,-18.282737]}},{"type":"Feature","properties":{"province":"Cordillera","municipality":"Camiri","locality":"Camiri","precinct_code":4006,"precinct":"Aulas U.A.G.R.M.","registered_2026":3812,"tables_2026":16,"coordinate_source":"OEP_GeoElectoral_2da_vuelta_2025","coordinate_year":2025,"match_method":"exact_municipality_locality_precinct","match_score":1,"coordinate_status":"official_2025_carried_forward","georeference_confidence":"high","metropolitan":false,"estimated_coordinate":false},"geometry":{"type":"Point","coordinates":[-63.528036,-20.033513]}},{"type":"Feature","properties":{"province":"Cordillera","municipality":"Camiri","locality":"Camiri","precinct_code":4009,"precinct":"U.E. Cristiana camireña","registered_2026":937,"tables_2026":4,"coordinate_source":"OEP_GeoElectoral_2da_vuelta_2025","coordinate_year":2025,"match_method":"exact_municipality_locality_precinct","match_score":1,"coordinate_status":"official_2025_carried_forward","georeference_confidence":"high","metropolitan":false,"estimated_coordinate":false},"geometry":{"type":"Point","coordinates":[-63.52061,-20.04179]}},{"type":"Feature","properties":{"province":"Cordillera","municipality":"Camiri","locality":"Camiri","precinct_code":4012,"precinct":"Esc. Jose Castrillo","registered_2026":1766,"tables_2026":8,"coordinate_source":"OEP_GeoElectoral_2da_vuelta_2025","coordinate_year":2025,"match_method":"exact_municipality_locality_precinct","match_score":1,"coordinate_status":"official_2025_carried_forward","georeference_confidence":"high","metropolitan":false,"estimated_coordinate":false},"geometry":{"type":"Point","coordinates":[-63.52077,-20.03724]}},{"type":"Feature","properties":{"province":"Cordillera","municipality":"Camiri","locality":"Camiri","precinct_code":4013,"precinct":"Esc. 24 de Septiembre","registered_2026":1695,"tables_2026":7,"coordinate_source":"OEP_GeoElectoral_2da_vuelta_2025","coordinate_year":2025,"match_method":"exact_municipality_locality_precinct","match_score":1,"coordinate_status":"official_2025_carried_forward","georeference_confidence":"high","metropolitan":false,"estimated_coordinate":false},"geometry":{"type":"Point","coordinates":[-63.5203,-20.04004]}},{"type":"Feature","properties":{"province":"Cordillera","municipality":"Camiri","locality":"Camiri","precinct_code":4062,"precinct":"Esc. 12 de Julio","registered_2026":2620,"tables_2026":11,"coordinate_source":"OEP_GeoElectoral_2da_vuelta_2025","coordinate_year":2025,"match_method":"exact_municipality_locality_precinct","match_score":1,"coordinate_status":"official_2025_carried_forward","georeference_confidence":"high","metropolitan":false,"estimated_coordinate":false},"geometry":{"type":"Point","coordinates":[-63.53097,-20.04149]}},{"type":"Feature","properties":{"province":"Cordillera","municipality":"Camiri","locality":"Camiri","precinct_code":4063,"precinct":"Esc. 16 de Marzo","registered_2026":1613,"tables_2026":7,"coordinate_source":"OEP_GeoElectoral_2da_vuelta_2025","coordinate_year":2025,"match_method":"exact_municipality_locality_precinct","match_score":1,"coordinate_status":"official_2025_carried_forward","georeference_confidence":"high","metropolitan":false,"estimated_coordinate":false},"geometry":{"type":"Point","coordinates":[-63.52925,-20.04896]}},{"type":"Feature","properties":{"province":"Cordillera","municipality":"Camiri","locality":"Camiri","precinct_code":14007,"precinct":"Esc. Aponte J. Manuel O.H. Del Chaco","registered_2026":2756,"tables_2026":12,"coordinate_source":"OEP_GeoElectoral_2da_vuelta_2025","coordinate_year":2025,"match_method":"exact_municipality_locality_precinct","match_score":1,"coordinate_status":"official_2025_carried_forward","georeference_confidence":"high","metropolitan":false,"estimated_coordinate":false},"geometry":{"type":"Point","coordinates":[-63.52154,-20.04499]}},{"type":"Feature","properties":{"province":"Cordillera","municipality":"Camiri","locality":"Camiri","precinct_code":14011,"precinct":"U.E. Gabriel René Moreno","registered_2026":1691,"tables_2026":7,"coordinate_source":"OEP_GeoElectoral_2da_vuelta_2025","coordinate_year":2025,"match_method":"exact_municipality_locality_precinct","match_score":1,"coordinate_status":"official_2025_carried_forward","georeference_confidence":"high","metropolitan":false,"estimated_coordinate":false},"geometry":{"type":"Point","coordinates":[-63.52212,-20.03892]}},{"type":"Feature","properties":{"province":"Cordillera","municipality":"Camiri","locality":"Camiri","precinct_code":14014,"precinct":"Col. Hugo Arteaga","registered_2026":1177,"tables_2026":5,"coordinate_source":"OEP_GeoElectoral_2da_vuelta_2025","coordinate_year":2025,"match_method":"exact_municipality_locality_precinct","match_score":1,"coordinate_status":"official_2025_carried_forward","georeference_confidence":"high","metropolitan":false,"estimated_coordinate":false},"geometry":{"type":"Point","coordinates":[-63.51498,-20.03587]}},{"type":"Feature","properties":{"province":"Cordillera","municipality":"Camiri","locality":"Camiri","precinct_code":26386,"precinct":"U.E. Isipoti","registered_2026":101,"tables_2026":1,"coordinate_source":"OEP_GeoElectoral_2da_vuelta_2025","coordinate_year":2025,"match_method":"exact_municipality_locality_precinct","match_score":1,"coordinate_status":"official_2025_carried_forward","georeference_confidence":"high","metropolitan":false,"estimated_coordinate":false},"geometry":{"type":"Point","coordinates":[-63.517745,-20.050884]}},{"type":"Feature","properties":{"province":"Cordillera","municipality":"Camiri","locality":"Camiri","precinct_code":26387,"precinct":"U.E. German Busch","registered_2026":329,"tables_2026":2,"coordinate_source":"OEP_GeoElectoral_2da_vuelta_2025","coordinate_year":2025,"match_method":"exact_municipality_locality_precinct","match_score":1,"coordinate_status":"official_2025_carried_forward","georeference_confidence":"high","metropolitan":false,"estimated_coordinate":false},"geometry":{"type":"Point","coordinates":[-63.521623,-20.040887]}},{"type":"Feature","properties":{"province":"Cordillera","municipality":"Camiri","locality":"Camiri","precinct_code":26431,"precinct":"Modulo Carrera de Odontologia de la Facultad Integral del Chaco UAGRM","registered_2026":1012,"tables_2026":5,"coordinate_source":"OEP_GeoElectoral_2da_vuelta_2025","coordinate_year":2025,"match_method":"exact_municipality_locality_precinct","match_score":1,"coordinate_status":"official_2025_carried_forward","georeference_confidence":"high","metropolitan":false,"estimated_coordinate":false},"geometry":{"type":"Point","coordinates":[-63.514582,-20.03984]}},{"type":"Feature","properties":{"province":"Cordillera","municipality":"Camiri","locality":"Camiri","precinct_code":32105,"precinct":"U. E. Oscar Unzaga De La Vega","registered_2026":65,"tables_2026":1,"coordinate_source":"OEP_GeoElectoral_2da_vuelta_2025","coordinate_year":2025,"match_method":"exact_municipality_locality_precinct","match_score":1,"coordinate_status":"official_2025_carried_forward","georeference_confidence":"high","metropolitan":false,"estimated_coordinate":false},"geometry":{"type":"Point","coordinates":[-63.515935,-20.039127]}},{"type":"Feature","properties":{"province":"Cordillera","municipality":"Camiri","locality":"Choreti","precinct_code":4046,"precinct":"U. E. Monseñor Salvatierra","registered_2026":1274,"tables_2026":6,"coordinate_source":"OEP_GeoElectoral_2da_vuelta_2025","coordinate_year":2025,"match_method":"exact_municipality_locality_precinct","match_score":1,"coordinate_status":"official_2025_carried_forward","georeference_confidence":"high","metropolitan":false,"estimated_coordinate":false},"geometry":{"type":"Point","coordinates":[-63.524992,-20.01009]}},{"type":"Feature","properties":{"province":"Cordillera","municipality":"Camiri","locality":"Curundaity","precinct_code":1,"precinct":"U.E. Urundayti","registered_2026":466,"tables_2026":2,"coordinate_source":"OEP_GeoElectoral_2da_vuelta_2025","coordinate_year":2025,"match_method":"exact_municipality_locality_precinct","match_score":1,"coordinate_status":"official_2025_carried_forward","georeference_confidence":"high","metropolitan":false,"estimated_coordinate":false},"geometry":{"type":"Point","coordinates":[-63.52541,-19.96275]}},{"type":"Feature","properties":{"province":"Cordillera","municipality":"Camiri","locality":"El Rodeo","precinct_code":4048,"precinct":"U.E. El Rodeo","registered_2026":378,"tables_2026":2,"coordinate_source":"OEP_GeoElectoral_2da_vuelta_2025","coordinate_year":2025,"match_method":"exact_municipality_locality_precinct","match_score":1,"coordinate_status":"official_2025_carried_forward","georeference_confidence":"high","metropolitan":false,"estimated_coordinate":false},"geometry":{"type":"Point","coordinates":[-63.412659,-19.963118]}},{"type":"Feature","properties":{"province":"Cordillera","municipality":"Camiri","locality":"Guirarapo","precinct_code":1,"precinct":"U.E. Guirarapo","registered_2026":150,"tables_2026":1,"coordinate_source":"OEP_GeoElectoral_2da_vuelta_2025","coordinate_year":2025,"match_method":"exact_municipality_locality_precinct","match_score":1,"coordinate_status":"official_2025_carried_forward","georeference_confidence":"high","metropolitan":false,"estimated_coordinate":false},"geometry":{"type":"Point","coordinates":[-63.489832,-20.0956]}},{"type":"Feature","properties":{"province":"Cordillera","municipality":"Camiri","locality":"Imbochi","precinct_code":1,"precinct":"U.E. Imbochi","registered_2026":175,"tables_2026":1,"coordinate_source":"OEP_GeoElectoral_2da_vuelta_2025","coordinate_year":2025,"match_method":"exact_municipality_locality_precinct","match_score":1,"coordinate_status":"official_2025_carried_forward","georeference_confidence":"high","metropolitan":false,"estimated_coordinate":false},"geometry":{"type":"Point","coordinates":[-63.51324,-20.06726]}},{"type":"Feature","properties":{"province":"Cordillera","municipality":"Camiri","locality":"Itanambikua","precinct_code":4050,"precinct":"U.E. Juan Pablo Rivero Herbas","registered_2026":772,"tables_2026":4,"coordinate_source":"OEP_GeoElectoral_2da_vuelta_2025","coordinate_year":2025,"match_method":"exact_municipality_locality_precinct","match_score":1,"coordinate_status":"official_2025_carried_forward","georeference_confidence":"high","metropolitan":false,"estimated_coordinate":false},"geometry":{"type":"Point","coordinates":[-63.51152,-20.018151]}},{"type":"Feature","properties":{"province":"Cordillera","municipality":"Camiri","locality":"Pipi","precinct_code":4049,"precinct":"Esc. Seccional Pipi","registered_2026":216,"tables_2026":1,"coordinate_source":"OEP_GeoElectoral_2da_vuelta_2025","coordinate_year":2025,"match_method":"exact_municipality_locality_precinct","match_score":1,"coordinate_status":"official_2025_carried_forward","georeference_confidence":"high","metropolitan":false,"estimated_coordinate":false},"geometry":{"type":"Point","coordinates":[-63.42315,-20.083076]}},{"type":"Feature","properties":{"province":"Cordillera","municipality":"Camiri","locality":"Puente Viejo","precinct_code":1,"precinct":"U.E. El Puente","registered_2026":375,"tables_2026":2,"coordinate_source":"OEP_GeoElectoral_2da_vuelta_2025","coordinate_year":2025,"match_method":"exact_municipality_locality_precinct","match_score":1,"coordinate_status":"official_2025_carried_forward","georeference_confidence":"high","metropolitan":false,"estimated_coordinate":false},"geometry":{"type":"Point","coordinates":[-63.545141,-20.011294]}},{"type":"Feature","properties":{"province":"Cordillera","municipality":"Cuevo","locality":"Cuevo","precinct_code":4039,"precinct":"Esc. Ub. Angel Sandoval","registered_2026":1931,"tables_2026":8,"coordinate_source":"OEP_GeoElectoral_2da_vuelta_2025","coordinate_year":2025,"match_method":"exact_municipality_locality_precinct","match_score":1,"coordinate_status":"official_2025_carried_forward","georeference_confidence":"high","metropolitan":false,"estimated_coordinate":false},"geometry":{"type":"Point","coordinates":[-63.521764,-20.455024]}},{"type":"Feature","properties":{"province":"Cordillera","municipality":"Cuevo","locality":"El Arenal","precinct_code":25474,"precinct":"U.E. El Arenal","registered_2026":152,"tables_2026":1,"coordinate_source":"OEP_GeoElectoral_2da_vuelta_2025","coordinate_year":2025,"match_method":"exact_municipality_locality_precinct","match_score":1,"coordinate_status":"official_2025_carried_forward","georeference_confidence":"high","metropolitan":false,"estimated_coordinate":false},"geometry":{"type":"Point","coordinates":[-63.51412,-20.40366]}},{"type":"Feature","properties":{"province":"Cordillera","municipality":"Cuevo","locality":"Huaraca","precinct_code":4065,"precinct":"U.E Huaraca","registered_2026":186,"tables_2026":1,"coordinate_source":"OEP_GeoElectoral_2da_vuelta_2025","coordinate_year":2025,"match_method":"exact_municipality_locality_precinct","match_score":1,"coordinate_status":"official_2025_carried_forward","georeference_confidence":"high","metropolitan":false,"estimated_coordinate":false},"geometry":{"type":"Point","coordinates":[-63.679778,-20.141238]}},{"type":"Feature","properties":{"province":"Cordillera","municipality":"Cuevo","locality":"Itakuatia","precinct_code":1,"precinct":"U.E. Itacuatia","registered_2026":80,"tables_2026":1,"coordinate_source":"OEP_GeoElectoral_2da_vuelta_2025","coordinate_year":2025,"match_method":"exact_municipality_locality_precinct","match_score":1,"coordinate_status":"official_2025_carried_forward","georeference_confidence":"high","metropolitan":false,"estimated_coordinate":false},"geometry":{"type":"Point","coordinates":[-63.663027,-20.114094]}},{"type":"Feature","properties":{"province":"Cordillera","municipality":"Cuevo","locality":"Ivicuati","precinct_code":14064,"precinct":"U.E. Ivicuati","registered_2026":203,"tables_2026":1,"coordinate_source":"OEP_GeoElectoral_2da_vuelta_2025","coordinate_year":2025,"match_method":"exact_municipality_locality_precinct","match_score":1,"coordinate_status":"official_2025_carried_forward","georeference_confidence":"high","metropolitan":false,"estimated_coordinate":false},"geometry":{"type":"Point","coordinates":[-63.41391,-20.37102]}},{"type":"Feature","properties":{"province":"Cordillera","municipality":"Cuevo","locality":"Salinas","precinct_code":1,"precinct":"U.E. Salinas","registered_2026":227,"tables_2026":1,"coordinate_source":"OEP_GeoElectoral_2da_vuelta_2025","coordinate_year":2025,"match_method":"exact_municipality_locality_precinct","match_score":1,"coordinate_status":"official_2025_carried_forward","georeference_confidence":"high","metropolitan":false,"estimated_coordinate":false},"geometry":{"type":"Point","coordinates":[-63.46267,-20.226]}},{"type":"Feature","properties":{"province":"Cordillera","municipality":"Lagunillas","locality":"Agua Grande","precinct_code":4055,"precinct":"U.E. Kereimba","registered_2026":368,"tables_2026":2,"coordinate_source":"OEP_GeoElectoral_2da_vuelta_2025","coordinate_year":2025,"match_method":"exact_municipality_locality_precinct","match_score":1,"coordinate_status":"official_2025_carried_forward","georeference_confidence":"high","metropolitan":false,"estimated_coordinate":false},"geometry":{"type":"Point","coordinates":[-63.674484,-19.483753]}},{"type":"Feature","properties":{"province":"Cordillera","municipality":"Lagunillas","locality":"Alto Parapeti","precinct_code":4056,"precinct":"U.E. Iviyeca","registered_2026":146,"tables_2026":1,"coordinate_source":"OEP_GeoElectoral_2da_vuelta_2025","coordinate_year":2025,"match_method":"exact_municipality_locality_precinct","match_score":1,"coordinate_status":"official_2025_carried_forward","georeference_confidence":"high","metropolitan":false,"estimated_coordinate":false},"geometry":{"type":"Point","coordinates":[-63.64003,-19.946901]}},{"type":"Feature","properties":{"province":"Cordillera","municipality":"Lagunillas","locality":"Aquío","precinct_code":4001,"precinct":"U.E. Aquio","registered_2026":82,"tables_2026":1,"coordinate_source":"OEP_GeoElectoral_2da_vuelta_2025","coordinate_year":2025,"match_method":"exact_municipality_locality_precinct","match_score":1,"coordinate_status":"official_2025_carried_forward","georeference_confidence":"high","metropolitan":false,"estimated_coordinate":false},"geometry":{"type":"Point","coordinates":[-63.687234,-19.708499]}},{"type":"Feature","properties":{"province":"Cordillera","municipality":"Lagunillas","locality":"Buena Vista","precinct_code":25554,"precinct":"Salón de Reuniones","registered_2026":34,"tables_2026":1,"coordinate_source":"OEP_GeoElectoral_2da_vuelta_2025","coordinate_year":2025,"match_method":"exact_municipality_locality_precinct","match_score":1,"coordinate_status":"official_2025_carried_forward","georeference_confidence":"high","metropolitan":false,"estimated_coordinate":false},"geometry":{"type":"Point","coordinates":[-63.662678,-20.106623]}},{"type":"Feature","properties":{"province":"Cordillera","municipality":"Lagunillas","locality":"Caraparicito","precinct_code":1,"precinct":"U.E. Carparicito","registered_2026":183,"tables_2026":1,"coordinate_source":"OEP_GeoElectoral_2da_vuelta_2025","coordinate_year":2025,"match_method":"exact_municipality_locality_precinct","match_score":1,"coordinate_status":"official_2025_carried_forward","georeference_confidence":"high","metropolitan":false,"estimated_coordinate":false},"geometry":{"type":"Point","coordinates":[-63.662286,-19.802275]}},{"type":"Feature","properties":{"province":"Cordillera","municipality":"Lagunillas","locality":"Curupaiti","precinct_code":32288,"precinct":"U.E. Andrés Avalos","registered_2026":92,"tables_2026":1,"coordinate_source":"OEP_GeoElectoral_2da_vuelta_2025","coordinate_year":2025,"match_method":"exact_municipality_locality_precinct","match_score":1,"coordinate_status":"official_2025_carried_forward","georeference_confidence":"high","metropolitan":false,"estimated_coordinate":false},"geometry":{"type":"Point","coordinates":[-63.630715,-19.575913]}},{"type":"Feature","properties":{"province":"Cordillera","municipality":"Lagunillas","locality":"Ipati","precinct_code":4051,"precinct":"U.E. 15 de Mayo","registered_2026":618,"tables_2026":3,"coordinate_source":"OEP_GeoElectoral_2da_vuelta_2025","coordinate_year":2025,"match_method":"exact_municipality_locality_precinct","match_score":1,"coordinate_status":"official_2025_carried_forward","georeference_confidence":"high","metropolitan":false,"estimated_coordinate":false},"geometry":{"type":"Point","coordinates":[-63.561366,-19.764914]}},{"type":"Feature","properties":{"province":"Cordillera","municipality":"Lagunillas","locality":"Irenda","precinct_code":25556,"precinct":"U.E. Irenda","registered_2026":225,"tables_2026":1,"coordinate_source":"OEP_GeoElectoral_2da_vuelta_2025","coordinate_year":2025,"match_method":"exact_municipality_locality_precinct","match_score":1,"coordinate_status":"official_2025_carried_forward","georeference_confidence":"high","metropolitan":false,"estimated_coordinate":false},"geometry":{"type":"Point","coordinates":[-63.5567,-19.867607]}},{"type":"Feature","properties":{"province":"Cordillera","municipality":"Lagunillas","locality":"Kuruyuqui","precinct_code":32283,"precinct":"U.E. José María Carpio","registered_2026":53,"tables_2026":1,"coordinate_source":"OEP_GeoElectoral_2da_vuelta_2025","coordinate_year":2025,"match_method":"exact_municipality_locality_precinct","match_score":1,"coordinate_status":"official_2025_carried_forward","georeference_confidence":"high","metropolitan":false,"estimated_coordinate":false},"geometry":{"type":"Point","coordinates":[-63.618861,-19.624897]}},{"type":"Feature","properties":{"province":"Cordillera","municipality":"Lagunillas","locality":"Lagunillas","precinct_code":4000,"precinct":"Esc. Lagunillas","registered_2026":1117,"tables_2026":5,"coordinate_source":"OEP_GeoElectoral_2da_vuelta_2025","coordinate_year":2025,"match_method":"exact_municipality_locality_precinct","match_score":1,"coordinate_status":"official_2025_carried_forward","georeference_confidence":"high","metropolitan":false,"estimated_coordinate":false},"geometry":{"type":"Point","coordinates":[-63.67723,-19.65222]}},{"type":"Feature","properties":{"province":"Cordillera","municipality":"Lagunillas","locality":"Lagunillas","precinct_code":32104,"precinct":"U. E. 21 de Mayo","registered_2026":87,"tables_2026":1,"coordinate_source":"OEP_GeoElectoral_2da_vuelta_2025","coordinate_year":2025,"match_method":"exact_municipality_locality_precinct","match_score":1,"coordinate_status":"official_2025_carried_forward","georeference_confidence":"high","metropolitan":false,"estimated_coordinate":false},"geometry":{"type":"Point","coordinates":[-63.67923,-19.652741]}},{"type":"Feature","properties":{"province":"Cordillera","municipality":"Lagunillas","locality":"Mocomocal","precinct_code":32285,"precinct":"U.E. Mocomocal","registered_2026":121,"tables_2026":1,"coordinate_source":"OEP_GeoElectoral_2da_vuelta_2025","coordinate_year":2025,"match_method":"exact_municipality_locality_precinct","match_score":1,"coordinate_status":"official_2025_carried_forward","georeference_confidence":"high","metropolitan":false,"estimated_coordinate":false},"geometry":{"type":"Point","coordinates":[-63.594242,-19.732561]}},{"type":"Feature","properties":{"province":"Cordillera","municipality":"Lagunillas","locality":"Pampa Redonda","precinct_code":1,"precinct":"U.E. Pampa Redonda","registered_2026":158,"tables_2026":1,"coordinate_source":"OEP_GeoElectoral_2da_vuelta_2025","coordinate_year":2025,"match_method":"exact_municipality_locality_precinct","match_score":1,"coordinate_status":"official_2025_carried_forward","georeference_confidence":"high","metropolitan":false,"estimated_coordinate":false},"geometry":{"type":"Point","coordinates":[-63.559139,-19.794971]}},{"type":"Feature","properties":{"province":"Cordillera","municipality":"Lagunillas","locality":"Potrerillos Los Pozos","precinct_code":25555,"precinct":"U.E. Rafael Julián","registered_2026":186,"tables_2026":1,"coordinate_source":"OEP_GeoElectoral_2da_vuelta_2025","coordinate_year":2025,"match_method":"exact_municipality_locality_precinct","match_score":1,"coordinate_status":"official_2025_carried_forward","georeference_confidence":"high","metropolitan":false,"estimated_coordinate":false},"geometry":{"type":"Point","coordinates":[-63.603107,-19.688975]}},{"type":"Feature","properties":{"province":"Cordillera","municipality":"Lagunillas","locality":"Tasete","precinct_code":1,"precinct":"U.E. Tazete","registered_2026":66,"tables_2026":1,"coordinate_source":"OEP_GeoElectoral_2da_vuelta_2025","coordinate_year":2025,"match_method":"exact_municipality_locality_precinct","match_score":1,"coordinate_status":"official_2025_carried_forward","georeference_confidence":"high","metropolitan":false,"estimated_coordinate":false},"geometry":{"type":"Point","coordinates":[-63.641284,-20.011244]}},{"type":"Feature","properties":{"province":"Cordillera","municipality":"Lagunillas","locality":"Tenta Piau","precinct_code":1,"precinct":"U. E. Tenta Piau","registered_2026":116,"tables_2026":1,"coordinate_source":"OEP_GeoElectoral_2da_vuelta_2025","coordinate_year":2025,"match_method":"exact_municipality_locality_precinct","match_score":1,"coordinate_status":"official_2025_carried_forward","georeference_confidence":"high","metropolitan":false,"estimated_coordinate":false},"geometry":{"type":"Point","coordinates":[-63.668154,-19.557886]}},{"type":"Feature","properties":{"province":"Cordillera","municipality":"Lagunillas","locality":"Yaity","precinct_code":1,"precinct":"U.E. Yaity","registered_2026":103,"tables_2026":1,"coordinate_source":"OEP_GeoElectoral_2da_vuelta_2025","coordinate_year":2025,"match_method":"exact_municipality_locality_precinct","match_score":1,"coordinate_status":"official_2025_carried_forward","georeference_confidence":"high","metropolitan":false,"estimated_coordinate":false},"geometry":{"type":"Point","coordinates":[-63.63815,-20.06437]}},{"type":"Feature","properties":{"province":"Florida","municipality":"Mairana","locality":"Mairana","precinct_code":15008,"precinct":"Esc. Rene Barrientos Ortuño","registered_2026":6099,"tables_2026":26,"coordinate_source":"OEP_GeoElectoral_2da_vuelta_2025","coordinate_year":2025,"match_method":"exact_municipality_locality_precinct","match_score":1,"coordinate_status":"official_2025_carried_forward","georeference_confidence":"high","metropolitan":false,"estimated_coordinate":false},"geometry":{"type":"Point","coordinates":[-63.95771,-18.116024]}},{"type":"Feature","properties":{"province":"Florida","municipality":"Mairana","locality":"Mairana","precinct_code":26392,"precinct":"U.E. Juan Lorenzo Camperos","registered_2026":717,"tables_2026":3,"coordinate_source":"OEP_GeoElectoral_2da_vuelta_2025","coordinate_year":2025,"match_method":"exact_municipality_locality_precinct","match_score":1,"coordinate_status":"official_2025_carried_forward","georeference_confidence":"high","metropolitan":false,"estimated_coordinate":false},"geometry":{"type":"Point","coordinates":[-63.959912,-18.119534]}},{"type":"Feature","properties":{"province":"Florida","municipality":"Mairana","locality":"Mairana","precinct_code":32106,"precinct":"U. E. Mcal Sucre","registered_2026":668,"tables_2026":3,"coordinate_source":"OEP_GeoElectoral_2da_vuelta_2025","coordinate_year":2025,"match_method":"exact_municipality_locality_precinct","match_score":1,"coordinate_status":"official_2025_carried_forward","georeference_confidence":"high","metropolitan":false,"estimated_coordinate":false},"geometry":{"type":"Point","coordinates":[-63.955339,-18.11783]}},{"type":"Feature","properties":{"province":"Florida","municipality":"Mairana","locality":"Mendiola","precinct_code":5009,"precinct":"Esc. Angel Saavedra Chavez","registered_2026":209,"tables_2026":1,"coordinate_source":"OEP_GeoElectoral_2da_vuelta_2025","coordinate_year":2025,"match_method":"exact_municipality_locality_precinct","match_score":1,"coordinate_status":"official_2025_carried_forward","georeference_confidence":"high","metropolitan":false,"estimated_coordinate":false},"geometry":{"type":"Point","coordinates":[-63.968651,-18.194066]}},{"type":"Feature","properties":{"province":"Florida","municipality":"Mairana","locality":"Yerba Buena","precinct_code":15011,"precinct":"Esc. Ananias Melendres","registered_2026":932,"tables_2026":4,"coordinate_source":"OEP_GeoElectoral_2da_vuelta_2025","coordinate_year":2025,"match_method":"exact_municipality_locality_precinct","match_score":1,"coordinate_status":"official_2025_carried_forward","georeference_confidence":"high","metropolitan":false,"estimated_coordinate":false},"geometry":{"type":"Point","coordinates":[-64.03188,-17.97899]}},{"type":"Feature","properties":{"province":"Florida","municipality":"Pampagrande","locality":"Los Negros","precinct_code":15007,"precinct":"Esc. U.E. Eduardo Avaroa","registered_2026":3821,"tables_2026":16,"coordinate_source":"OEP_GeoElectoral_2da_vuelta_2025","coordinate_year":2025,"match_method":"exact_municipality_locality_precinct","match_score":1,"coordinate_status":"official_2025_carried_forward","georeference_confidence":"high","metropolitan":false,"estimated_coordinate":false},"geometry":{"type":"Point","coordinates":[-64.12405,-18.05703]}},{"type":"Feature","properties":{"province":"Florida","municipality":"Pampagrande","locality":"Los Negros","precinct_code":26391,"precinct":"U.E. Simón Bolívar","registered_2026":375,"tables_2026":2,"coordinate_source":"OEP_GeoElectoral_2da_vuelta_2025","coordinate_year":2025,"match_method":"exact_municipality_locality_precinct","match_score":1,"coordinate_status":"official_2025_carried_forward","georeference_confidence":"high","metropolitan":false,"estimated_coordinate":false},"geometry":{"type":"Point","coordinates":[-64.121208,-18.055439]}},{"type":"Feature","properties":{"province":"Florida","municipality":"Pampagrande","locality":"Mataral","precinct_code":15006,"precinct":"U.E.Delfin Arteaga Taborga","registered_2026":611,"tables_2026":3,"coordinate_source":"OEP_GeoElectoral_2da_vuelta_2025","coordinate_year":2025,"match_method":"exact_municipality_locality_precinct","match_score":1,"coordinate_status":"official_2025_carried_forward","georeference_confidence":"high","metropolitan":false,"estimated_coordinate":false},"geometry":{"type":"Point","coordinates":[-64.216267,-18.118194]}},{"type":"Feature","properties":{"province":"Florida","municipality":"Pampagrande","locality":"Palmasola","precinct_code":15012,"precinct":"Esc. Palmasola (El Carmen)","registered_2026":224,"tables_2026":1,"coordinate_source":"OEP_GeoElectoral_2da_vuelta_2025","coordinate_year":2025,"match_method":"exact_municipality_locality_precinct","match_score":1,"coordinate_status":"official_2025_carried_forward","georeference_confidence":"high","metropolitan":false,"estimated_coordinate":false},"geometry":{"type":"Point","coordinates":[-64.208796,-17.891877]}},{"type":"Feature","properties":{"province":"Florida","municipality":"Pampagrande","locality":"Pampagrande","precinct_code":5005,"precinct":"Esc. Pedro Aristides","registered_2026":822,"tables_2026":4,"coordinate_source":"OEP_GeoElectoral_2da_vuelta_2025","coordinate_year":2025,"match_method":"exact_municipality_locality_precinct","match_score":1,"coordinate_status":"official_2025_carried_forward","georeference_confidence":"high","metropolitan":false,"estimated_coordinate":false},"geometry":{"type":"Point","coordinates":[-64.11092,-18.08937]}},{"type":"Feature","properties":{"province":"Florida","municipality":"Pampagrande","locality":"Santa Rosita de Lima","precinct_code":5013,"precinct":"Esc. Nucleo Santa Rosa","registered_2026":204,"tables_2026":1,"coordinate_source":"OEP_GeoElectoral_2da_vuelta_2025","coordinate_year":2025,"match_method":"exact_municipality_locality_precinct","match_score":1,"coordinate_status":"official_2025_carried_forward","georeference_confidence":"high","metropolitan":false,"estimated_coordinate":false},"geometry":{"type":"Point","coordinates":[-64.245937,-17.86679]}},{"type":"Feature","properties":{"province":"Florida","municipality":"Quirusillas","locality":"Quirusillas","precinct_code":15010,"precinct":"Esc. Nestor Paz Zamora","registered_2026":1184,"tables_2026":5,"coordinate_source":"OEP_GeoElectoral_2da_vuelta_2025","coordinate_year":2025,"match_method":"exact_municipality_locality_precinct","match_score":1,"coordinate_status":"official_2025_carried_forward","georeference_confidence":"high","metropolitan":false,"estimated_coordinate":false},"geometry":{"type":"Point","coordinates":[-63.947953,-18.334068]}},{"type":"Feature","properties":{"province":"Florida","municipality":"Samaipata","locality":"Achiras","precinct_code":15015,"precinct":"Esc. Unidad Educativa 27 De Mayo","registered_2026":312,"tables_2026":2,"coordinate_source":"OEP_GeoElectoral_2da_vuelta_2025","coordinate_year":2025,"match_method":"exact_municipality_locality_precinct","match_score":1,"coordinate_status":"official_2025_carried_forward","georeference_confidence":"high","metropolitan":false,"estimated_coordinate":false},"geometry":{"type":"Point","coordinates":[-63.79241,-18.17142]}},{"type":"Feature","properties":{"province":"Florida","municipality":"Samaipata","locality":"Bella Victoria","precinct_code":15014,"precinct":"Esc. Central Bella Victoria","registered_2026":1340,"tables_2026":6,"coordinate_source":"OEP_GeoElectoral_2da_vuelta_2025","coordinate_year":2025,"match_method":"exact_municipality_locality_precinct","match_score":1,"coordinate_status":"official_2025_carried_forward","georeference_confidence":"high","metropolitan":false,"estimated_coordinate":false},"geometry":{"type":"Point","coordinates":[-63.945482,-18.234377]}},{"type":"Feature","properties":{"province":"Florida","municipality":"Samaipata","locality":"Bermejo","precinct_code":15002,"precinct":"Esc. Timoteo Rondales","registered_2026":421,"tables_2026":2,"coordinate_source":"OEP_GeoElectoral_2da_vuelta_2025","coordinate_year":2025,"match_method":"exact_municipality_locality_precinct","match_score":1,"coordinate_status":"official_2025_carried_forward","georeference_confidence":"high","metropolitan":false,"estimated_coordinate":false},"geometry":{"type":"Point","coordinates":[-63.634351,-18.130626]}},{"type":"Feature","properties":{"province":"Florida","municipality":"Samaipata","locality":"Samaipata","precinct_code":15001,"precinct":"Esc. Napoleon Gomez","registered_2026":1512,"tables_2026":7,"coordinate_source":"OEP_GeoElectoral_2da_vuelta_2025","coordinate_year":2025,"match_method":"exact_municipality_locality_precinct","match_score":1,"coordinate_status":"official_2025_carried_forward","georeference_confidence":"high","metropolitan":false,"estimated_coordinate":false},"geometry":{"type":"Point","coordinates":[-63.876187,-18.179161]}},{"type":"Feature","properties":{"province":"Florida","municipality":"Samaipata","locality":"Samaipata","precinct_code":15016,"precinct":"Esc. Gral. Agustin Saavedra","registered_2026":2396,"tables_2026":10,"coordinate_source":"OEP_GeoElectoral_2da_vuelta_2025","coordinate_year":2025,"match_method":"exact_municipality_locality_precinct","match_score":1,"coordinate_status":"official_2025_carried_forward","georeference_confidence":"high","metropolitan":false,"estimated_coordinate":false},"geometry":{"type":"Point","coordinates":[-63.871904,-18.177809]}},{"type":"Feature","properties":{"province":"Florida","municipality":"Samaipata","locality":"Samaipata","precinct_code":26432,"precinct":"U.E. Juan de La Cruz Lijeron","registered_2026":1276,"tables_2026":6,"coordinate_source":"OEP_GeoElectoral_2da_vuelta_2025","coordinate_year":2025,"match_method":"exact_municipality_locality_precinct","match_score":1,"coordinate_status":"official_2025_carried_forward","georeference_confidence":"high","metropolitan":false,"estimated_coordinate":false},"geometry":{"type":"Point","coordinates":[-63.876138,-18.17936]}},{"type":"Feature","properties":{"province":"Florida","municipality":"Samaipata","locality":"San Juan del Rosario","precinct_code":15004,"precinct":"Esc. Nucleo San Juan del Rosario","registered_2026":217,"tables_2026":1,"coordinate_source":"OEP_GeoElectoral_2da_vuelta_2025","coordinate_year":2025,"match_method":"exact_municipality_locality_precinct","match_score":1,"coordinate_status":"official_2025_carried_forward","georeference_confidence":"high","metropolitan":false,"estimated_coordinate":false},"geometry":{"type":"Point","coordinates":[-63.809243,-18.305141]}},{"type":"Feature","properties":{"province":"Florida","municipality":"Samaipata","locality":"Valle Abajo","precinct_code":15003,"precinct":"Esc. Santiago del Valle","registered_2026":350,"tables_2026":2,"coordinate_source":"OEP_GeoElectoral_2da_vuelta_2025","coordinate_year":2025,"match_method":"exact_municipality_locality_precinct","match_score":1,"coordinate_status":"official_2025_carried_forward","georeference_confidence":"high","metropolitan":false,"estimated_coordinate":false},"geometry":{"type":"Point","coordinates":[-63.916443,-18.221287]}},{"type":"Feature","properties":{"province":"Germán Busch","municipality":"El Carmen Rivero Tórrez","locality":"Candelaria","precinct_code":1,"precinct":"U.E. Candelaria","registered_2026":57,"tables_2026":1,"coordinate_source":"OEP_GeoElectoral_2da_vuelta_2025","coordinate_year":2025,"match_method":"exact_municipality_locality_precinct","match_score":1,"coordinate_status":"official_2025_carried_forward","georeference_confidence":"high","metropolitan":false,"estimated_coordinate":false},"geometry":{"type":"Point","coordinates":[-58.987024,-18.625663]}},{"type":"Feature","properties":{"province":"Germán Busch","municipality":"El Carmen Rivero Tórrez","locality":"Comunidad Campesina Santa Rosa de Bocaina","precinct_code":32429,"precinct":"U.E. Santa Rosa","registered_2026":137,"tables_2026":1,"coordinate_source":"OpenStreetMap (localidad Santa Rosa de Bocaina)","coordinate_year":null,"match_method":"locality_centroid_estimate","match_score":null,"coordinate_status":"estimated_not_official_precinct_point","georeference_confidence":"medium","official_2026_address":"Comunidad Campesina Santa Rosa de Bocaina","coordinate_source_url":"https://www.openstreetmap.org/way/719425379","coordinate_source_feature":"place=hamlet; OSM way 719425379","metropolitan":false,"estimated_coordinate":true},"geometry":{"type":"Point","coordinates":[-58.31738,-18.178025]}},{"type":"Feature","properties":{"province":"Germán Busch","municipality":"El Carmen Rivero Tórrez","locality":"El Carmen Rivero Torrez","precinct_code":5509,"precinct":"Esc. Daniel Zambrana","registered_2026":2394,"tables_2026":10,"coordinate_source":"OEP_GeoElectoral_2da_vuelta_2025","coordinate_year":2025,"match_method":"exact_municipality_locality_precinct","match_score":1,"coordinate_status":"official_2025_carried_forward","georeference_confidence":"high","metropolitan":false,"estimated_coordinate":false},"geometry":{"type":"Point","coordinates":[-58.62548,-18.82769]}},{"type":"Feature","properties":{"province":"Germán Busch","municipality":"El Carmen Rivero Tórrez","locality":"El Carmen Rivero Torrez","precinct_code":32110,"precinct":"U. E. Rvdo. Padre Antonio Rainer","registered_2026":551,"tables_2026":3,"coordinate_source":"OEP_GeoElectoral_2da_vuelta_2025","coordinate_year":2025,"match_method":"exact_municipality_locality_precinct","match_score":1,"coordinate_status":"official_2025_carried_forward","georeference_confidence":"high","metropolitan":false,"estimated_coordinate":false},"geometry":{"type":"Point","coordinates":[-58.621076,-18.820654]}},{"type":"Feature","properties":{"province":"Germán Busch","municipality":"El Carmen Rivero Tórrez","locality":"Palmeras","precinct_code":1,"precinct":"U.E. Palmera","registered_2026":207,"tables_2026":1,"coordinate_source":"OEP_GeoElectoral_2da_vuelta_2025","coordinate_year":2025,"match_method":"exact_municipality_locality_precinct","match_score":1,"coordinate_status":"official_2025_carried_forward","georeference_confidence":"high","metropolitan":false,"estimated_coordinate":false},"geometry":{"type":"Point","coordinates":[-58.208889,-18.201028]}},{"type":"Feature","properties":{"province":"Germán Busch","municipality":"El Carmen Rivero Tórrez","locality":"Palmito","precinct_code":1,"precinct":"U.E. San Antonio de Palmito","registered_2026":100,"tables_2026":1,"coordinate_source":"OEP_GeoElectoral_2da_vuelta_2025","coordinate_year":2025,"match_method":"exact_municipality_locality_precinct","match_score":1,"coordinate_status":"official_2025_carried_forward","georeference_confidence":"high","metropolitan":false,"estimated_coordinate":false},"geometry":{"type":"Point","coordinates":[-58.40133,-18.89305]}},{"type":"Feature","properties":{"province":"Germán Busch","municipality":"El Carmen Rivero Tórrez","locality":"Rincón del Tigre","precinct_code":6004,"precinct":"U.E. Evangélico Rincón del Tigre","registered_2026":203,"tables_2026":1,"coordinate_source":"OEP_GeoElectoral_2da_vuelta_2025","coordinate_year":2025,"match_method":"exact_municipality_locality_precinct","match_score":1,"coordinate_status":"official_2025_carried_forward","georeference_confidence":"high","metropolitan":false,"estimated_coordinate":false},"geometry":{"type":"Point","coordinates":[-58.168054,-18.210793]}},{"type":"Feature","properties":{"province":"Germán Busch","municipality":"El Carmen Rivero Tórrez","locality":"Santa Ana","precinct_code":6011,"precinct":"U.E. Santa Ana","registered_2026":341,"tables_2026":2,"coordinate_source":"OEP_GeoElectoral_2da_vuelta_2025","coordinate_year":2025,"match_method":"exact_municipality_locality_precinct","match_score":1,"coordinate_status":"official_2025_carried_forward","georeference_confidence":"high","metropolitan":false,"estimated_coordinate":false},"geometry":{"type":"Point","coordinates":[-58.785138,-18.707345]}},{"type":"Feature","properties":{"province":"Germán Busch","municipality":"Puerto Quijarro","locality":"Arroyo Concepción","precinct_code":6008,"precinct":"Esc. Mixta La Frontera","registered_2026":4000,"tables_2026":17,"coordinate_source":"OEP_GeoElectoral_2da_vuelta_2025","coordinate_year":2025,"match_method":"exact_municipality_locality_precinct","match_score":1,"coordinate_status":"official_2025_carried_forward","georeference_confidence":"high","metropolitan":false,"estimated_coordinate":false},"geometry":{"type":"Point","coordinates":[-57.70963,-19.02897]}},{"type":"Feature","properties":{"province":"Germán Busch","municipality":"Puerto Quijarro","locality":"Arroyo Concepción","precinct_code":32109,"precinct":"U. E. Resguardo","registered_2026":435,"tables_2026":2,"coordinate_source":"OEP_GeoElectoral_2da_vuelta_2025","coordinate_year":2025,"match_method":"exact_municipality_locality_precinct","match_score":1,"coordinate_status":"official_2025_carried_forward","georeference_confidence":"high","metropolitan":false,"estimated_coordinate":false},"geometry":{"type":"Point","coordinates":[-57.705224,-19.022279]}},{"type":"Feature","properties":{"province":"Germán Busch","municipality":"Puerto Quijarro","locality":"El Carmen de la Frontera","precinct_code":25855,"precinct":"U.E. El Carmen de la Frontera","registered_2026":169,"tables_2026":1,"coordinate_source":"OEP_GeoElectoral_2da_vuelta_2025","coordinate_year":2025,"match_method":"exact_municipality_locality_precinct","match_score":1,"coordinate_status":"official_2025_carried_forward","georeference_confidence":"high","metropolitan":false,"estimated_coordinate":false},"geometry":{"type":"Point","coordinates":[-57.816639,-19.099958]}},{"type":"Feature","properties":{"province":"Germán Busch","municipality":"Puerto Quijarro","locality":"Quijarro","precinct_code":5506,"precinct":"Esc. Gisela Brun Sciaroni","registered_2026":4146,"tables_2026":18,"coordinate_source":"OEP_GeoElectoral_2da_vuelta_2025","coordinate_year":2025,"match_method":"exact_municipality_locality_precinct","match_score":1,"coordinate_status":"official_2025_carried_forward","georeference_confidence":"high","metropolitan":false,"estimated_coordinate":false},"geometry":{"type":"Point","coordinates":[-57.716504,-19.004686]}},{"type":"Feature","properties":{"province":"Germán Busch","municipality":"Puerto Quijarro","locality":"Quijarro","precinct_code":6007,"precinct":"Esc. Samuel Lopez Mendoza","registered_2026":3741,"tables_2026":16,"coordinate_source":"OEP_GeoElectoral_2da_vuelta_2025","coordinate_year":2025,"match_method":"exact_municipality_locality_precinct","match_score":1,"coordinate_status":"official_2025_carried_forward","georeference_confidence":"high","metropolitan":false,"estimated_coordinate":false},"geometry":{"type":"Point","coordinates":[-57.717404,-19.002369]}},{"type":"Feature","properties":{"province":"Germán Busch","municipality":"Puerto Quijarro","locality":"Quijarro","precinct_code":26384,"precinct":"U.E. Cleydi Duran Yovio","registered_2026":567,"tables_2026":3,"coordinate_source":"OEP_GeoElectoral_2da_vuelta_2025","coordinate_year":2025,"match_method":"exact_municipality_locality_precinct","match_score":1,"coordinate_status":"official_2025_carried_forward","georeference_confidence":"high","metropolitan":false,"estimated_coordinate":false},"geometry":{"type":"Point","coordinates":[-57.709214,-19.002739]}},{"type":"Feature","properties":{"province":"Germán Busch","municipality":"Puerto Suarez","locality":"Colonia Warnes","precinct_code":1,"precinct":"U.E. Chalera Warnes","registered_2026":106,"tables_2026":1,"coordinate_source":"OEP_GeoElectoral_2da_vuelta_2025","coordinate_year":2025,"match_method":"exact_municipality_locality_precinct","match_score":1,"coordinate_status":"official_2025_carried_forward","georeference_confidence":"high","metropolitan":false,"estimated_coordinate":false},"geometry":{"type":"Point","coordinates":[-57.948072,-19.21196]}},{"type":"Feature","properties":{"province":"Germán Busch","municipality":"Puerto Suarez","locality":"El Salao","precinct_code":1,"precinct":"U.E. El Salao","registered_2026":139,"tables_2026":1,"coordinate_source":"OEP_GeoElectoral_2da_vuelta_2025","coordinate_year":2025,"match_method":"exact_municipality_locality_precinct","match_score":1,"coordinate_status":"official_2025_carried_forward","georeference_confidence":"high","metropolitan":false,"estimated_coordinate":false},"geometry":{"type":"Point","coordinates":[-57.828798,-18.977313]}},{"type":"Feature","properties":{"province":"Germán Busch","municipality":"Puerto Suarez","locality":"Motacucito","precinct_code":1,"precinct":"U.E. Mcal. Sucre","registered_2026":119,"tables_2026":1,"coordinate_source":"OEP GeoElectoral 2025 (proxy del mismo asiento Motacucito)","coordinate_year":2025,"match_method":"same_locality_2025_precinct_proxy","match_score":null,"coordinate_status":"estimated_not_official_precinct_point","georeference_confidence":"medium","official_2026_address":"Comunidad Motacucito","coordinate_source_url":"https://geoelectoral.oep.org.bo/oep/rest/services/EleccionesGenerales2020/2daVueltaEleccionesGenerales2025/MapServer/0","coordinate_source_feature":"Asiento Motacucito; recinto 2025 U.E. Motacucito","metropolitan":false,"estimated_coordinate":true},"geometry":{"type":"Point","coordinates":[-57.868878,-18.997497]}},{"type":"Feature","properties":{"province":"Germán Busch","municipality":"Puerto Suarez","locality":"Puerto Suarez","precinct_code":6002,"precinct":"Esc. Eliodoro Paz","registered_2026":968,"tables_2026":4,"coordinate_source":"OEP_GeoElectoral_2da_vuelta_2025","coordinate_year":2025,"match_method":"exact_municipality_locality_precinct","match_score":1,"coordinate_status":"official_2025_carried_forward","georeference_confidence":"high","metropolitan":false,"estimated_coordinate":false},"geometry":{"type":"Point","coordinates":[-57.79655,-18.96109]}},{"type":"Feature","properties":{"province":"Germán Busch","municipality":"Puerto Suarez","locality":"Puerto Suarez","precinct_code":16001,"precinct":"Esc. Josefina Goytia","registered_2026":1797,"tables_2026":8,"coordinate_source":"OEP_GeoElectoral_2da_vuelta_2025","coordinate_year":2025,"match_method":"exact_municipality_locality_precinct","match_score":1,"coordinate_status":"official_2025_carried_forward","georeference_confidence":"high","metropolitan":false,"estimated_coordinate":false},"geometry":{"type":"Point","coordinates":[-57.80096,-18.96123]}},{"type":"Feature","properties":{"province":"Germán Busch","municipality":"Puerto Suarez","locality":"Puerto Suarez","precinct_code":16003,"precinct":"Esc. Miguel Suarez Arana","registered_2026":2590,"tables_2026":11,"coordinate_source":"OEP_GeoElectoral_2da_vuelta_2025","coordinate_year":2025,"match_method":"exact_municipality_locality_precinct","match_score":1,"coordinate_status":"official_2025_carried_forward","georeference_confidence":"high","metropolitan":false,"estimated_coordinate":false},"geometry":{"type":"Point","coordinates":[-57.79474,-18.96855]}},{"type":"Feature","properties":{"province":"Germán Busch","municipality":"Puerto Suarez","locality":"Puerto Suarez","precinct_code":26429,"precinct":"U.E. Felipe Leonor Ribera","registered_2026":3108,"tables_2026":13,"coordinate_source":"OEP_GeoElectoral_2da_vuelta_2025","coordinate_year":2025,"match_method":"exact_municipality_locality_precinct","match_score":1,"coordinate_status":"official_2025_carried_forward","georeference_confidence":"high","metropolitan":false,"estimated_coordinate":false},"geometry":{"type":"Point","coordinates":[-57.800587,-18.96798]}},{"type":"Feature","properties":{"province":"Germán Busch","municipality":"Puerto Suarez","locality":"Puerto Suarez","precinct_code":32140,"precinct":"U. E. José Eliodoro Paz","registered_2026":484,"tables_2026":2,"coordinate_source":"OEP_GeoElectoral_2da_vuelta_2025","coordinate_year":2025,"match_method":"exact_municipality_locality_precinct","match_score":1,"coordinate_status":"official_2025_carried_forward","georeference_confidence":"high","metropolitan":false,"estimated_coordinate":false},"geometry":{"type":"Point","coordinates":[-57.80445,-18.979115]}},{"type":"Feature","properties":{"province":"Germán Busch","municipality":"Puerto Suarez","locality":"San Salvador","precinct_code":1,"precinct":"U.E. San Salvador","registered_2026":96,"tables_2026":1,"coordinate_source":"OEP_GeoElectoral_2da_vuelta_2025","coordinate_year":2025,"match_method":"exact_municipality_locality_precinct","match_score":1,"coordinate_status":"official_2025_carried_forward","georeference_confidence":"high","metropolitan":false,"estimated_coordinate":false},"geometry":{"type":"Point","coordinates":[-57.824106,-19.029862]}},{"type":"Feature","properties":{"province":"Germán Busch","municipality":"Puerto Suarez","locality":"Suárez Arana","precinct_code":5505,"precinct":"Esc. Angelica Rivero","registered_2026":1063,"tables_2026":5,"coordinate_source":"OEP_GeoElectoral_2da_vuelta_2025","coordinate_year":2025,"match_method":"exact_municipality_locality_precinct","match_score":1,"coordinate_status":"official_2025_carried_forward","georeference_confidence":"high","metropolitan":false,"estimated_coordinate":false},"geometry":{"type":"Point","coordinates":[-57.793147,-18.990373]}},{"type":"Feature","properties":{"province":"Germán Busch","municipality":"Puerto Suarez","locality":"Yacuses","precinct_code":5510,"precinct":"Esc. German Busch Yacuses","registered_2026":843,"tables_2026":4,"coordinate_source":"OEP_GeoElectoral_2da_vuelta_2025","coordinate_year":2025,"match_method":"exact_municipality_locality_precinct","match_score":1,"coordinate_status":"official_2025_carried_forward","georeference_confidence":"high","metropolitan":false,"estimated_coordinate":false},"geometry":{"type":"Point","coordinates":[-58.23871,-18.97605]}},{"type":"Feature","properties":{"province":"Guarayos","municipality":"Ascención de Guarayos","locality":"16 de Julio","precinct_code":25535,"precinct":"U.E. 16 de Julio","registered_2026":282,"tables_2026":2,"coordinate_source":"OEP_2026_archivo_21_municipios","coordinate_year":2026,"match_method":"exact_municipality_locality_precinct","match_score":1,"coordinate_status":"official_2026_source_file","georeference_confidence":"high","metropolitan":false,"estimated_coordinate":false},"geometry":{"type":"Point","coordinates":[-63.590825,-15.620972]}},{"type":"Feature","properties":{"province":"Guarayos","municipality":"Ascención de Guarayos","locality":"Ascención (Guarayos)","precinct_code":17000,"precinct":"U.E. Pablo Cunsik","registered_2026":3859,"tables_2026":16,"coordinate_source":"OEP_2026_archivo_21_municipios","coordinate_year":2026,"match_method":"exact_municipality_locality_precinct","match_score":1,"coordinate_status":"official_2026_source_file","georeference_confidence":"high","metropolitan":false,"estimated_coordinate":false},"geometry":{"type":"Point","coordinates":[-63.187976,-15.898327]}},{"type":"Feature","properties":{"province":"Guarayos","municipality":"Ascención de Guarayos","locality":"Ascención (Guarayos)","precinct_code":17001,"precinct":"Esc. Esteban Gebard","registered_2026":4638,"tables_2026":20,"coordinate_source":"OEP_2026_archivo_21_municipios","coordinate_year":2026,"match_method":"exact_municipality_locality_precinct","match_score":1,"coordinate_status":"official_2026_source_file","georeference_confidence":"high","metropolitan":false,"estimated_coordinate":false},"geometry":{"type":"Point","coordinates":[-63.186997,-15.903269]}},{"type":"Feature","properties":{"province":"Guarayos","municipality":"Ascención de Guarayos","locality":"Ascención (Guarayos)","precinct_code":17002,"precinct":"U.E. Mi Dulce Hogar","registered_2026":2181,"tables_2026":10,"coordinate_source":"OEP_2026_archivo_21_municipios","coordinate_year":2026,"match_method":"exact_municipality_locality_precinct","match_score":1,"coordinate_status":"official_2026_source_file","georeference_confidence":"high","metropolitan":false,"estimated_coordinate":false},"geometry":{"type":"Point","coordinates":[-63.19247,-15.89222]}},{"type":"Feature","properties":{"province":"Guarayos","municipality":"Ascención de Guarayos","locality":"Ascención (Guarayos)","precinct_code":17003,"precinct":"U. E. José Barrero Valverde","registered_2026":1316,"tables_2026":6,"coordinate_source":"OEP_2026_archivo_21_municipios","coordinate_year":2026,"match_method":"exact_municipality_locality_precinct","match_score":1,"coordinate_status":"official_2026_source_file","georeference_confidence":"high","metropolitan":false,"estimated_coordinate":false},"geometry":{"type":"Point","coordinates":[-63.189246,-15.897675]}},{"type":"Feature","properties":{"province":"Guarayos","municipality":"Ascención de Guarayos","locality":"Ascención (Guarayos)","precinct_code":25537,"precinct":"U.E. 27 de Mayo","registered_2026":1351,"tables_2026":6,"coordinate_source":"OEP_2026_archivo_21_municipios","coordinate_year":2026,"match_method":"exact_municipality_locality_precinct","match_score":1,"coordinate_status":"official_2026_source_file","georeference_confidence":"high","metropolitan":false,"estimated_coordinate":false},"geometry":{"type":"Point","coordinates":[-63.179643,-15.894092]}},{"type":"Feature","properties":{"province":"Guarayos","municipality":"Ascención de Guarayos","locality":"Ascención (Guarayos)","precinct_code":25538,"precinct":"U.E. San José Obrero","registered_2026":1092,"tables_2026":5,"coordinate_source":"OEP_2026_archivo_21_municipios","coordinate_year":2026,"match_method":"exact_municipality_locality_precinct","match_score":1,"coordinate_status":"official_2026_source_file","georeference_confidence":"high","metropolitan":false,"estimated_coordinate":false},"geometry":{"type":"Point","coordinates":[-63.185205,-15.887476]}},{"type":"Feature","properties":{"province":"Guarayos","municipality":"Ascención de Guarayos","locality":"Ascención (Guarayos)","precinct_code":26349,"precinct":"U. E. San Gregorio","registered_2026":87,"tables_2026":1,"coordinate_source":"OEP_2026_archivo_21_municipios","coordinate_year":2026,"match_method":"exact_municipality_locality_precinct","match_score":1,"coordinate_status":"official_2026_source_file","georeference_confidence":"high","metropolitan":false,"estimated_coordinate":false},"geometry":{"type":"Point","coordinates":[-63.185087,-15.906878]}},{"type":"Feature","properties":{"province":"Guarayos","municipality":"Ascención de Guarayos","locality":"Ascención (Guarayos)","precinct_code":32111,"precinct":"U. E. José Barrero Valverde (Módulo)","registered_2026":534,"tables_2026":3,"coordinate_source":"OEP_2026_archivo_21_municipios","coordinate_year":2026,"match_method":"exact_municipality_locality_precinct","match_score":1,"coordinate_status":"official_2026_source_file","georeference_confidence":"high","metropolitan":false,"estimated_coordinate":false},"geometry":{"type":"Point","coordinates":[-63.175138,-15.901717]}},{"type":"Feature","properties":{"province":"Guarayos","municipality":"Ascención de Guarayos","locality":"Cerro Grande","precinct_code":1,"precinct":"Esc. 6 de Abril","registered_2026":442,"tables_2026":2,"coordinate_source":"OEP_2026_archivo_21_municipios","coordinate_year":2026,"match_method":"exact_municipality_locality_precinct","match_score":1,"coordinate_status":"official_2026_source_file","georeference_confidence":"high","metropolitan":false,"estimated_coordinate":false},"geometry":{"type":"Point","coordinates":[-63.567876,-15.6334]}},{"type":"Feature","properties":{"province":"Guarayos","municipality":"Ascención de Guarayos","locality":"Comunidad Indígena Cerro Chico","precinct_code":32428,"precinct":"U.E. 25 de Mayo","registered_2026":65,"tables_2026":1,"coordinate_source":"OEP_2026_archivo_21_municipios","coordinate_year":2026,"match_method":"exact_municipality_locality_precinct","match_score":1,"coordinate_status":"official_2026_source_file","georeference_confidence":"high","metropolitan":false,"estimated_coordinate":false},"geometry":{"type":"Point","coordinates":[-63.699449,-15.452821]}},{"type":"Feature","properties":{"province":"Guarayos","municipality":"Ascención de Guarayos","locality":"El Junte","precinct_code":17019,"precinct":"U.E. 17 de Febrero","registered_2026":358,"tables_2026":2,"coordinate_source":"OEP_2026_archivo_21_municipios","coordinate_year":2026,"match_method":"exact_municipality_locality_precinct","match_score":1,"coordinate_status":"official_2026_source_file","georeference_confidence":"high","metropolitan":false,"estimated_coordinate":false},"geometry":{"type":"Point","coordinates":[-63.864028,-15.251687]}},{"type":"Feature","properties":{"province":"Guarayos","municipality":"Ascención de Guarayos","locality":"Nueva Jerusalen","precinct_code":17017,"precinct":"U.E. 5 de Marzo","registered_2026":344,"tables_2026":2,"coordinate_source":"OEP_2026_archivo_21_municipios","coordinate_year":2026,"match_method":"exact_municipality_locality_precinct","match_score":1,"coordinate_status":"official_2026_source_file","georeference_confidence":"high","metropolitan":false,"estimated_coordinate":false},"geometry":{"type":"Point","coordinates":[-63.78613,-15.36522]}},{"type":"Feature","properties":{"province":"Guarayos","municipality":"Ascención de Guarayos","locality":"San Pablo","precinct_code":7002,"precinct":"Esc. San Pablo","registered_2026":977,"tables_2026":4,"coordinate_source":"OEP_2026_archivo_21_municipios","coordinate_year":2026,"match_method":"exact_municipality_locality_precinct","match_score":1,"coordinate_status":"official_2026_source_file","georeference_confidence":"high","metropolitan":false,"estimated_coordinate":false},"geometry":{"type":"Point","coordinates":[-63.303127,-15.901607]}},{"type":"Feature","properties":{"province":"Guarayos","municipality":"Ascención de Guarayos","locality":"Santa María (Nueva Esperanza)","precinct_code":7003,"precinct":"U.E. Leonardo Cespedes","registered_2026":852,"tables_2026":4,"coordinate_source":"OEP_2026_archivo_21_municipios","coordinate_year":2026,"match_method":"exact_municipality_locality_precinct","match_score":1,"coordinate_status":"official_2026_source_file","georeference_confidence":"high","metropolitan":false,"estimated_coordinate":false},"geometry":{"type":"Point","coordinates":[-63.45625,-15.728429]}},{"type":"Feature","properties":{"province":"Guarayos","municipality":"Ascención de Guarayos","locality":"Villa Fátima","precinct_code":25536,"precinct":"U.E. Villa Fátima","registered_2026":213,"tables_2026":1,"coordinate_source":"OEP_2026_archivo_21_municipios","coordinate_year":2026,"match_method":"exact_municipality_locality_precinct","match_score":1,"coordinate_status":"official_2026_source_file","georeference_confidence":"high","metropolitan":false,"estimated_coordinate":false},"geometry":{"type":"Point","coordinates":[-63.000565,-15.838331]}},{"type":"Feature","properties":{"province":"Guarayos","municipality":"El Puente","locality":"10 de Noviembre (Núcleo 47)","precinct_code":17010,"precinct":"U.E. Elizardo Perez","registered_2026":620,"tables_2026":3,"coordinate_source":"OEP_GeoElectoral_2da_vuelta_2025","coordinate_year":2025,"match_method":"exact_municipality_locality_precinct","match_score":1,"coordinate_status":"official_2025_carried_forward","georeference_confidence":"high","metropolitan":false,"estimated_coordinate":false},"geometry":{"type":"Point","coordinates":[-63.107362,-16.430695]}},{"type":"Feature","properties":{"province":"Guarayos","municipality":"El Puente","locality":"Cachuela","precinct_code":1,"precinct":"Esc. Cachuela","registered_2026":88,"tables_2026":1,"coordinate_source":"OEP_GeoElectoral_2da_vuelta_2025","coordinate_year":2025,"match_method":"exact_municipality_locality_precinct","match_score":1,"coordinate_status":"official_2025_carried_forward","georeference_confidence":"high","metropolitan":false,"estimated_coordinate":false},"geometry":{"type":"Point","coordinates":[-63.094761,-16.24853]}},{"type":"Feature","properties":{"province":"Guarayos","municipality":"El Puente","locality":"Corralón","precinct_code":1,"precinct":"Esc. Corralon","registered_2026":203,"tables_2026":1,"coordinate_source":"OEP_GeoElectoral_2da_vuelta_2025","coordinate_year":2025,"match_method":"exact_municipality_locality_precinct","match_score":1,"coordinate_status":"official_2025_carried_forward","georeference_confidence":"high","metropolitan":false,"estimated_coordinate":false},"geometry":{"type":"Point","coordinates":[-63.279484,-16.34214]}},{"type":"Feature","properties":{"province":"Guarayos","municipality":"El Puente","locality":"El Cármen (Núcleo 53)","precinct_code":7009,"precinct":"Esc. Seccional El Carmen","registered_2026":647,"tables_2026":3,"coordinate_source":"OEP_GeoElectoral_2da_vuelta_2025","coordinate_year":2025,"match_method":"exact_municipality_locality_precinct","match_score":1,"coordinate_status":"official_2025_carried_forward","georeference_confidence":"high","metropolitan":false,"estimated_coordinate":false},"geometry":{"type":"Point","coordinates":[-63.209918,-16.368712]}},{"type":"Feature","properties":{"province":"Guarayos","municipality":"El Puente","locality":"El Combate","precinct_code":1,"precinct":"Esc. El Combate","registered_2026":71,"tables_2026":1,"coordinate_source":"OEP_GeoElectoral_2da_vuelta_2025","coordinate_year":2025,"match_method":"exact_municipality_locality_precinct","match_score":1,"coordinate_status":"official_2025_carried_forward","georeference_confidence":"high","metropolitan":false,"estimated_coordinate":false},"geometry":{"type":"Point","coordinates":[-64.483235,-15.969751]}},{"type":"Feature","properties":{"province":"Guarayos","municipality":"El Puente","locality":"El Puente","precinct_code":7007,"precinct":"Esc. Alfredo Smith","registered_2026":2726,"tables_2026":12,"coordinate_source":"OEP_GeoElectoral_2da_vuelta_2025","coordinate_year":2025,"match_method":"exact_municipality_locality_precinct","match_score":1,"coordinate_status":"official_2025_carried_forward","georeference_confidence":"high","metropolitan":false,"estimated_coordinate":false},"geometry":{"type":"Point","coordinates":[-62.90907,-16.32987]}},{"type":"Feature","properties":{"province":"Guarayos","municipality":"El Puente","locality":"Lagunilla","precinct_code":1,"precinct":"U.E. Lagunillas","registered_2026":142,"tables_2026":1,"coordinate_source":"OEP_GeoElectoral_2da_vuelta_2025","coordinate_year":2025,"match_method":"exact_municipality_locality_precinct","match_score":1,"coordinate_status":"official_2025_carried_forward","georeference_confidence":"high","metropolitan":false,"estimated_coordinate":false},"geometry":{"type":"Point","coordinates":[-63.287104,-16.279411]}},{"type":"Feature","properties":{"province":"Guarayos","municipality":"El Puente","locality":"Limoncito","precinct_code":7012,"precinct":"Esc. Seccional Limoncito","registered_2026":245,"tables_2026":1,"coordinate_source":"OEP_GeoElectoral_2da_vuelta_2025","coordinate_year":2025,"match_method":"exact_municipality_locality_precinct","match_score":1,"coordinate_status":"official_2025_carried_forward","georeference_confidence":"high","metropolitan":false,"estimated_coordinate":false},"geometry":{"type":"Point","coordinates":[-63.383224,-15.917671]}},{"type":"Feature","properties":{"province":"Guarayos","municipality":"El Puente","locality":"Los Chacos","precinct_code":1,"precinct":"U.E. Los Chacos","registered_2026":185,"tables_2026":1,"coordinate_source":"OEP_GeoElectoral_2da_vuelta_2025","coordinate_year":2025,"match_method":"exact_municipality_locality_precinct","match_score":1,"coordinate_status":"official_2025_carried_forward","georeference_confidence":"high","metropolitan":false,"estimated_coordinate":false},"geometry":{"type":"Point","coordinates":[-63.534789,-15.93742]}},{"type":"Feature","properties":{"province":"Guarayos","municipality":"El Puente","locality":"Momene","precinct_code":32113,"precinct":"U. E. Santa Martha","registered_2026":71,"tables_2026":1,"coordinate_source":"OEP_GeoElectoral_2da_vuelta_2025","coordinate_year":2025,"match_method":"exact_municipality_locality_precinct","match_score":1,"coordinate_status":"official_2025_carried_forward","georeference_confidence":"high","metropolitan":false,"estimated_coordinate":false},"geometry":{"type":"Point","coordinates":[-63.052588,-16.110907]}},{"type":"Feature","properties":{"province":"Guarayos","municipality":"El Puente","locality":"Monte Sinai","precinct_code":1,"precinct":"Monte Sinai","registered_2026":336,"tables_2026":2,"coordinate_source":"OEP_GeoElectoral_2da_vuelta_2025","coordinate_year":2025,"match_method":"exact_municipality_locality_precinct","match_score":1,"coordinate_status":"official_2025_carried_forward","georeference_confidence":"high","metropolitan":false,"estimated_coordinate":false},"geometry":{"type":"Point","coordinates":[-63.298932,-16.230472]}},{"type":"Feature","properties":{"province":"Guarayos","municipality":"El Puente","locality":"Núcleo 50 Villa Esperanza","precinct_code":7011,"precinct":"Esc. U.E. Bolivar","registered_2026":323,"tables_2026":2,"coordinate_source":"OEP_GeoElectoral_2da_vuelta_2025","coordinate_year":2025,"match_method":"exact_municipality_locality_precinct","match_score":1,"coordinate_status":"official_2025_carried_forward","georeference_confidence":"high","metropolitan":false,"estimated_coordinate":false},"geometry":{"type":"Point","coordinates":[-63.136772,-16.39906]}},{"type":"Feature","properties":{"province":"Guarayos","municipality":"El Puente","locality":"Pueblos Unidos","precinct_code":1,"precinct":"Esc. Pueblos Unidos","registered_2026":321,"tables_2026":2,"coordinate_source":"OEP_GeoElectoral_2da_vuelta_2025","coordinate_year":2025,"match_method":"exact_municipality_locality_precinct","match_score":1,"coordinate_status":"official_2025_carried_forward","georeference_confidence":"high","metropolitan":false,"estimated_coordinate":false},"geometry":{"type":"Point","coordinates":[-64.081781,-16.07503]}},{"type":"Feature","properties":{"province":"Guarayos","municipality":"El Puente","locality":"Surucusi","precinct_code":32114,"precinct":"U. E. Pedro Suarez Arana","registered_2026":174,"tables_2026":1,"coordinate_source":"OEP_GeoElectoral_2da_vuelta_2025","coordinate_year":2025,"match_method":"exact_municipality_locality_precinct","match_score":1,"coordinate_status":"official_2025_carried_forward","georeference_confidence":"high","metropolitan":false,"estimated_coordinate":false},"geometry":{"type":"Point","coordinates":[-62.798618,-16.427925]}},{"type":"Feature","properties":{"province":"Guarayos","municipality":"El Puente","locality":"Yotaú","precinct_code":7008,"precinct":"Esc. San Jose De Yotau","registered_2026":1587,"tables_2026":7,"coordinate_source":"OEP_GeoElectoral_2da_vuelta_2025","coordinate_year":2025,"match_method":"exact_municipality_locality_precinct","match_score":1,"coordinate_status":"official_2025_carried_forward","georeference_confidence":"high","metropolitan":false,"estimated_coordinate":false},"geometry":{"type":"Point","coordinates":[-63.021948,-16.174824]}},{"type":"Feature","properties":{"province":"Guarayos","municipality":"Urubicha","locality":"Monseñor Salvatierra","precinct_code":7005,"precinct":"Esc. Secc. Mon. Salvatierra","registered_2026":115,"tables_2026":1,"coordinate_source":"OEP_GeoElectoral_2da_vuelta_2025","coordinate_year":2025,"match_method":"exact_municipality_locality_precinct","match_score":1,"coordinate_status":"official_2025_carried_forward","georeference_confidence":"high","metropolitan":false,"estimated_coordinate":false},"geometry":{"type":"Point","coordinates":[-63.01738,-15.50296]}},{"type":"Feature","properties":{"province":"Guarayos","municipality":"Urubicha","locality":"Santa Teresita (Cururu)","precinct_code":1,"precinct":"U.E. 1ro de abril","registered_2026":122,"tables_2026":1,"coordinate_source":"OEP_GeoElectoral_2da_vuelta_2025","coordinate_year":2025,"match_method":"exact_municipality_locality_precinct","match_score":1,"coordinate_status":"official_2025_carried_forward","georeference_confidence":"high","metropolitan":false,"estimated_coordinate":false},"geometry":{"type":"Point","coordinates":[-63.201285,-15.500628]}},{"type":"Feature","properties":{"province":"Guarayos","municipality":"Urubicha","locality":"Urubichá","precinct_code":7004,"precinct":"U.E. Niño Jesús I","registered_2026":2125,"tables_2026":9,"coordinate_source":"OEP_GeoElectoral_2da_vuelta_2025","coordinate_year":2025,"match_method":"exact_municipality_locality_precinct","match_score":1,"coordinate_status":"official_2025_carried_forward","georeference_confidence":"high","metropolitan":false,"estimated_coordinate":false},"geometry":{"type":"Point","coordinates":[-63.084264,-15.627654]}},{"type":"Feature","properties":{"province":"Guarayos","municipality":"Urubicha","locality":"Urubichá","precinct_code":32112,"precinct":"U. E. José Cors","registered_2026":258,"tables_2026":1,"coordinate_source":"OEP_GeoElectoral_2da_vuelta_2025","coordinate_year":2025,"match_method":"exact_municipality_locality_precinct","match_score":1,"coordinate_status":"official_2025_carried_forward","georeference_confidence":"high","metropolitan":false,"estimated_coordinate":false},"geometry":{"type":"Point","coordinates":[-63.085855,-15.631881]}},{"type":"Feature","properties":{"province":"Guarayos","municipality":"Urubicha","locality":"Yaguarú","precinct_code":7006,"precinct":"Esc. Nucleo Escolar Yaguaru","registered_2026":1209,"tables_2026":5,"coordinate_source":"OEP_GeoElectoral_2da_vuelta_2025","coordinate_year":2025,"match_method":"exact_municipality_locality_precinct","match_score":1,"coordinate_status":"official_2025_carried_forward","georeference_confidence":"high","metropolitan":false,"estimated_coordinate":false},"geometry":{"type":"Point","coordinates":[-63.22532,-15.600331]}},{"type":"Feature","properties":{"province":"Ichilo","municipality":"Buena Vista","locality":"Arboleda","precinct_code":25372,"precinct":"U.E. 6 de Agosto","registered_2026":500,"tables_2026":3,"coordinate_source":"OEP_2026_archivo_21_municipios","coordinate_year":2026,"match_method":"exact_municipality_locality_precinct","match_score":1,"coordinate_status":"official_2026_source_file","georeference_confidence":"high","metropolitan":false,"estimated_coordinate":false},"geometry":{"type":"Point","coordinates":[-63.610642,-17.408784]}},{"type":"Feature","properties":{"province":"Ichilo","municipality":"Buena Vista","locality":"Buena Vista","precinct_code":18000,"precinct":"Esc. Mariano Saucedo Sevilla","registered_2026":3229,"tables_2026":14,"coordinate_source":"OEP_2026_archivo_21_municipios","coordinate_year":2026,"match_method":"exact_municipality_locality_precinct","match_score":1,"coordinate_status":"official_2026_source_file","georeference_confidence":"high","metropolitan":false,"estimated_coordinate":false},"geometry":{"type":"Point","coordinates":[-63.66378,-17.45934]}},{"type":"Feature","properties":{"province":"Ichilo","municipality":"Buena Vista","locality":"Buena Vista","precinct_code":18001,"precinct":"Esc. Ovidio Suarez","registered_2026":1995,"tables_2026":9,"coordinate_source":"OEP_2026_archivo_21_municipios","coordinate_year":2026,"match_method":"exact_municipality_locality_precinct","match_score":1,"coordinate_status":"official_2026_source_file","georeference_confidence":"high","metropolitan":false,"estimated_coordinate":false},"geometry":{"type":"Point","coordinates":[-63.66139,-17.45913]}},{"type":"Feature","properties":{"province":"Ichilo","municipality":"Buena Vista","locality":"Caranda","precinct_code":18024,"precinct":"Esc. U.E. Caranda","registered_2026":911,"tables_2026":4,"coordinate_source":"OEP_2026_archivo_21_municipios","coordinate_year":2026,"match_method":"exact_municipality_locality_precinct","match_score":1,"coordinate_status":"official_2026_source_file","georeference_confidence":"high","metropolitan":false,"estimated_coordinate":false},"geometry":{"type":"Point","coordinates":[-63.53439,-17.52241]}},{"type":"Feature","properties":{"province":"Ichilo","municipality":"Buena Vista","locality":"El Carmen Surutu","precinct_code":25373,"precinct":"U.E. Carmen Surutú","registered_2026":171,"tables_2026":1,"coordinate_source":"OEP_2026_archivo_21_municipios","coordinate_year":2026,"match_method":"exact_municipality_locality_precinct","match_score":1,"coordinate_status":"official_2026_source_file","georeference_confidence":"high","metropolitan":false,"estimated_coordinate":false},"geometry":{"type":"Point","coordinates":[-63.693,-17.53204]}},{"type":"Feature","properties":{"province":"Ichilo","municipality":"Buena Vista","locality":"Espejitos","precinct_code":18025,"precinct":"Esc. U.E. Pedro Domingo Murillo","registered_2026":623,"tables_2026":3,"coordinate_source":"OEP_2026_archivo_21_municipios","coordinate_year":2026,"match_method":"exact_municipality_locality_precinct","match_score":1,"coordinate_status":"official_2026_source_file","georeference_confidence":"high","metropolitan":false,"estimated_coordinate":false},"geometry":{"type":"Point","coordinates":[-63.57303,-17.63503]}},{"type":"Feature","properties":{"province":"Ichilo","municipality":"Buena Vista","locality":"Huaitú","precinct_code":18002,"precinct":"Esc. Eduardo Abaroa","registered_2026":926,"tables_2026":4,"coordinate_source":"OEP_2026_archivo_21_municipios","coordinate_year":2026,"match_method":"exact_municipality_locality_precinct","match_score":1,"coordinate_status":"official_2026_source_file","georeference_confidence":"high","metropolitan":false,"estimated_coordinate":false},"geometry":{"type":"Point","coordinates":[-63.6379,-17.55737]}},{"type":"Feature","properties":{"province":"Ichilo","municipality":"Buena Vista","locality":"Palacios","precinct_code":18007,"precinct":"Esc. U.E. Santo Esposorio","registered_2026":208,"tables_2026":1,"coordinate_source":"OEP_2026_archivo_21_municipios","coordinate_year":2026,"match_method":"exact_municipality_locality_precinct","match_score":1,"coordinate_status":"official_2026_source_file","georeference_confidence":"high","metropolitan":false,"estimated_coordinate":false},"geometry":{"type":"Point","coordinates":[-63.608748,-17.358148]}},{"type":"Feature","properties":{"province":"Ichilo","municipality":"Buena Vista","locality":"San Isidro","precinct_code":18004,"precinct":"Esc. U.E. San Isidro","registered_2026":298,"tables_2026":2,"coordinate_source":"OEP_2026_archivo_21_municipios","coordinate_year":2026,"match_method":"exact_municipality_locality_precinct","match_score":1,"coordinate_status":"official_2026_source_file","georeference_confidence":"high","metropolitan":false,"estimated_coordinate":false},"geometry":{"type":"Point","coordinates":[-63.540431,-17.461887]}},{"type":"Feature","properties":{"province":"Ichilo","municipality":"Buena Vista","locality":"San Javier (Ichilo)","precinct_code":18006,"precinct":"Esc. U.E. San Javier","registered_2026":45,"tables_2026":1,"coordinate_source":"OEP_2026_archivo_21_municipios","coordinate_year":2026,"match_method":"exact_municipality_locality_precinct","match_score":1,"coordinate_status":"official_2026_source_file","georeference_confidence":"high","metropolitan":false,"estimated_coordinate":false},"geometry":{"type":"Point","coordinates":[-63.572376,-17.365331]}},{"type":"Feature","properties":{"province":"Ichilo","municipality":"Buena Vista","locality":"San Miguél (Ichilo)","precinct_code":18005,"precinct":"U. E.San Miguel Afuera","registered_2026":281,"tables_2026":2,"coordinate_source":"OEP_2026_archivo_21_municipios","coordinate_year":2026,"match_method":"exact_municipality_locality_precinct","match_score":1,"coordinate_status":"official_2026_source_file","georeference_confidence":"high","metropolitan":false,"estimated_coordinate":false},"geometry":{"type":"Point","coordinates":[-63.53226,-17.437724]}},{"type":"Feature","properties":{"province":"Ichilo","municipality":"Buena Vista","locality":"Villa Diego","precinct_code":18013,"precinct":"Esc. Adhemar Ortiz","registered_2026":291,"tables_2026":2,"coordinate_source":"OEP_2026_archivo_21_municipios","coordinate_year":2026,"match_method":"exact_municipality_locality_precinct","match_score":1,"coordinate_status":"official_2026_source_file","georeference_confidence":"high","metropolitan":false,"estimated_coordinate":false},"geometry":{"type":"Point","coordinates":[-63.525299,-17.610627]}},{"type":"Feature","properties":{"province":"Ichilo","municipality":"San Carlos","locality":"Buen Retiro","precinct_code":18009,"precinct":"U.E. Juan Lorenzo Campero","registered_2026":1350,"tables_2026":6,"coordinate_source":"OEP_GeoElectoral_2da_vuelta_2025","coordinate_year":2025,"match_method":"exact_municipality_locality_precinct","match_score":1,"coordinate_status":"official_2025_carried_forward","georeference_confidence":"high","metropolitan":false,"estimated_coordinate":false},"geometry":{"type":"Point","coordinates":[-63.713991,-17.290603]}},{"type":"Feature","properties":{"province":"Ichilo","municipality":"San Carlos","locality":"Colonia Antofagasta","precinct_code":18010,"precinct":"U.E. Antofagasta","registered_2026":851,"tables_2026":4,"coordinate_source":"OEP_GeoElectoral_2da_vuelta_2025","coordinate_year":2025,"match_method":"exact_municipality_locality_precinct","match_score":1,"coordinate_status":"official_2025_carried_forward","georeference_confidence":"high","metropolitan":false,"estimated_coordinate":false},"geometry":{"type":"Point","coordinates":[-63.761152,-17.165615]}},{"type":"Feature","properties":{"province":"Ichilo","municipality":"San Carlos","locality":"San Carlos","precinct_code":18030,"precinct":"Esc. Central San Carlos","registered_2026":3201,"tables_2026":14,"coordinate_source":"OEP_GeoElectoral_2da_vuelta_2025","coordinate_year":2025,"match_method":"exact_municipality_locality_precinct","match_score":1,"coordinate_status":"official_2025_carried_forward","georeference_confidence":"high","metropolitan":false,"estimated_coordinate":false},"geometry":{"type":"Point","coordinates":[-63.72837,-17.40302]}},{"type":"Feature","properties":{"province":"Ichilo","municipality":"San Carlos","locality":"San Carlos","precinct_code":32098,"precinct":"U. E. 6 De Agosto","registered_2026":244,"tables_2026":1,"coordinate_source":"OEP_GeoElectoral_2da_vuelta_2025","coordinate_year":2025,"match_method":"exact_municipality_locality_precinct","match_score":1,"coordinate_status":"official_2025_carried_forward","georeference_confidence":"high","metropolitan":false,"estimated_coordinate":false},"geometry":{"type":"Point","coordinates":[-63.735509,-17.410694]}},{"type":"Feature","properties":{"province":"Ichilo","municipality":"San Carlos","locality":"Santa Fé de Yapacaní","precinct_code":8018,"precinct":"Esc. Fiscal De Ninos Santa Fe","registered_2026":5791,"tables_2026":25,"coordinate_source":"OEP_GeoElectoral_2da_vuelta_2025","coordinate_year":2025,"match_method":"exact_municipality_locality_precinct","match_score":1,"coordinate_status":"official_2025_carried_forward","georeference_confidence":"high","metropolitan":false,"estimated_coordinate":false},"geometry":{"type":"Point","coordinates":[-63.82872,-17.39861]}},{"type":"Feature","properties":{"province":"Ichilo","municipality":"San Carlos","locality":"Santa Fé de Yapacaní","precinct_code":32099,"precinct":"U. E. Boliviano Italiano","registered_2026":451,"tables_2026":2,"coordinate_source":"OEP_GeoElectoral_2da_vuelta_2025","coordinate_year":2025,"match_method":"exact_municipality_locality_precinct","match_score":1,"coordinate_status":"official_2025_carried_forward","georeference_confidence":"high","metropolitan":false,"estimated_coordinate":false},"geometry":{"type":"Point","coordinates":[-63.821514,-17.395991]}},{"type":"Feature","properties":{"province":"Ichilo","municipality":"San Carlos","locality":"Villa Imperial","precinct_code":26377,"precinct":"U.E. Villa Imperial","registered_2026":490,"tables_2026":2,"coordinate_source":"OEP_GeoElectoral_2da_vuelta_2025","coordinate_year":2025,"match_method":"exact_municipality_locality_precinct","match_score":1,"coordinate_status":"official_2025_carried_forward","georeference_confidence":"high","metropolitan":false,"estimated_coordinate":false},"geometry":{"type":"Point","coordinates":[-63.83187,-17.44591]}},{"type":"Feature","properties":{"province":"Ichilo","municipality":"San Juan","locality":"Estacion Ayacucho","precinct_code":18026,"precinct":"U.E. Ayacucho","registered_2026":346,"tables_2026":2,"coordinate_source":"OEP_2026_archivo_21_municipios","coordinate_year":2026,"match_method":"exact_municipality_locality_precinct","match_score":1,"coordinate_status":"official_2026_source_file","georeference_confidence":"high","metropolitan":false,"estimated_coordinate":false},"geometry":{"type":"Point","coordinates":[-63.905788,-17.005418]}},{"type":"Feature","properties":{"province":"Ichilo","municipality":"San Juan","locality":"Estación Molina","precinct_code":18021,"precinct":"U.E. María Auxiliadora","registered_2026":167,"tables_2026":1,"coordinate_source":"OEP_2026_archivo_21_municipios","coordinate_year":2026,"match_method":"exact_municipality_locality_precinct","match_score":1,"coordinate_status":"official_2026_source_file","georeference_confidence":"high","metropolitan":false,"estimated_coordinate":false},"geometry":{"type":"Point","coordinates":[-63.999988,-16.892482]}},{"type":"Feature","properties":{"province":"Ichilo","municipality":"San Juan","locality":"Estacion Raul Menacho","precinct_code":18027,"precinct":"U.E. Raul Menacho","registered_2026":379,"tables_2026":2,"coordinate_source":"OEP_2026_archivo_21_municipios","coordinate_year":2026,"match_method":"exact_municipality_locality_precinct","match_score":1,"coordinate_status":"official_2026_source_file","georeference_confidence":"high","metropolitan":false,"estimated_coordinate":false},"geometry":{"type":"Point","coordinates":[-64.044942,-16.703988]}},{"type":"Feature","properties":{"province":"Ichilo","municipality":"San Juan","locality":"La Enconada","precinct_code":8003,"precinct":"Nucleo Central La Enconada","registered_2026":921,"tables_2026":4,"coordinate_source":"OEP_2026_archivo_21_municipios","coordinate_year":2026,"match_method":"exact_municipality_locality_precinct","match_score":1,"coordinate_status":"official_2026_source_file","georeference_confidence":"high","metropolitan":false,"estimated_coordinate":false},"geometry":{"type":"Point","coordinates":[-63.895757,-17.056273]}},{"type":"Feature","properties":{"province":"Ichilo","municipality":"San Juan","locality":"San Juan","precinct_code":18020,"precinct":"U.E. Sagrado Corazón 2","registered_2026":3924,"tables_2026":17,"coordinate_source":"OEP_2026_archivo_21_municipios","coordinate_year":2026,"match_method":"exact_municipality_locality_precinct","match_score":1,"coordinate_status":"official_2026_source_file","georeference_confidence":"high","metropolitan":false,"estimated_coordinate":false},"geometry":{"type":"Point","coordinates":[-63.847739,-17.293879]}},{"type":"Feature","properties":{"province":"Ichilo","municipality":"Yapacaní","locality":"Campo Vibora","precinct_code":1,"precinct":"U.E. Campo Víbora","registered_2026":1675,"tables_2026":7,"coordinate_source":"OEP_GeoElectoral_2da_vuelta_2025","coordinate_year":2025,"match_method":"exact_municipality_locality_precinct","match_score":1,"coordinate_status":"official_2025_carried_forward","georeference_confidence":"high","metropolitan":false,"estimated_coordinate":false},"geometry":{"type":"Point","coordinates":[-64.29475,-17.08242]}},{"type":"Feature","properties":{"province":"Ichilo","municipality":"Yapacaní","locality":"Cascabel","precinct_code":18012,"precinct":"Esc. U.E. Cascabel","registered_2026":468,"tables_2026":2,"coordinate_source":"OEP_GeoElectoral_2da_vuelta_2025","coordinate_year":2025,"match_method":"exact_municipality_locality_precinct","match_score":1,"coordinate_status":"official_2025_carried_forward","georeference_confidence":"high","metropolitan":false,"estimated_coordinate":false},"geometry":{"type":"Point","coordinates":[-64.25111,-17.05944]}},{"type":"Feature","properties":{"province":"Ichilo","municipality":"Yapacaní","locality":"Choré","precinct_code":18016,"precinct":"Esc. Mariscal Sucre","registered_2026":1548,"tables_2026":7,"coordinate_source":"OEP_GeoElectoral_2da_vuelta_2025","coordinate_year":2025,"match_method":"exact_municipality_locality_precinct","match_score":1,"coordinate_status":"official_2025_carried_forward","georeference_confidence":"high","metropolitan":false,"estimated_coordinate":false},"geometry":{"type":"Point","coordinates":[-63.972361,-17.388077]}},{"type":"Feature","properties":{"province":"Ichilo","municipality":"Yapacaní","locality":"Choré","precinct_code":26071,"precinct":"U.E.Franz Tamayo","registered_2026":325,"tables_2026":2,"coordinate_source":"OEP_GeoElectoral_2da_vuelta_2025","coordinate_year":2025,"match_method":"exact_municipality_locality_precinct","match_score":1,"coordinate_status":"official_2025_carried_forward","georeference_confidence":"high","metropolitan":false,"estimated_coordinate":false},"geometry":{"type":"Point","coordinates":[-63.962772,-17.392541]}},{"type":"Feature","properties":{"province":"Ichilo","municipality":"Yapacaní","locality":"Corte Hondo","precinct_code":1,"precinct":"Escuela Corte Hondo","registered_2026":105,"tables_2026":1,"coordinate_source":"OEP_GeoElectoral_2da_vuelta_2025","coordinate_year":2025,"match_method":"exact_municipality_locality_precinct","match_score":1,"coordinate_status":"official_2025_carried_forward","georeference_confidence":"high","metropolitan":false,"estimated_coordinate":false},"geometry":{"type":"Point","coordinates":[-64.746951,-16.648464]}},{"type":"Feature","properties":{"province":"Ichilo","municipality":"Yapacaní","locality":"El Condor","precinct_code":18022,"precinct":"Esc. U.E. Nucleo Central el Condor","registered_2026":289,"tables_2026":2,"coordinate_source":"OEP_GeoElectoral_2da_vuelta_2025","coordinate_year":2025,"match_method":"exact_municipality_locality_precinct","match_score":1,"coordinate_status":"official_2025_carried_forward","georeference_confidence":"high","metropolitan":false,"estimated_coordinate":false},"geometry":{"type":"Point","coordinates":[-64.128434,-17.428641]}},{"type":"Feature","properties":{"province":"Ichilo","municipality":"Yapacaní","locality":"El Pallar","precinct_code":1,"precinct":"Esc. El Pallar","registered_2026":252,"tables_2026":1,"coordinate_source":"OEP_GeoElectoral_2da_vuelta_2025","coordinate_year":2025,"match_method":"exact_municipality_locality_precinct","match_score":1,"coordinate_status":"official_2025_carried_forward","georeference_confidence":"high","metropolitan":false,"estimated_coordinate":false},"geometry":{"type":"Point","coordinates":[-64.81531,-16.762518]}},{"type":"Feature","properties":{"province":"Ichilo","municipality":"Yapacaní","locality":"El Palmar (Ichilo)","precinct_code":18011,"precinct":"U.E. Eduardo Avaroa El Palmar","registered_2026":850,"tables_2026":4,"coordinate_source":"OEP_GeoElectoral_2da_vuelta_2025","coordinate_year":2025,"match_method":"exact_municipality_locality_precinct","match_score":1,"coordinate_status":"official_2025_carried_forward","georeference_confidence":"high","metropolitan":false,"estimated_coordinate":false},"geometry":{"type":"Point","coordinates":[-64.037709,-17.368838]}},{"type":"Feature","properties":{"province":"Ichilo","municipality":"Yapacaní","locality":"Los Pozos","precinct_code":18017,"precinct":"Esc. U.E. Nucleo Central los Pozos","registered_2026":470,"tables_2026":2,"coordinate_source":"OEP_GeoElectoral_2da_vuelta_2025","coordinate_year":2025,"match_method":"exact_municipality_locality_precinct","match_score":1,"coordinate_status":"official_2025_carried_forward","georeference_confidence":"high","metropolitan":false,"estimated_coordinate":false},"geometry":{"type":"Point","coordinates":[-64.06006,-17.012568]}},{"type":"Feature","properties":{"province":"Ichilo","municipality":"Yapacaní","locality":"Nuevo Horizonte Faja Central","precinct_code":25375,"precinct":"U.E. Nuevo Horizonte","registered_2026":969,"tables_2026":4,"coordinate_source":"OEP_GeoElectoral_2da_vuelta_2025","coordinate_year":2025,"match_method":"exact_municipality_locality_precinct","match_score":1,"coordinate_status":"official_2025_carried_forward","georeference_confidence":"high","metropolitan":false,"estimated_coordinate":false},"geometry":{"type":"Point","coordinates":[-64.152104,-17.313131]}},{"type":"Feature","properties":{"province":"Ichilo","municipality":"Yapacaní","locality":"Puerto Avaroa","precinct_code":18028,"precinct":"U. E. Santa cruz de la Sierra","registered_2026":603,"tables_2026":3,"coordinate_source":"OEP_GeoElectoral_2da_vuelta_2025","coordinate_year":2025,"match_method":"exact_municipality_locality_precinct","match_score":1,"coordinate_status":"official_2025_carried_forward","georeference_confidence":"high","metropolitan":false,"estimated_coordinate":false},"geometry":{"type":"Point","coordinates":[-64.185825,-17.287083]}},{"type":"Feature","properties":{"province":"Ichilo","municipality":"Yapacaní","locality":"Puerto Grether","precinct_code":18023,"precinct":"Esc. U.E. German Busch (P. Grether)","registered_2026":437,"tables_2026":2,"coordinate_source":"OEP_GeoElectoral_2da_vuelta_2025","coordinate_year":2025,"match_method":"exact_municipality_locality_precinct","match_score":1,"coordinate_status":"official_2025_carried_forward","georeference_confidence":"high","metropolitan":false,"estimated_coordinate":false},"geometry":{"type":"Point","coordinates":[-64.35185,-17.184564]}},{"type":"Feature","properties":{"province":"Ichilo","municipality":"Yapacaní","locality":"San Germán","precinct_code":18019,"precinct":"U.E.  Don Bosco","registered_2026":2628,"tables_2026":11,"coordinate_source":"OEP_GeoElectoral_2da_vuelta_2025","coordinate_year":2025,"match_method":"exact_municipality_locality_precinct","match_score":1,"coordinate_status":"official_2025_carried_forward","georeference_confidence":"high","metropolitan":false,"estimated_coordinate":false},"geometry":{"type":"Point","coordinates":[-64.09068,-17.35061]}},{"type":"Feature","properties":{"province":"Ichilo","municipality":"Yapacaní","locality":"San Rafael","precinct_code":25374,"precinct":"U.E. San Martin","registered_2026":275,"tables_2026":2,"coordinate_source":"OEP_GeoElectoral_2da_vuelta_2025","coordinate_year":2025,"match_method":"exact_municipality_locality_precinct","match_score":1,"coordinate_status":"official_2025_carried_forward","georeference_confidence":"high","metropolitan":false,"estimated_coordinate":false},"geometry":{"type":"Point","coordinates":[-63.925128,-17.450161]}},{"type":"Feature","properties":{"province":"Ichilo","municipality":"Yapacaní","locality":"Yapacaní (Villa Busch)","precinct_code":8015,"precinct":"Esc. Cesar Banzer Aliaga","registered_2026":4953,"tables_2026":21,"coordinate_source":"OEP_GeoElectoral_2da_vuelta_2025","coordinate_year":2025,"match_method":"exact_municipality_locality_precinct","match_score":1,"coordinate_status":"official_2025_carried_forward","georeference_confidence":"high","metropolitan":false,"estimated_coordinate":false},"geometry":{"type":"Point","coordinates":[-63.88105,-17.40066]}},{"type":"Feature","properties":{"province":"Ichilo","municipality":"Yapacaní","locality":"Yapacaní (Villa Busch)","precinct_code":18014,"precinct":"Esc. German Busch","registered_2026":6965,"tables_2026":29,"coordinate_source":"OEP_GeoElectoral_2da_vuelta_2025","coordinate_year":2025,"match_method":"exact_municipality_locality_precinct","match_score":1,"coordinate_status":"official_2025_carried_forward","georeference_confidence":"high","metropolitan":false,"estimated_coordinate":false},"geometry":{"type":"Point","coordinates":[-63.88138,-17.401462]}},{"type":"Feature","properties":{"province":"Ichilo","municipality":"Yapacaní","locality":"Yapacaní (Villa Busch)","precinct_code":18029,"precinct":"Esc. Nuevo Simon Bollivar","registered_2026":3944,"tables_2026":17,"coordinate_source":"OEP_GeoElectoral_2da_vuelta_2025","coordinate_year":2025,"match_method":"exact_municipality_locality_precinct","match_score":1,"coordinate_status":"official_2025_carried_forward","georeference_confidence":"high","metropolitan":false,"estimated_coordinate":false},"geometry":{"type":"Point","coordinates":[-63.88425,-17.4061]}},{"type":"Feature","properties":{"province":"Ichilo","municipality":"Yapacaní","locality":"Yapacaní (Villa Busch)","precinct_code":18030,"precinct":"Esc. Nacional Bolivia","registered_2026":2460,"tables_2026":11,"coordinate_source":"OEP_GeoElectoral_2da_vuelta_2025","coordinate_year":2025,"match_method":"exact_municipality_locality_precinct","match_score":1,"coordinate_status":"official_2025_carried_forward","georeference_confidence":"high","metropolitan":false,"estimated_coordinate":false},"geometry":{"type":"Point","coordinates":[-63.884567,-17.394099]}},{"type":"Feature","properties":{"province":"Ichilo","municipality":"Yapacaní","locality":"Yapacaní (Villa Busch)","precinct_code":25446,"precinct":"U.E. Juana Azurduy","registered_2026":820,"tables_2026":4,"coordinate_source":"OEP_GeoElectoral_2da_vuelta_2025","coordinate_year":2025,"match_method":"exact_municipality_locality_precinct","match_score":1,"coordinate_status":"official_2025_carried_forward","georeference_confidence":"high","metropolitan":false,"estimated_coordinate":false},"geometry":{"type":"Point","coordinates":[-63.903867,-17.412171]}},{"type":"Feature","properties":{"province":"Ichilo","municipality":"Yapacaní","locality":"Yapacaní (Villa Busch)","precinct_code":25670,"precinct":"U.E. 25 de Mayo","registered_2026":659,"tables_2026":3,"coordinate_source":"OEP_GeoElectoral_2da_vuelta_2025","coordinate_year":2025,"match_method":"exact_municipality_locality_precinct","match_score":1,"coordinate_status":"official_2025_carried_forward","georeference_confidence":"high","metropolitan":false,"estimated_coordinate":false},"geometry":{"type":"Point","coordinates":[-63.876486,-17.405605]}},{"type":"Feature","properties":{"province":"Ichilo","municipality":"Yapacaní","locality":"Yapacaní (Villa Busch)","precinct_code":25671,"precinct":"U.E. 12 de Octubre","registered_2026":735,"tables_2026":3,"coordinate_source":"OEP_GeoElectoral_2da_vuelta_2025","coordinate_year":2025,"match_method":"exact_municipality_locality_precinct","match_score":1,"coordinate_status":"official_2025_carried_forward","georeference_confidence":"high","metropolitan":false,"estimated_coordinate":false},"geometry":{"type":"Point","coordinates":[-63.876371,-17.397245]}},{"type":"Feature","properties":{"province":"Ichilo","municipality":"Yapacaní","locality":"Yapacaní (Villa Busch)","precinct_code":25672,"precinct":"U.E. Heroinas","registered_2026":536,"tables_2026":3,"coordinate_source":"OEP_GeoElectoral_2da_vuelta_2025","coordinate_year":2025,"match_method":"exact_municipality_locality_precinct","match_score":1,"coordinate_status":"official_2025_carried_forward","georeference_confidence":"high","metropolitan":false,"estimated_coordinate":false},"geometry":{"type":"Point","coordinates":[-63.890124,-17.405023]}},{"type":"Feature","properties":{"province":"Ichilo","municipality":"Yapacaní","locality":"Yapacaní (Villa Busch)","precinct_code":26399,"precinct":"U.E. El Carmén","registered_2026":142,"tables_2026":1,"coordinate_source":"OEP_GeoElectoral_2da_vuelta_2025","coordinate_year":2025,"match_method":"exact_municipality_locality_precinct","match_score":1,"coordinate_status":"official_2025_carried_forward","georeference_confidence":"high","metropolitan":false,"estimated_coordinate":false},"geometry":{"type":"Point","coordinates":[-63.893706,-17.400051]}},{"type":"Feature","properties":{"province":"Ichilo","municipality":"Yapacaní","locality":"Yapacaní (Villa Busch)","precinct_code":32044,"precinct":"U.E. Alianza Norte","registered_2026":1449,"tables_2026":6,"coordinate_source":"OEP_GeoElectoral_2da_vuelta_2025","coordinate_year":2025,"match_method":"exact_municipality_locality_precinct","match_score":1,"coordinate_status":"official_2025_carried_forward","georeference_confidence":"high","metropolitan":false,"estimated_coordinate":false},"geometry":{"type":"Point","coordinates":[-63.88372,-17.398541]}},{"type":"Feature","properties":{"province":"Ichilo","municipality":"Yapacaní","locality":"Yapacaní (Villa Busch)","precinct_code":32051,"precinct":"U.E. Martin Cárdenas","registered_2026":1230,"tables_2026":6,"coordinate_source":"OEP_GeoElectoral_2da_vuelta_2025","coordinate_year":2025,"match_method":"exact_municipality_locality_precinct","match_score":1,"coordinate_status":"official_2025_carried_forward","georeference_confidence":"high","metropolitan":false,"estimated_coordinate":false},"geometry":{"type":"Point","coordinates":[-63.884579,-17.406934]}},{"type":"Feature","properties":{"province":"Manuel María Caballero","municipality":"Comarapa","locality":"Capillas","precinct_code":19007,"precinct":"Esc. Habra De Capilla","registered_2026":131,"tables_2026":1,"coordinate_source":"OEP_GeoElectoral_2da_vuelta_2025","coordinate_year":2025,"match_method":"exact_municipality_locality_precinct","match_score":1,"coordinate_status":"official_2025_carried_forward","georeference_confidence":"high","metropolitan":false,"estimated_coordinate":false},"geometry":{"type":"Point","coordinates":[-64.73131,-17.87328]}},{"type":"Feature","properties":{"province":"Manuel María Caballero","municipality":"Comarapa","locality":"Comarapa","precinct_code":5800,"precinct":"Esc. Gabriel Rene Moreno","registered_2026":5770,"tables_2026":24,"coordinate_source":"OEP_GeoElectoral_2da_vuelta_2025","coordinate_year":2025,"match_method":"exact_municipality_locality_precinct","match_score":1,"coordinate_status":"official_2025_carried_forward","georeference_confidence":"high","metropolitan":false,"estimated_coordinate":false},"geometry":{"type":"Point","coordinates":[-64.526665,-17.913511]}},{"type":"Feature","properties":{"province":"Manuel María Caballero","municipality":"Comarapa","locality":"Comarapa","precinct_code":32348,"precinct":"U.E. Mariano Eliodoro Saucedo Sevilla I","registered_2026":142,"tables_2026":1,"coordinate_source":"OEP_GeoElectoral_2da_vuelta_2025","coordinate_year":2025,"match_method":"exact_municipality_locality_precinct","match_score":1,"coordinate_status":"official_2025_carried_forward","georeference_confidence":"high","metropolitan":false,"estimated_coordinate":false},"geometry":{"type":"Point","coordinates":[-64.527225,-17.912697]}},{"type":"Feature","properties":{"province":"Manuel María Caballero","municipality":"Comarapa","locality":"El Jague","precinct_code":19015,"precinct":"Esc.  El Jague","registered_2026":57,"tables_2026":1,"coordinate_source":"OEP_GeoElectoral_2da_vuelta_2025","coordinate_year":2025,"match_method":"exact_municipality_locality_precinct","match_score":1,"coordinate_status":"official_2025_carried_forward","georeference_confidence":"high","metropolitan":false,"estimated_coordinate":false},"geometry":{"type":"Point","coordinates":[-64.32232,-18.02102]}},{"type":"Feature","properties":{"province":"Manuel María Caballero","municipality":"Comarapa","locality":"La Palizada","precinct_code":19016,"precinct":"Esc. U.E. La Palizada","registered_2026":547,"tables_2026":3,"coordinate_source":"OEP_GeoElectoral_2da_vuelta_2025","coordinate_year":2025,"match_method":"exact_municipality_locality_precinct","match_score":1,"coordinate_status":"official_2025_carried_forward","georeference_confidence":"high","metropolitan":false,"estimated_coordinate":false},"geometry":{"type":"Point","coordinates":[-64.43266,-18.06145]}},{"type":"Feature","properties":{"province":"Manuel María Caballero","municipality":"Comarapa","locality":"Manzanal","precinct_code":19009,"precinct":"Esc. Manzanal","registered_2026":154,"tables_2026":1,"coordinate_source":"OEP_GeoElectoral_2da_vuelta_2025","coordinate_year":2025,"match_method":"exact_municipality_locality_precinct","match_score":1,"coordinate_status":"official_2025_carried_forward","georeference_confidence":"high","metropolitan":false,"estimated_coordinate":false},"geometry":{"type":"Point","coordinates":[-64.77901,-17.84591]}},{"type":"Feature","properties":{"province":"Manuel María Caballero","municipality":"Comarapa","locality":"Pulquina","precinct_code":19005,"precinct":"Esc. Marcelino Chaipana","registered_2026":561,"tables_2026":3,"coordinate_source":"OEP_GeoElectoral_2da_vuelta_2025","coordinate_year":2025,"match_method":"exact_municipality_locality_precinct","match_score":1,"coordinate_status":"official_2025_carried_forward","georeference_confidence":"high","metropolitan":false,"estimated_coordinate":false},"geometry":{"type":"Point","coordinates":[-64.43036,-18.10087]}},{"type":"Feature","properties":{"province":"Manuel María Caballero","municipality":"Comarapa","locality":"San Isidro (Caballero)","precinct_code":19002,"precinct":"Esc. San Isidro","registered_2026":1266,"tables_2026":6,"coordinate_source":"OEP_GeoElectoral_2da_vuelta_2025","coordinate_year":2025,"match_method":"exact_municipality_locality_precinct","match_score":1,"coordinate_status":"official_2025_carried_forward","georeference_confidence":"high","metropolitan":false,"estimated_coordinate":false},"geometry":{"type":"Point","coordinates":[-64.43211,-18.04461]}},{"type":"Feature","properties":{"province":"Manuel María Caballero","municipality":"Comarapa","locality":"San José de la Capilla","precinct_code":19006,"precinct":"Esc. San Jose De La Capilla","registered_2026":444,"tables_2026":2,"coordinate_source":"OEP_GeoElectoral_2da_vuelta_2025","coordinate_year":2025,"match_method":"exact_municipality_locality_precinct","match_score":1,"coordinate_status":"official_2025_carried_forward","georeference_confidence":"high","metropolitan":false,"estimated_coordinate":false},"geometry":{"type":"Point","coordinates":[-64.4388,-18.0994]}},{"type":"Feature","properties":{"province":"Manuel María Caballero","municipality":"Comarapa","locality":"San Juan del Potrero","precinct_code":19001,"precinct":"Esc. San Juan del Potrero","registered_2026":442,"tables_2026":2,"coordinate_source":"OEP_GeoElectoral_2da_vuelta_2025","coordinate_year":2025,"match_method":"exact_municipality_locality_precinct","match_score":1,"coordinate_status":"official_2025_carried_forward","georeference_confidence":"high","metropolitan":false,"estimated_coordinate":false},"geometry":{"type":"Point","coordinates":[-64.29284,-17.96157]}},{"type":"Feature","properties":{"province":"Manuel María Caballero","municipality":"Comarapa","locality":"San Mateo","precinct_code":19003,"precinct":"Esc. Escuela San Mateo","registered_2026":348,"tables_2026":2,"coordinate_source":"OEP_GeoElectoral_2da_vuelta_2025","coordinate_year":2025,"match_method":"exact_municipality_locality_precinct","match_score":1,"coordinate_status":"official_2025_carried_forward","georeference_confidence":"high","metropolitan":false,"estimated_coordinate":false},"geometry":{"type":"Point","coordinates":[-64.677378,-17.719534]}},{"type":"Feature","properties":{"province":"Manuel María Caballero","municipality":"Comarapa","locality":"Siberia","precinct_code":19008,"precinct":"Esc. Siberia","registered_2026":170,"tables_2026":1,"coordinate_source":"OEP_GeoElectoral_2da_vuelta_2025","coordinate_year":2025,"match_method":"exact_municipality_locality_precinct","match_score":1,"coordinate_status":"official_2025_carried_forward","georeference_confidence":"high","metropolitan":false,"estimated_coordinate":false},"geometry":{"type":"Point","coordinates":[-64.75382,-17.82761]}},{"type":"Feature","properties":{"province":"Manuel María Caballero","municipality":"Comarapa","locality":"Torrecillas","precinct_code":19010,"precinct":"Esc. Torrecillas","registered_2026":848,"tables_2026":4,"coordinate_source":"OEP_GeoElectoral_2da_vuelta_2025","coordinate_year":2025,"match_method":"exact_municipality_locality_precinct","match_score":1,"coordinate_status":"official_2025_carried_forward","georeference_confidence":"high","metropolitan":false,"estimated_coordinate":false},"geometry":{"type":"Point","coordinates":[-64.61208,-17.86851]}},{"type":"Feature","properties":{"province":"Manuel María Caballero","municipality":"Saipina","locality":"Bañados del Rosario","precinct_code":19012,"precinct":"Esc. Emilia Caballero","registered_2026":86,"tables_2026":1,"coordinate_source":"OEP_GeoElectoral_2da_vuelta_2025","coordinate_year":2025,"match_method":"exact_municipality_locality_precinct","match_score":1,"coordinate_status":"official_2025_carried_forward","georeference_confidence":"high","metropolitan":false,"estimated_coordinate":false},"geometry":{"type":"Point","coordinates":[-64.639067,-17.961134]}},{"type":"Feature","properties":{"province":"Manuel María Caballero","municipality":"Saipina","locality":"Chilón","precinct_code":19013,"precinct":"Esc. U.E. Santa Catalina Chilon","registered_2026":561,"tables_2026":3,"coordinate_source":"OEP_GeoElectoral_2da_vuelta_2025","coordinate_year":2025,"match_method":"exact_municipality_locality_precinct","match_score":1,"coordinate_status":"official_2025_carried_forward","georeference_confidence":"high","metropolitan":false,"estimated_coordinate":false},"geometry":{"type":"Point","coordinates":[-64.638255,-18.001979]}},{"type":"Feature","properties":{"province":"Manuel María Caballero","municipality":"Saipina","locality":"Oconi","precinct_code":19014,"precinct":"Esc. Oconi","registered_2026":107,"tables_2026":1,"coordinate_source":"OEP_GeoElectoral_2da_vuelta_2025","coordinate_year":2025,"match_method":"exact_municipality_locality_precinct","match_score":1,"coordinate_status":"official_2025_carried_forward","georeference_confidence":"high","metropolitan":false,"estimated_coordinate":false},"geometry":{"type":"Point","coordinates":[-64.683177,-17.982822]}},{"type":"Feature","properties":{"province":"Manuel María Caballero","municipality":"Saipina","locality":"Saipina","precinct_code":19011,"precinct":"Esc. Humberto Villarroel","registered_2026":2655,"tables_2026":11,"coordinate_source":"OEP_GeoElectoral_2da_vuelta_2025","coordinate_year":2025,"match_method":"exact_municipality_locality_precinct","match_score":1,"coordinate_status":"official_2025_carried_forward","georeference_confidence":"high","metropolitan":false,"estimated_coordinate":false},"geometry":{"type":"Point","coordinates":[-64.58239,-18.09421]}},{"type":"Feature","properties":{"province":"Manuel María Caballero","municipality":"Saipina","locality":"Saipina","precinct_code":32108,"precinct":"U. E. Rafael y José Mendoza B","registered_2026":276,"tables_2026":2,"coordinate_source":"OEP_GeoElectoral_2da_vuelta_2025","coordinate_year":2025,"match_method":"exact_municipality_locality_precinct","match_score":1,"coordinate_status":"official_2025_carried_forward","georeference_confidence":"high","metropolitan":false,"estimated_coordinate":false},"geometry":{"type":"Point","coordinates":[-64.57619,-18.093512]}},{"type":"Feature","properties":{"province":"Manuel María Caballero","municipality":"Saipina","locality":"San Rafael (Caballero)","precinct_code":19012,"precinct":"Esc. San Rafael","registered_2026":297,"tables_2026":2,"coordinate_source":"OEP_GeoElectoral_2da_vuelta_2025","coordinate_year":2025,"match_method":"exact_municipality_locality_precinct","match_score":1,"coordinate_status":"official_2025_carried_forward","georeference_confidence":"high","metropolitan":false,"estimated_coordinate":false},"geometry":{"type":"Point","coordinates":[-64.556219,-18.105379]}},{"type":"Feature","properties":{"province":"Ñuflo De Chávez","municipality":"Concepción","locality":"Altamira","precinct_code":1,"precinct":"U.E. Altamira","registered_2026":491,"tables_2026":2,"coordinate_source":"OEP_2026_archivo_21_municipios","coordinate_year":2026,"match_method":"exact_municipality_locality_precinct","match_score":1,"coordinate_status":"official_2026_source_file","georeference_confidence":"high","metropolitan":false,"estimated_coordinate":false},"geometry":{"type":"Point","coordinates":[-62.010285,-16.148618]}},{"type":"Feature","properties":{"province":"Ñuflo De Chávez","municipality":"Concepción","locality":"Candelaria (Ñ.de Chavez)","precinct_code":1,"precinct":"U.E. Hno. Wendelin","registered_2026":355,"tables_2026":2,"coordinate_source":"OEP_2026_archivo_21_municipios","coordinate_year":2026,"match_method":"exact_municipality_locality_precinct","match_score":1,"coordinate_status":"official_2026_source_file","georeference_confidence":"high","metropolitan":false,"estimated_coordinate":false},"geometry":{"type":"Point","coordinates":[-62.120771,-16.246547]}},{"type":"Feature","properties":{"province":"Ñuflo De Chávez","municipality":"Concepción","locality":"Concepción","precinct_code":20000,"precinct":"U.E. Guadalupe Fe y Alegria I y II","registered_2026":10037,"tables_2026":42,"coordinate_source":"OEP_2026_archivo_21_municipios","coordinate_year":2026,"match_method":"exact_municipality_locality_precinct","match_score":1,"coordinate_status":"official_2026_source_file","georeference_confidence":"high","metropolitan":false,"estimated_coordinate":false},"geometry":{"type":"Point","coordinates":[-62.02316,-16.13626]}},{"type":"Feature","properties":{"province":"Ñuflo De Chávez","municipality":"Concepción","locality":"Concepción","precinct_code":26383,"precinct":"U.E. Carlos Herrera","registered_2026":1937,"tables_2026":8,"coordinate_source":"OEP_2026_archivo_21_municipios","coordinate_year":2026,"match_method":"exact_municipality_locality_precinct","match_score":1,"coordinate_status":"official_2026_source_file","georeference_confidence":"high","metropolitan":false,"estimated_coordinate":false},"geometry":{"type":"Point","coordinates":[-62.02732,-16.13634]}},{"type":"Feature","properties":{"province":"Ñuflo De Chávez","municipality":"Concepción","locality":"El Carmen (Ñ.de Chavez)","precinct_code":2,"precinct":"U.E. Hugo Edilberto Procchio Campos","registered_2026":278,"tables_2026":2,"coordinate_source":"OEP_2026_archivo_21_municipios","coordinate_year":2026,"match_method":"exact_municipality_locality_precinct","match_score":1,"coordinate_status":"official_2026_source_file","georeference_confidence":"high","metropolitan":false,"estimated_coordinate":false},"geometry":{"type":"Point","coordinates":[-62.019863,-16.445893]}},{"type":"Feature","properties":{"province":"Ñuflo De Chávez","municipality":"Concepción","locality":"Guayaba","precinct_code":1,"precinct":"U.E. Guayaba","registered_2026":249,"tables_2026":1,"coordinate_source":"OEP_2026_archivo_21_municipios","coordinate_year":2026,"match_method":"exact_municipality_locality_precinct","match_score":1,"coordinate_status":"official_2026_source_file","georeference_confidence":"high","metropolitan":false,"estimated_coordinate":false},"geometry":{"type":"Point","coordinates":[-62.009816,-16.111266]}},{"type":"Feature","properties":{"province":"Ñuflo De Chávez","municipality":"Concepción","locality":"Integracion A","precinct_code":25849,"precinct":"U. E. Eduardo Abaroa","registered_2026":465,"tables_2026":2,"coordinate_source":"OEP_2026_archivo_21_municipios","coordinate_year":2026,"match_method":"exact_municipality_locality_precinct","match_score":1,"coordinate_status":"official_2026_source_file","georeference_confidence":"high","metropolitan":false,"estimated_coordinate":false},"geometry":{"type":"Point","coordinates":[-61.485,-15.115]}},{"type":"Feature","properties":{"province":"Ñuflo De Chávez","municipality":"Concepción","locality":"Las Mercedes","precinct_code":1,"precinct":"U.E. Mercedes","registered_2026":107,"tables_2026":1,"coordinate_source":"OEP_2026_archivo_21_municipios","coordinate_year":2026,"match_method":"exact_municipality_locality_precinct","match_score":1,"coordinate_status":"official_2026_source_file","georeference_confidence":"high","metropolitan":false,"estimated_coordinate":false},"geometry":{"type":"Point","coordinates":[-62.161602,-16.64156]}},{"type":"Feature","properties":{"province":"Ñuflo De Chávez","municipality":"Concepción","locality":"Limoncito","precinct_code":1,"precinct":"U.E. San Francisco De Asis","registered_2026":317,"tables_2026":2,"coordinate_source":"OEP_2026_archivo_21_municipios","coordinate_year":2026,"match_method":"exact_municipality_locality_precinct","match_score":1,"coordinate_status":"official_2026_source_file","georeference_confidence":"high","metropolitan":false,"estimated_coordinate":false},"geometry":{"type":"Point","coordinates":[-62.06047,-16.13365]}},{"type":"Feature","properties":{"province":"Ñuflo De Chávez","municipality":"Concepción","locality":"Makanaté","precinct_code":20033,"precinct":"U.E. 19 de Marzo","registered_2026":182,"tables_2026":1,"coordinate_source":"OEP_2026_archivo_21_municipios","coordinate_year":2026,"match_method":"exact_municipality_locality_precinct","match_score":1,"coordinate_status":"official_2026_source_file","georeference_confidence":"high","metropolitan":false,"estimated_coordinate":false},"geometry":{"type":"Point","coordinates":[-62.292648,-15.484999]}},{"type":"Feature","properties":{"province":"Ñuflo De Chávez","municipality":"Concepción","locality":"Medio Monte","precinct_code":1,"precinct":"Medio Monte","registered_2026":206,"tables_2026":1,"coordinate_source":"OEP_2026_archivo_21_municipios","coordinate_year":2026,"match_method":"exact_municipality_locality_precinct","match_score":1,"coordinate_status":"official_2026_source_file","georeference_confidence":"high","metropolitan":false,"estimated_coordinate":false},"geometry":{"type":"Point","coordinates":[-62.07353,-16.548176]}},{"type":"Feature","properties":{"province":"Ñuflo De Chávez","municipality":"Concepción","locality":"Palestina","precinct_code":20034,"precinct":"U.E. Ricardo Barba","registered_2026":102,"tables_2026":1,"coordinate_source":"OEP_2026_archivo_21_municipios","coordinate_year":2026,"match_method":"exact_municipality_locality_precinct","match_score":1,"coordinate_status":"official_2026_source_file","georeference_confidence":"high","metropolitan":false,"estimated_coordinate":false},"geometry":{"type":"Point","coordinates":[-62.154161,-15.641742]}},{"type":"Feature","properties":{"province":"Ñuflo De Chávez","municipality":"Concepción","locality":"Palmarito de la Frontera","precinct_code":3,"precinct":"U.E. 1ro de Mayo","registered_2026":551,"tables_2026":3,"coordinate_source":"OEP_2026_archivo_21_municipios","coordinate_year":2026,"match_method":"exact_municipality_locality_precinct","match_score":1,"coordinate_status":"official_2026_source_file","georeference_confidence":"high","metropolitan":false,"estimated_coordinate":false},"geometry":{"type":"Point","coordinates":[-61.654037,-15.722687]}},{"type":"Feature","properties":{"province":"Ñuflo De Chávez","municipality":"Concepción","locality":"San Miguelito","precinct_code":1,"precinct":"U.E. Jose Ortiz Semar","registered_2026":99,"tables_2026":1,"coordinate_source":"OEP_2026_archivo_21_municipios","coordinate_year":2026,"match_method":"exact_municipality_locality_precinct","match_score":1,"coordinate_status":"official_2026_source_file","georeference_confidence":"high","metropolitan":false,"estimated_coordinate":false},"geometry":{"type":"Point","coordinates":[-61.950802,-16.229512]}},{"type":"Feature","properties":{"province":"Ñuflo De Chávez","municipality":"Concepción","locality":"San Pablo Sur","precinct_code":1,"precinct":"U.E. Nubiosix","registered_2026":118,"tables_2026":1,"coordinate_source":"OEP_2026_archivo_21_municipios","coordinate_year":2026,"match_method":"exact_municipality_locality_precinct","match_score":1,"coordinate_status":"official_2026_source_file","georeference_confidence":"high","metropolitan":false,"estimated_coordinate":false},"geometry":{"type":"Point","coordinates":[-62.136902,-16.339511]}},{"type":"Feature","properties":{"province":"Ñuflo De Chávez","municipality":"Concepción","locality":"San Pedro","precinct_code":6,"precinct":"U.E. San Pedro","registered_2026":211,"tables_2026":1,"coordinate_source":"OEP_2026_archivo_21_municipios","coordinate_year":2026,"match_method":"exact_municipality_locality_precinct","match_score":1,"coordinate_status":"official_2026_source_file","georeference_confidence":"high","metropolitan":false,"estimated_coordinate":false},"geometry":{"type":"Point","coordinates":[-62.250174,-16.672861]}},{"type":"Feature","properties":{"province":"Ñuflo De Chávez","municipality":"Concepción","locality":"San Silvestre","precinct_code":1,"precinct":"U.E. Uruguayto Norte","registered_2026":206,"tables_2026":1,"coordinate_source":"OEP_2026_archivo_21_municipios","coordinate_year":2026,"match_method":"exact_municipality_locality_precinct","match_score":1,"coordinate_status":"official_2026_source_file","georeference_confidence":"high","metropolitan":false,"estimated_coordinate":false},"geometry":{"type":"Point","coordinates":[-61.868595,-15.897509]}},{"type":"Feature","properties":{"province":"Ñuflo De Chávez","municipality":"Concepción","locality":"Santa Mónica","precinct_code":1,"precinct":"U.E. Pablo Cuasace","registered_2026":116,"tables_2026":1,"coordinate_source":"OEP_2026_archivo_21_municipios","coordinate_year":2026,"match_method":"exact_municipality_locality_precinct","match_score":1,"coordinate_status":"official_2026_source_file","georeference_confidence":"high","metropolitan":false,"estimated_coordinate":false},"geometry":{"type":"Point","coordinates":[-62.191293,-15.975008]}},{"type":"Feature","properties":{"province":"Ñuflo De Chávez","municipality":"Concepción","locality":"Tierra Hermosa","precinct_code":1,"precinct":"U.E. 21 de junio","registered_2026":368,"tables_2026":2,"coordinate_source":"OEP_2026_archivo_21_municipios","coordinate_year":2026,"match_method":"exact_municipality_locality_precinct","match_score":1,"coordinate_status":"official_2026_source_file","georeference_confidence":"high","metropolitan":false,"estimated_coordinate":false},"geometry":{"type":"Point","coordinates":[-61.522817,-15.368725]}},{"type":"Feature","properties":{"province":"Ñuflo De Chávez","municipality":"Concepción","locality":"Zapoco","precinct_code":1,"precinct":"U.E. Freddy Villalba","registered_2026":18,"tables_2026":1,"coordinate_source":"OEP_2026_archivo_21_municipios","coordinate_year":2026,"match_method":"exact_municipality_locality_precinct","match_score":1,"coordinate_status":"official_2026_source_file","georeference_confidence":"high","metropolitan":false,"estimated_coordinate":false},"geometry":{"type":"Point","coordinates":[-61.64749,-16.49761]}},{"type":"Feature","properties":{"province":"Ñuflo De Chávez","municipality":"Cuatro Cañadas","locality":"26 de Agosto","precinct_code":31,"precinct":"Esc. 26 de Agosto","registered_2026":1175,"tables_2026":5,"coordinate_source":"OEP_2026_archivo_21_municipios","coordinate_year":2026,"match_method":"exact_municipality_locality_precinct","match_score":1,"coordinate_status":"official_2026_source_file","georeference_confidence":"high","metropolitan":false,"estimated_coordinate":false},"geometry":{"type":"Point","coordinates":[-62.621185,-17.460065]}},{"type":"Feature","properties":{"province":"Ñuflo De Chávez","municipality":"Cuatro Cañadas","locality":"Chihuahua","precinct_code":25376,"precinct":"U.E. Haziel","registered_2026":759,"tables_2026":4,"coordinate_source":"OEP_2026_archivo_21_municipios","coordinate_year":2026,"match_method":"exact_municipality_locality_precinct","match_score":1,"coordinate_status":"official_2026_source_file","georeference_confidence":"high","metropolitan":false,"estimated_coordinate":false},"geometry":{"type":"Point","coordinates":[-62.151999,-17.223649]}},{"type":"Feature","properties":{"province":"Ñuflo De Chávez","municipality":"Cuatro Cañadas","locality":"Cuatro Cañadas","precinct_code":20018,"precinct":"U.E. Juan Pablo II A","registered_2026":6836,"tables_2026":29,"coordinate_source":"OEP_2026_archivo_21_municipios","coordinate_year":2026,"match_method":"exact_municipality_locality_precinct","match_score":1,"coordinate_status":"official_2026_source_file","georeference_confidence":"high","metropolitan":false,"estimated_coordinate":false},"geometry":{"type":"Point","coordinates":[-62.55701,-17.26752]}},{"type":"Feature","properties":{"province":"Ñuflo De Chávez","municipality":"Cuatro Cañadas","locality":"Cuatro Cañadas","precinct_code":20019,"precinct":"Col. Nacional Cuatro Cañandas","registered_2026":2543,"tables_2026":11,"coordinate_source":"OEP_2026_archivo_21_municipios","coordinate_year":2026,"match_method":"exact_municipality_locality_precinct","match_score":1,"coordinate_status":"official_2026_source_file","georeference_confidence":"high","metropolitan":false,"estimated_coordinate":false},"geometry":{"type":"Point","coordinates":[-62.55971,-17.27547]}},{"type":"Feature","properties":{"province":"Ñuflo De Chávez","municipality":"Cuatro Cañadas","locality":"Los Troncos","precinct_code":20,"precinct":"Esc. Los Troncos","registered_2026":260,"tables_2026":2,"coordinate_source":"OEP_2026_archivo_21_municipios","coordinate_year":2026,"match_method":"exact_municipality_locality_precinct","match_score":1,"coordinate_status":"official_2026_source_file","georeference_confidence":"high","metropolitan":false,"estimated_coordinate":false},"geometry":{"type":"Point","coordinates":[-62.63882,-17.06814]}},{"type":"Feature","properties":{"province":"Ñuflo De Chávez","municipality":"Cuatro Cañadas","locality":"Monte Rico","precinct_code":20032,"precinct":"Esc. Monte Rico","registered_2026":340,"tables_2026":2,"coordinate_source":"OEP_2026_archivo_21_municipios","coordinate_year":2026,"match_method":"exact_municipality_locality_precinct","match_score":1,"coordinate_status":"official_2026_source_file","georeference_confidence":"high","metropolitan":false,"estimated_coordinate":false},"geometry":{"type":"Point","coordinates":[-62.48614,-17.37492]}},{"type":"Feature","properties":{"province":"Ñuflo De Chávez","municipality":"Cuatro Cañadas","locality":"Puerto Rico (Ñ.de Chavez)","precinct_code":20021,"precinct":"Esc. Jose Luis Castro","registered_2026":1498,"tables_2026":7,"coordinate_source":"OEP_2026_archivo_21_municipios","coordinate_year":2026,"match_method":"exact_municipality_locality_precinct","match_score":1,"coordinate_status":"official_2026_source_file","georeference_confidence":"high","metropolitan":false,"estimated_coordinate":false},"geometry":{"type":"Point","coordinates":[-62.55427,-17.34488]}},{"type":"Feature","properties":{"province":"Ñuflo De Chávez","municipality":"San Antonio de Lomerio","locality":"El Puquio","precinct_code":20005,"precinct":"U.E. El Puquio Cristo Rey","registered_2026":269,"tables_2026":2,"coordinate_source":"OEP_GeoElectoral_2da_vuelta_2025","coordinate_year":2025,"match_method":"exact_municipality_locality_precinct","match_score":1,"coordinate_status":"official_2025_carried_forward","georeference_confidence":"high","metropolitan":false,"estimated_coordinate":false},"geometry":{"type":"Point","coordinates":[-61.911699,-16.732505]}},{"type":"Feature","properties":{"province":"Ñuflo De Chávez","municipality":"San Antonio de Lomerio","locality":"Fátima","precinct_code":25052,"precinct":"U.E. Padre Pio","registered_2026":218,"tables_2026":1,"coordinate_source":"OEP_GeoElectoral_2da_vuelta_2025","coordinate_year":2025,"match_method":"exact_municipality_locality_precinct","match_score":1,"coordinate_status":"official_2025_carried_forward","georeference_confidence":"high","metropolitan":false,"estimated_coordinate":false},"geometry":{"type":"Point","coordinates":[-61.839696,-16.682294]}},{"type":"Feature","properties":{"province":"Ñuflo De Chávez","municipality":"San Antonio de Lomerio","locality":"Holanda","precinct_code":1,"precinct":"U.E. 8 de Diciembre","registered_2026":117,"tables_2026":1,"coordinate_source":"OEP_GeoElectoral_2da_vuelta_2025","coordinate_year":2025,"match_method":"exact_municipality_locality_precinct","match_score":1,"coordinate_status":"official_2025_carried_forward","georeference_confidence":"high","metropolitan":false,"estimated_coordinate":false},"geometry":{"type":"Point","coordinates":[-61.79376,-16.88703]}},{"type":"Feature","properties":{"province":"Ñuflo De Chávez","municipality":"San Antonio de Lomerio","locality":"Las Trancas","precinct_code":1,"precinct":"U.E. 29 de Junio","registered_2026":180,"tables_2026":1,"coordinate_source":"OEP_GeoElectoral_2da_vuelta_2025","coordinate_year":2025,"match_method":"exact_municipality_locality_precinct","match_score":1,"coordinate_status":"official_2025_carried_forward","georeference_confidence":"high","metropolitan":false,"estimated_coordinate":false},"geometry":{"type":"Point","coordinates":[-61.866232,-16.596215]}},{"type":"Feature","properties":{"province":"Ñuflo De Chávez","municipality":"San Antonio de Lomerio","locality":"Monterito","precinct_code":1,"precinct":"U.E. 3 de Mayo","registered_2026":225,"tables_2026":1,"coordinate_source":"OEP_GeoElectoral_2da_vuelta_2025","coordinate_year":2025,"match_method":"exact_municipality_locality_precinct","match_score":1,"coordinate_status":"official_2025_carried_forward","georeference_confidence":"high","metropolitan":false,"estimated_coordinate":false},"geometry":{"type":"Point","coordinates":[-61.968337,-16.706607]}},{"type":"Feature","properties":{"province":"Ñuflo De Chávez","municipality":"San Antonio de Lomerio","locality":"Palmira","precinct_code":1,"precinct":"U.E. Pedro Pablo Peña Garcia","registered_2026":141,"tables_2026":1,"coordinate_source":"OEP_GeoElectoral_2da_vuelta_2025","coordinate_year":2025,"match_method":"exact_municipality_locality_precinct","match_score":1,"coordinate_status":"official_2025_carried_forward","georeference_confidence":"high","metropolitan":false,"estimated_coordinate":false},"geometry":{"type":"Point","coordinates":[-61.934605,-16.752924]}},{"type":"Feature","properties":{"province":"Ñuflo De Chávez","municipality":"San Antonio de Lomerio","locality":"Salinas","precinct_code":23,"precinct":"U.E. Villa Chavez","registered_2026":351,"tables_2026":2,"coordinate_source":"OEP_GeoElectoral_2da_vuelta_2025","coordinate_year":2025,"match_method":"exact_municipality_locality_precinct","match_score":1,"coordinate_status":"official_2025_carried_forward","georeference_confidence":"high","metropolitan":false,"estimated_coordinate":false},"geometry":{"type":"Point","coordinates":[-61.857027,-16.981817]}},{"type":"Feature","properties":{"province":"Ñuflo De Chávez","municipality":"San Antonio de Lomerio","locality":"San Antonio de Lomerio","precinct_code":4,"precinct":"U.E. 13 de Junio","registered_2026":1539,"tables_2026":7,"coordinate_source":"OEP_GeoElectoral_2da_vuelta_2025","coordinate_year":2025,"match_method":"exact_municipality_locality_precinct","match_score":1,"coordinate_status":"official_2025_carried_forward","georeference_confidence":"high","metropolitan":false,"estimated_coordinate":false},"geometry":{"type":"Point","coordinates":[-61.81025,-16.76787]}},{"type":"Feature","properties":{"province":"Ñuflo De Chávez","municipality":"San Antonio de Lomerio","locality":"San Lorenzo","precinct_code":20025,"precinct":"U.E. Suiza","registered_2026":286,"tables_2026":2,"coordinate_source":"OEP_GeoElectoral_2da_vuelta_2025","coordinate_year":2025,"match_method":"exact_municipality_locality_precinct","match_score":1,"coordinate_status":"official_2025_carried_forward","georeference_confidence":"high","metropolitan":false,"estimated_coordinate":false},"geometry":{"type":"Point","coordinates":[-61.872912,-16.708375]}},{"type":"Feature","properties":{"province":"Ñuflo De Chávez","municipality":"San Antonio de Lomerio","locality":"San Simón","precinct_code":32274,"precinct":"U.E. 1ro. de Enero","registered_2026":143,"tables_2026":1,"coordinate_source":"OEP_GeoElectoral_2da_vuelta_2025","coordinate_year":2025,"match_method":"exact_municipality_locality_precinct","match_score":1,"coordinate_status":"official_2025_carried_forward","georeference_confidence":"high","metropolitan":false,"estimated_coordinate":false},"geometry":{"type":"Point","coordinates":[-61.945404,-16.640134]}},{"type":"Feature","properties":{"province":"Ñuflo De Chávez","municipality":"San Javier","locality":"Comunidad Indígena San Joaquín","precinct_code":32362,"precinct":"U.E. San Joaquín","registered_2026":76,"tables_2026":1,"coordinate_source":"OEP_GeoElectoral_2da_vuelta_2025","coordinate_year":2025,"match_method":"exact_municipality_locality_precinct","match_score":1,"coordinate_status":"official_2025_carried_forward","georeference_confidence":"high","metropolitan":false,"estimated_coordinate":false},"geometry":{"type":"Point","coordinates":[-62.395766,-16.304857]}},{"type":"Feature","properties":{"province":"Ñuflo De Chávez","municipality":"San Javier","locality":"Coronación","precinct_code":9,"precinct":"U.E. Coronación","registered_2026":799,"tables_2026":4,"coordinate_source":"OEP_GeoElectoral_2da_vuelta_2025","coordinate_year":2025,"match_method":"exact_municipality_locality_precinct","match_score":1,"coordinate_status":"official_2025_carried_forward","georeference_confidence":"high","metropolitan":false,"estimated_coordinate":false},"geometry":{"type":"Point","coordinates":[-62.639873,-16.50214]}},{"type":"Feature","properties":{"province":"Ñuflo De Chávez","municipality":"San Javier","locality":"Las Abras","precinct_code":1,"precinct":"U.E. Las Abras","registered_2026":308,"tables_2026":2,"coordinate_source":"OEP_GeoElectoral_2da_vuelta_2025","coordinate_year":2025,"match_method":"exact_municipality_locality_precinct","match_score":1,"coordinate_status":"official_2025_carried_forward","georeference_confidence":"high","metropolitan":false,"estimated_coordinate":false},"geometry":{"type":"Point","coordinates":[-62.62873,-16.315619]}},{"type":"Feature","properties":{"province":"Ñuflo De Chávez","municipality":"San Javier","locality":"San Javier (Ñ.de Chavez)","precinct_code":20007,"precinct":"U.E. Adolfo Burton","registered_2026":4137,"tables_2026":18,"coordinate_source":"OEP_GeoElectoral_2da_vuelta_2025","coordinate_year":2025,"match_method":"exact_municipality_locality_precinct","match_score":1,"coordinate_status":"official_2025_carried_forward","georeference_confidence":"high","metropolitan":false,"estimated_coordinate":false},"geometry":{"type":"Point","coordinates":[-62.50405,-16.27246]}},{"type":"Feature","properties":{"province":"Ñuflo De Chávez","municipality":"San Javier","locality":"San Javier (Ñ.de Chavez)","precinct_code":26347,"precinct":"U. E. Guillermo Añez","registered_2026":3322,"tables_2026":14,"coordinate_source":"OEP_GeoElectoral_2da_vuelta_2025","coordinate_year":2025,"match_method":"exact_municipality_locality_precinct","match_score":1,"coordinate_status":"official_2025_carried_forward","georeference_confidence":"high","metropolitan":false,"estimated_coordinate":false},"geometry":{"type":"Point","coordinates":[-62.505907,-16.273162]}},{"type":"Feature","properties":{"province":"Ñuflo De Chávez","municipality":"San Javier","locality":"San Pablo","precinct_code":1,"precinct":"U.E. San Pablo","registered_2026":121,"tables_2026":1,"coordinate_source":"OEP_GeoElectoral_2da_vuelta_2025","coordinate_year":2025,"match_method":"exact_municipality_locality_precinct","match_score":1,"coordinate_status":"official_2025_carried_forward","georeference_confidence":"high","metropolitan":false,"estimated_coordinate":false},"geometry":{"type":"Point","coordinates":[-62.599512,-16.163819]}},{"type":"Feature","properties":{"province":"Ñuflo De Chávez","municipality":"San Javier","locality":"Santa Rita","precinct_code":1,"precinct":"U.E. Santa Rita","registered_2026":162,"tables_2026":1,"coordinate_source":"OEP_GeoElectoral_2da_vuelta_2025","coordinate_year":2025,"match_method":"exact_municipality_locality_precinct","match_score":1,"coordinate_status":"official_2025_carried_forward","georeference_confidence":"high","metropolitan":false,"estimated_coordinate":false},"geometry":{"type":"Point","coordinates":[-62.408976,-16.102941]}},{"type":"Feature","properties":{"province":"Ñuflo De Chávez","municipality":"San Javier","locality":"Turux Napez","precinct_code":1,"precinct":"U.E. Turux Napez","registered_2026":162,"tables_2026":1,"coordinate_source":"OEP_GeoElectoral_2da_vuelta_2025","coordinate_year":2025,"match_method":"exact_municipality_locality_precinct","match_score":1,"coordinate_status":"official_2025_carried_forward","georeference_confidence":"high","metropolitan":false,"estimated_coordinate":false},"geometry":{"type":"Point","coordinates":[-62.496629,-15.950209]}},{"type":"Feature","properties":{"province":"Ñuflo De Chávez","municipality":"San Julián","locality":"16 de Marzo","precinct_code":1,"precinct":"U.E. 16 de Marzo","registered_2026":503,"tables_2026":3,"coordinate_source":"OEP_2026_archivo_21_municipios","coordinate_year":2026,"match_method":"exact_municipality_locality_precinct","match_score":1,"coordinate_status":"official_2026_source_file","georeference_confidence":"high","metropolitan":false,"estimated_coordinate":false},"geometry":{"type":"Point","coordinates":[-62.469504,-16.934135]}},{"type":"Feature","properties":{"province":"Ñuflo De Chávez","municipality":"San Julián","locality":"Area 5","precinct_code":20011,"precinct":"Esc. Max Fernandez Rojas","registered_2026":795,"tables_2026":4,"coordinate_source":"OEP_2026_archivo_21_municipios","coordinate_year":2026,"match_method":"exact_municipality_locality_precinct","match_score":1,"coordinate_status":"official_2026_source_file","georeference_confidence":"high","metropolitan":false,"estimated_coordinate":false},"geometry":{"type":"Point","coordinates":[-62.54577,-16.97607]}},{"type":"Feature","properties":{"province":"Ñuflo De Chávez","municipality":"San Julián","locality":"El Carmen(Ñ.de Chavez S. Saucedo)","precinct_code":19,"precinct":"Esc. Central Franz Tamayo","registered_2026":878,"tables_2026":4,"coordinate_source":"OEP_2026_archivo_21_municipios","coordinate_year":2026,"match_method":"exact_municipality_locality_precinct","match_score":1,"coordinate_status":"official_2026_source_file","georeference_confidence":"high","metropolitan":false,"estimated_coordinate":false},"geometry":{"type":"Point","coordinates":[-62.845439,-16.998596]}},{"type":"Feature","properties":{"province":"Ñuflo De Chávez","municipality":"San Julián","locality":"General San Martin (Núcleo 23)","precinct_code":12,"precinct":"Esc. Gral San Martin","registered_2026":506,"tables_2026":3,"coordinate_source":"OEP_2026_archivo_21_municipios","coordinate_year":2026,"match_method":"exact_municipality_locality_precinct","match_score":1,"coordinate_status":"official_2026_source_file","georeference_confidence":"high","metropolitan":false,"estimated_coordinate":false},"geometry":{"type":"Point","coordinates":[-62.856907,-16.701741]}},{"type":"Feature","properties":{"province":"Ñuflo De Chávez","municipality":"San Julián","locality":"La Asunta","precinct_code":13,"precinct":"Esc. La Asunta San Bernardo","registered_2026":1672,"tables_2026":7,"coordinate_source":"OEP_2026_archivo_21_municipios","coordinate_year":2026,"match_method":"exact_municipality_locality_precinct","match_score":1,"coordinate_status":"official_2026_source_file","georeference_confidence":"high","metropolitan":false,"estimated_coordinate":false},"geometry":{"type":"Point","coordinates":[-62.57837,-16.76817]}},{"type":"Feature","properties":{"province":"Ñuflo De Chávez","municipality":"San Julián","locality":"Limoncito Río Grande","precinct_code":20026,"precinct":"U.E.  1ro de Marzo","registered_2026":218,"tables_2026":1,"coordinate_source":"OEP_2026_archivo_21_municipios","coordinate_year":2026,"match_method":"exact_municipality_locality_precinct","match_score":1,"coordinate_status":"official_2026_source_file","georeference_confidence":"high","metropolitan":false,"estimated_coordinate":false},"geometry":{"type":"Point","coordinates":[-63.292263,-16.642066]}},{"type":"Feature","properties":{"province":"Ñuflo De Chávez","municipality":"San Julián","locality":"Los Angeles","precinct_code":25377,"precinct":"U.E. 27 de Abril","registered_2026":446,"tables_2026":2,"coordinate_source":"OEP_2026_archivo_21_municipios","coordinate_year":2026,"match_method":"exact_municipality_locality_precinct","match_score":1,"coordinate_status":"official_2026_source_file","georeference_confidence":"high","metropolitan":false,"estimated_coordinate":false},"geometry":{"type":"Point","coordinates":[-62.610574,-16.86497]}},{"type":"Feature","properties":{"province":"Ñuflo De Chávez","municipality":"San Julián","locality":"Núcleo 11 San Antonio","precinct_code":20027,"precinct":"Esc. San Antonio","registered_2026":123,"tables_2026":1,"coordinate_source":"OEP_2026_archivo_21_municipios","coordinate_year":2026,"match_method":"exact_municipality_locality_precinct","match_score":1,"coordinate_status":"official_2026_source_file","georeference_confidence":"high","metropolitan":false,"estimated_coordinate":false},"geometry":{"type":"Point","coordinates":[-62.723049,-16.834164]}},{"type":"Feature","properties":{"province":"Ñuflo De Chávez","municipality":"San Julián","locality":"Núcleo 20 Sebastian Pagador","precinct_code":20028,"precinct":"Esc. Sebastian Pagador","registered_2026":84,"tables_2026":1,"coordinate_source":"OEP_2026_archivo_21_municipios","coordinate_year":2026,"match_method":"exact_municipality_locality_precinct","match_score":1,"coordinate_status":"official_2026_source_file","georeference_confidence":"high","metropolitan":false,"estimated_coordinate":false},"geometry":{"type":"Point","coordinates":[-62.82342,-16.735815]}},{"type":"Feature","properties":{"province":"Ñuflo De Chávez","municipality":"San Julián","locality":"Núcleo 29 Illimani","precinct_code":20030,"precinct":"Escuela Luz y Verdad","registered_2026":284,"tables_2026":2,"coordinate_source":"OEP_2026_archivo_21_municipios","coordinate_year":2026,"match_method":"exact_municipality_locality_precinct","match_score":1,"coordinate_status":"official_2026_source_file","georeference_confidence":"high","metropolitan":false,"estimated_coordinate":false},"geometry":{"type":"Point","coordinates":[-62.91896,-16.63566]}},{"type":"Feature","properties":{"province":"Ñuflo De Chávez","municipality":"San Julián","locality":"Núcleo 32   El Limonal","precinct_code":1,"precinct":"Esc. U.E. El Limonal","registered_2026":267,"tables_2026":2,"coordinate_source":"OEP_2026_archivo_21_municipios","coordinate_year":2026,"match_method":"exact_municipality_locality_precinct","match_score":1,"coordinate_status":"official_2026_source_file","georeference_confidence":"high","metropolitan":false,"estimated_coordinate":false},"geometry":{"type":"Point","coordinates":[-62.948716,-16.60476]}},{"type":"Feature","properties":{"province":"Ñuflo De Chávez","municipality":"San Julián","locality":"Núcleo 66 2 de Agosto","precinct_code":29,"precinct":"Esc. Nucleo 66 2 De Agosto","registered_2026":436,"tables_2026":2,"coordinate_source":"OEP_2026_archivo_21_municipios","coordinate_year":2026,"match_method":"exact_municipality_locality_precinct","match_score":1,"coordinate_status":"official_2026_source_file","georeference_confidence":"high","metropolitan":false,"estimated_coordinate":false},"geometry":{"type":"Point","coordinates":[-62.788389,-16.639802]}},{"type":"Feature","properties":{"province":"Ñuflo De Chávez","municipality":"San Julián","locality":"Núcleo 70   Segunda Milla","precinct_code":1,"precinct":"Esc. U.E. Segunda Milla","registered_2026":160,"tables_2026":1,"coordinate_source":"OEP_2026_archivo_21_municipios","coordinate_year":2026,"match_method":"exact_municipality_locality_precinct","match_score":1,"coordinate_status":"official_2026_source_file","georeference_confidence":"high","metropolitan":false,"estimated_coordinate":false},"geometry":{"type":"Point","coordinates":[-62.91419,-16.506144]}},{"type":"Feature","properties":{"province":"Ñuflo De Chávez","municipality":"San Julián","locality":"Nueva Vida (Núcleo 14)","precinct_code":14,"precinct":"Esc. 26 de Oct. Fe y Alegria","registered_2026":469,"tables_2026":2,"coordinate_source":"OEP_2026_archivo_21_municipios","coordinate_year":2026,"match_method":"exact_municipality_locality_precinct","match_score":1,"coordinate_status":"official_2026_source_file","georeference_confidence":"high","metropolitan":false,"estimated_coordinate":false},"geometry":{"type":"Point","coordinates":[-62.757887,-16.801311]}},{"type":"Feature","properties":{"province":"Ñuflo De Chávez","municipality":"San Julián","locality":"San Julian","precinct_code":20010,"precinct":"Esc. Col  Ciro Mealla","registered_2026":6185,"tables_2026":26,"coordinate_source":"OEP_2026_archivo_21_municipios","coordinate_year":2026,"match_method":"exact_municipality_locality_precinct","match_score":1,"coordinate_status":"official_2026_source_file","georeference_confidence":"high","metropolitan":false,"estimated_coordinate":false},"geometry":{"type":"Point","coordinates":[-62.61414,-16.907358]}},{"type":"Feature","properties":{"province":"Ñuflo De Chávez","municipality":"San Julián","locality":"San Julian","precinct_code":20011,"precinct":"U.E. Guillermo Jordan","registered_2026":4640,"tables_2026":20,"coordinate_source":"OEP_2026_archivo_21_municipios","coordinate_year":2026,"match_method":"exact_municipality_locality_precinct","match_score":1,"coordinate_status":"official_2026_source_file","georeference_confidence":"high","metropolitan":false,"estimated_coordinate":false},"geometry":{"type":"Point","coordinates":[-62.621492,-16.91677]}},{"type":"Feature","properties":{"province":"Ñuflo De Chávez","municipality":"San Julián","locality":"San Julian","precinct_code":20012,"precinct":"Esc. Patuju","registered_2026":2710,"tables_2026":12,"coordinate_source":"OEP_2026_archivo_21_municipios","coordinate_year":2026,"match_method":"exact_municipality_locality_precinct","match_score":1,"coordinate_status":"official_2026_source_file","georeference_confidence":"high","metropolitan":false,"estimated_coordinate":false},"geometry":{"type":"Point","coordinates":[-62.610745,-16.901296]}},{"type":"Feature","properties":{"province":"Ñuflo De Chávez","municipality":"San Julián","locality":"San Julian","precinct_code":20013,"precinct":"Esc. El Progreso","registered_2026":1878,"tables_2026":8,"coordinate_source":"OEP_2026_archivo_21_municipios","coordinate_year":2026,"match_method":"exact_municipality_locality_precinct","match_score":1,"coordinate_status":"official_2026_source_file","georeference_confidence":"high","metropolitan":false,"estimated_coordinate":false},"geometry":{"type":"Point","coordinates":[-62.61951,-16.899315]}},{"type":"Feature","properties":{"province":"Ñuflo De Chávez","municipality":"San Julián","locality":"San Julian","precinct_code":25455,"precinct":"U.E. Jose David Berrios","registered_2026":1277,"tables_2026":6,"coordinate_source":"OEP_2026_archivo_21_municipios","coordinate_year":2026,"match_method":"exact_municipality_locality_precinct","match_score":1,"coordinate_status":"official_2026_source_file","georeference_confidence":"high","metropolitan":false,"estimated_coordinate":false},"geometry":{"type":"Point","coordinates":[-62.632186,-16.901255]}},{"type":"Feature","properties":{"province":"Ñuflo De Chávez","municipality":"San Julián","locality":"San Julian","precinct_code":25456,"precinct":"U.E San Juan de Berlín","registered_2026":585,"tables_2026":3,"coordinate_source":"OEP_2026_archivo_21_municipios","coordinate_year":2026,"match_method":"exact_municipality_locality_precinct","match_score":1,"coordinate_status":"official_2026_source_file","georeference_confidence":"high","metropolitan":false,"estimated_coordinate":false},"geometry":{"type":"Point","coordinates":[-62.626481,-17.060664]}},{"type":"Feature","properties":{"province":"Ñuflo De Chávez","municipality":"San Julián","locality":"San Julian","precinct_code":26344,"precinct":"C.E.A. Marcelo Quiroga Santa Cruz","registered_2026":1764,"tables_2026":8,"coordinate_source":"OEP_2026_archivo_21_municipios","coordinate_year":2026,"match_method":"exact_municipality_locality_precinct","match_score":1,"coordinate_status":"official_2026_source_file","georeference_confidence":"high","metropolitan":false,"estimated_coordinate":false},"geometry":{"type":"Point","coordinates":[-62.615544,-16.90427]}},{"type":"Feature","properties":{"province":"Ñuflo De Chávez","municipality":"San Julián","locality":"San Silvestre (Núcleo 38)","precinct_code":15,"precinct":"Esc. San Salvador Nucleo 38","registered_2026":521,"tables_2026":3,"coordinate_source":"OEP_2026_archivo_21_municipios","coordinate_year":2026,"match_method":"exact_municipality_locality_precinct","match_score":1,"coordinate_status":"official_2026_source_file","georeference_confidence":"high","metropolitan":false,"estimated_coordinate":false},"geometry":{"type":"Point","coordinates":[-63.01813,-16.53014]}},{"type":"Feature","properties":{"province":"Ñuflo De Chávez","municipality":"San Julián","locality":"Saturnino Saucedo F.Libertad(Cap.)","precinct_code":17,"precinct":"Esc. Fe y Alegria","registered_2026":820,"tables_2026":4,"coordinate_source":"OEP_2026_archivo_21_municipios","coordinate_year":2026,"match_method":"exact_municipality_locality_precinct","match_score":1,"coordinate_status":"official_2026_source_file","georeference_confidence":"high","metropolitan":false,"estimated_coordinate":false},"geometry":{"type":"Point","coordinates":[-62.684614,-17.096387]}},{"type":"Feature","properties":{"province":"Ñuflo De Chávez","municipality":"San Julián","locality":"Villa Paraíso","precinct_code":16,"precinct":"U.E. Eduardo Abaroa B","registered_2026":1443,"tables_2026":6,"coordinate_source":"OEP_2026_archivo_21_municipios","coordinate_year":2026,"match_method":"exact_municipality_locality_precinct","match_score":1,"coordinate_status":"official_2026_source_file","georeference_confidence":"high","metropolitan":false,"estimated_coordinate":false},"geometry":{"type":"Point","coordinates":[-62.597888,-17.017487]}},{"type":"Feature","properties":{"province":"Ñuflo De Chávez","municipality":"San Ramón","locality":"San Ramón","precinct_code":8,"precinct":"Esc. Central San Ramon","registered_2026":3335,"tables_2026":14,"coordinate_source":"OEP_GeoElectoral_2da_vuelta_2025","coordinate_year":2025,"match_method":"exact_municipality_locality_precinct","match_score":1,"coordinate_status":"official_2025_carried_forward","georeference_confidence":"high","metropolitan":false,"estimated_coordinate":false},"geometry":{"type":"Point","coordinates":[-62.499674,-16.614964]}},{"type":"Feature","properties":{"province":"Ñuflo De Chávez","municipality":"San Ramón","locality":"San Ramón","precinct_code":26428,"precinct":"U.E. Padre Ricardo Erl Huber","registered_2026":2073,"tables_2026":9,"coordinate_source":"OEP_GeoElectoral_2da_vuelta_2025","coordinate_year":2025,"match_method":"exact_municipality_locality_precinct","match_score":1,"coordinate_status":"official_2025_carried_forward","georeference_confidence":"high","metropolitan":false,"estimated_coordinate":false},"geometry":{"type":"Point","coordinates":[-62.493932,-16.61454]}},{"type":"Feature","properties":{"province":"Ñuflo De Chávez","municipality":"San Ramón","locality":"Santa Rosa de la Mina","precinct_code":22,"precinct":"Esc. Santa Rosa De La Mina","registered_2026":258,"tables_2026":1,"coordinate_source":"OEP_GeoElectoral_2da_vuelta_2025","coordinate_year":2025,"match_method":"exact_municipality_locality_precinct","match_score":1,"coordinate_status":"official_2025_carried_forward","georeference_confidence":"high","metropolitan":false,"estimated_coordinate":false},"geometry":{"type":"Point","coordinates":[-62.46406,-16.54375]}},{"type":"Feature","properties":{"province":"Obispo Santistéban","municipality":"Fernández Alonso","locality":"Aguaices","precinct_code":21048,"precinct":"U.E. 15 de agosto","registered_2026":434,"tables_2026":2,"coordinate_source":"OEP_GeoElectoral_2da_vuelta_2025","coordinate_year":2025,"match_method":"exact_municipality_locality_precinct","match_score":1,"coordinate_status":"official_2025_carried_forward","georeference_confidence":"high","metropolitan":false,"estimated_coordinate":false},"geometry":{"type":"Point","coordinates":[-63.310846,-16.896858]}},{"type":"Feature","properties":{"province":"Obispo Santistéban","municipality":"Fernández Alonso","locality":"Betania","precinct_code":1,"precinct":"U.E. 24 de septiembre","registered_2026":195,"tables_2026":1,"coordinate_source":"OEP_GeoElectoral_2da_vuelta_2025","coordinate_year":2025,"match_method":"exact_municipality_locality_precinct","match_score":1,"coordinate_status":"official_2025_carried_forward","georeference_confidence":"high","metropolitan":false,"estimated_coordinate":false},"geometry":{"type":"Point","coordinates":[-63.254748,-16.887313]}},{"type":"Feature","properties":{"province":"Obispo Santistéban","municipality":"Fernández Alonso","locality":"Chané Independencia","precinct_code":6025,"precinct":"U.E.  Independencia II","registered_2026":2609,"tables_2026":11,"coordinate_source":"OEP_GeoElectoral_2da_vuelta_2025","coordinate_year":2025,"match_method":"exact_municipality_locality_precinct","match_score":1,"coordinate_status":"official_2025_carried_forward","georeference_confidence":"high","metropolitan":false,"estimated_coordinate":false},"geometry":{"type":"Point","coordinates":[-63.219397,-16.967262]}},{"type":"Feature","properties":{"province":"Obispo Santistéban","municipality":"Fernández Alonso","locality":"Chané Magallanes","precinct_code":21025,"precinct":"Esc. Eduardo Avaroa","registered_2026":666,"tables_2026":3,"coordinate_source":"OEP_GeoElectoral_2da_vuelta_2025","coordinate_year":2025,"match_method":"exact_municipality_locality_precinct","match_score":1,"coordinate_status":"official_2025_carried_forward","georeference_confidence":"high","metropolitan":false,"estimated_coordinate":false},"geometry":{"type":"Point","coordinates":[-63.232138,-16.962872]}},{"type":"Feature","properties":{"province":"Obispo Santistéban","municipality":"Fernández Alonso","locality":"Puesto Fernández","precinct_code":26426,"precinct":"U.E. Bolivia","registered_2026":3829,"tables_2026":16,"coordinate_source":"OEP_GeoElectoral_2da_vuelta_2025","coordinate_year":2025,"match_method":"exact_municipality_locality_precinct","match_score":1,"coordinate_status":"official_2025_carried_forward","georeference_confidence":"high","metropolitan":false,"estimated_coordinate":false},"geometry":{"type":"Point","coordinates":[-63.224022,-17.01291]}},{"type":"Feature","properties":{"province":"Obispo Santistéban","municipality":"General Saavedra","locality":"Agua Dulce","precinct_code":25382,"precinct":"U.E. San Felix","registered_2026":106,"tables_2026":1,"coordinate_source":"OEP_2026_archivo_21_municipios","coordinate_year":2026,"match_method":"exact_municipality_locality_precinct","match_score":1,"coordinate_status":"official_2026_source_file","georeference_confidence":"high","metropolitan":false,"estimated_coordinate":false},"geometry":{"type":"Point","coordinates":[-63.168256,-17.227525]}},{"type":"Feature","properties":{"province":"Obispo Santistéban","municipality":"General Saavedra","locality":"Caimanes","precinct_code":21018,"precinct":"Esc. 1 de Septiembre","registered_2026":622,"tables_2026":3,"coordinate_source":"OEP_2026_archivo_21_municipios","coordinate_year":2026,"match_method":"exact_municipality_locality_precinct","match_score":1,"coordinate_status":"official_2026_source_file","georeference_confidence":"high","metropolitan":false,"estimated_coordinate":false},"geometry":{"type":"Point","coordinates":[-63.08397,-17.09076]}},{"type":"Feature","properties":{"province":"Obispo Santistéban","municipality":"General Saavedra","locality":"Chané Bedoya","precinct_code":21020,"precinct":"Esc. U.E. Chane Bedoya","registered_2026":403,"tables_2026":2,"coordinate_source":"OEP_2026_archivo_21_municipios","coordinate_year":2026,"match_method":"exact_municipality_locality_precinct","match_score":1,"coordinate_status":"official_2026_source_file","georeference_confidence":"high","metropolitan":false,"estimated_coordinate":false},"geometry":{"type":"Point","coordinates":[-63.085113,-17.011865]}},{"type":"Feature","properties":{"province":"Obispo Santistéban","municipality":"General Saavedra","locality":"Colonia Aroma","precinct_code":21020,"precinct":"Esc. U.E. Gualberto Villarroel","registered_2026":777,"tables_2026":4,"coordinate_source":"OEP_2026_archivo_21_municipios","coordinate_year":2026,"match_method":"exact_municipality_locality_precinct","match_score":1,"coordinate_status":"official_2026_source_file","georeference_confidence":"high","metropolitan":false,"estimated_coordinate":false},"geometry":{"type":"Point","coordinates":[-63.132408,-17.220344]}},{"type":"Feature","properties":{"province":"Obispo Santistéban","municipality":"General Saavedra","locality":"Cruz Soleto","precinct_code":25383,"precinct":"U.E. Arminda Mercado P.","registered_2026":141,"tables_2026":1,"coordinate_source":"OEP_2026_archivo_21_municipios","coordinate_year":2026,"match_method":"exact_municipality_locality_precinct","match_score":1,"coordinate_status":"official_2026_source_file","georeference_confidence":"high","metropolitan":false,"estimated_coordinate":false},"geometry":{"type":"Point","coordinates":[-63.278794,-17.220026]}},{"type":"Feature","properties":{"province":"Obispo Santistéban","municipality":"General Saavedra","locality":"Esterita","precinct_code":25381,"precinct":"U.E. Marcelo Quiroga Santa Cruz","registered_2026":406,"tables_2026":2,"coordinate_source":"OEP_2026_archivo_21_municipios","coordinate_year":2026,"match_method":"exact_municipality_locality_precinct","match_score":1,"coordinate_status":"official_2026_source_file","georeference_confidence":"high","metropolitan":false,"estimated_coordinate":false},"geometry":{"type":"Point","coordinates":[-63.252262,-17.283372]}},{"type":"Feature","properties":{"province":"Obispo Santistéban","municipality":"General Saavedra","locality":"General Saavedra","precinct_code":1017,"precinct":"Col. Principe De Paz","registered_2026":3906,"tables_2026":17,"coordinate_source":"OEP_2026_archivo_21_municipios","coordinate_year":2026,"match_method":"exact_municipality_locality_precinct","match_score":1,"coordinate_status":"official_2026_source_file","georeference_confidence":"high","metropolitan":false,"estimated_coordinate":false},"geometry":{"type":"Point","coordinates":[-63.21263,-17.22497]}},{"type":"Feature","properties":{"province":"Obispo Santistéban","municipality":"General Saavedra","locality":"General Saavedra","precinct_code":32349,"precinct":"U.E. Aura Hurtado","registered_2026":459,"tables_2026":2,"coordinate_source":"OEP_2026_archivo_21_municipios","coordinate_year":2026,"match_method":"exact_municipality_locality_precinct","match_score":1,"coordinate_status":"official_2026_source_file","georeference_confidence":"high","metropolitan":false,"estimated_coordinate":false},"geometry":{"type":"Point","coordinates":[-63.213344,-17.223044]}},{"type":"Feature","properties":{"province":"Obispo Santistéban","municipality":"General Saavedra","locality":"Pico de Monte","precinct_code":21021,"precinct":"Esc. Nucleo Central Nueva Esperanza","registered_2026":1283,"tables_2026":6,"coordinate_source":"OEP_2026_archivo_21_municipios","coordinate_year":2026,"match_method":"exact_municipality_locality_precinct","match_score":1,"coordinate_status":"official_2026_source_file","georeference_confidence":"high","metropolitan":false,"estimated_coordinate":false},"geometry":{"type":"Point","coordinates":[-63.21746,-17.16079]}},{"type":"Feature","properties":{"province":"Obispo Santistéban","municipality":"General Saavedra","locality":"Puente Caimanes","precinct_code":1038,"precinct":"U.E. Rvdo. Santiago Courneen","registered_2026":479,"tables_2026":2,"coordinate_source":"OEP_2026_archivo_21_municipios","coordinate_year":2026,"match_method":"exact_municipality_locality_precinct","match_score":1,"coordinate_status":"official_2026_source_file","georeference_confidence":"high","metropolitan":false,"estimated_coordinate":false},"geometry":{"type":"Point","coordinates":[-63.07765,-17.07392]}},{"type":"Feature","properties":{"province":"Obispo Santistéban","municipality":"General Saavedra","locality":"San Juan de los Amarillos","precinct_code":21022,"precinct":"Esc. Nucleo  Mariscal Sucre","registered_2026":1169,"tables_2026":5,"coordinate_source":"OEP_2026_archivo_21_municipios","coordinate_year":2026,"match_method":"exact_municipality_locality_precinct","match_score":1,"coordinate_status":"official_2026_source_file","georeference_confidence":"high","metropolitan":false,"estimated_coordinate":false},"geometry":{"type":"Point","coordinates":[-63.12855,-17.10982]}},{"type":"Feature","properties":{"province":"Obispo Santistéban","municipality":"General Saavedra","locality":"San Lorenzo","precinct_code":25384,"precinct":"U.E. 10 de Agosto","registered_2026":153,"tables_2026":1,"coordinate_source":"OEP_2026_archivo_21_municipios","coordinate_year":2026,"match_method":"exact_municipality_locality_precinct","match_score":1,"coordinate_status":"official_2026_source_file","georeference_confidence":"high","metropolitan":false,"estimated_coordinate":false},"geometry":{"type":"Point","coordinates":[-63.174745,-17.095372]}},{"type":"Feature","properties":{"province":"Obispo Santistéban","municipality":"Mineros","locality":"Alianza","precinct_code":25379,"precinct":"U.E. Alianza El Progreso","registered_2026":432,"tables_2026":2,"coordinate_source":"OEP_GeoElectoral_2da_vuelta_2025","coordinate_year":2025,"match_method":"exact_municipality_locality_precinct","match_score":1,"coordinate_status":"official_2025_carried_forward","georeference_confidence":"high","metropolitan":false,"estimated_coordinate":false},"geometry":{"type":"Point","coordinates":[-63.221932,-17.04969]}},{"type":"Feature","properties":{"province":"Obispo Santistéban","municipality":"Mineros","locality":"Chuchial","precinct_code":25380,"precinct":"U.E. 24 de Junio","registered_2026":155,"tables_2026":1,"coordinate_source":"OEP_GeoElectoral_2da_vuelta_2025","coordinate_year":2025,"match_method":"exact_municipality_locality_precinct","match_score":1,"coordinate_status":"official_2025_carried_forward","georeference_confidence":"high","metropolitan":false,"estimated_coordinate":false},"geometry":{"type":"Point","coordinates":[-63.379794,-17.017444]}},{"type":"Feature","properties":{"province":"Obispo Santistéban","municipality":"Mineros","locality":"La Patria","precinct_code":1,"precinct":"Esc. La Patria","registered_2026":313,"tables_2026":2,"coordinate_source":"OEP_GeoElectoral_2da_vuelta_2025","coordinate_year":2025,"match_method":"exact_municipality_locality_precinct","match_score":1,"coordinate_status":"official_2025_carried_forward","georeference_confidence":"high","metropolitan":false,"estimated_coordinate":false},"geometry":{"type":"Point","coordinates":[-63.339413,-17.124592]}},{"type":"Feature","properties":{"province":"Obispo Santistéban","municipality":"Mineros","locality":"La Porfía","precinct_code":1029,"precinct":"Esc. Sub. Central la Porfia","registered_2026":592,"tables_2026":3,"coordinate_source":"OEP_GeoElectoral_2da_vuelta_2025","coordinate_year":2025,"match_method":"exact_municipality_locality_precinct","match_score":1,"coordinate_status":"official_2025_carried_forward","georeference_confidence":"high","metropolitan":false,"estimated_coordinate":false},"geometry":{"type":"Point","coordinates":[-63.151149,-17.056683]}},{"type":"Feature","properties":{"province":"Obispo Santistéban","municipality":"Mineros","locality":"Las Marotas","precinct_code":6040,"precinct":"U.E. 21 de Junio","registered_2026":37,"tables_2026":1,"coordinate_source":"OEP_GeoElectoral_2da_vuelta_2025","coordinate_year":2025,"match_method":"exact_municipality_locality_precinct","match_score":1,"coordinate_status":"official_2025_carried_forward","georeference_confidence":"high","metropolitan":false,"estimated_coordinate":false},"geometry":{"type":"Point","coordinates":[-63.360886,-17.010111]}},{"type":"Feature","properties":{"province":"Obispo Santistéban","municipality":"Mineros","locality":"Mineros","precinct_code":21023,"precinct":"Esc. Nucleo Central Minero","registered_2026":8776,"tables_2026":37,"coordinate_source":"OEP_GeoElectoral_2da_vuelta_2025","coordinate_year":2025,"match_method":"exact_municipality_locality_precinct","match_score":1,"coordinate_status":"official_2025_carried_forward","georeference_confidence":"high","metropolitan":false,"estimated_coordinate":false},"geometry":{"type":"Point","coordinates":[-63.233989,-17.113123]}},{"type":"Feature","properties":{"province":"Obispo Santistéban","municipality":"Mineros","locality":"Mineros","precinct_code":25457,"precinct":"U.E. Alice Alvarez De Aredondo I","registered_2026":1546,"tables_2026":7,"coordinate_source":"OEP_GeoElectoral_2da_vuelta_2025","coordinate_year":2025,"match_method":"exact_municipality_locality_precinct","match_score":1,"coordinate_status":"official_2025_carried_forward","georeference_confidence":"high","metropolitan":false,"estimated_coordinate":false},"geometry":{"type":"Point","coordinates":[-63.230644,-17.118638]}},{"type":"Feature","properties":{"province":"Obispo Santistéban","municipality":"Mineros","locality":"Mineros","precinct_code":25458,"precinct":"U.E. Benjamin Banegas Vaca","registered_2026":2007,"tables_2026":9,"coordinate_source":"OEP_GeoElectoral_2da_vuelta_2025","coordinate_year":2025,"match_method":"exact_municipality_locality_precinct","match_score":1,"coordinate_status":"official_2025_carried_forward","georeference_confidence":"high","metropolitan":false,"estimated_coordinate":false},"geometry":{"type":"Point","coordinates":[-63.228782,-17.125899]}},{"type":"Feature","properties":{"province":"Obispo Santistéban","municipality":"Mineros","locality":"Mineros","precinct_code":26382,"precinct":"U.E. Eulogio Arredondo Coimbra (Mod. Juan Evo Morales Ayma)","registered_2026":1045,"tables_2026":5,"coordinate_source":"OEP_GeoElectoral_2da_vuelta_2025","coordinate_year":2025,"match_method":"exact_municipality_locality_precinct","match_score":1,"coordinate_status":"official_2025_carried_forward","georeference_confidence":"high","metropolitan":false,"estimated_coordinate":false},"geometry":{"type":"Point","coordinates":[-63.234368,-17.12742]}},{"type":"Feature","properties":{"province":"Obispo Santistéban","municipality":"Mineros","locality":"Pueblo Nuevo","precinct_code":1,"precinct":"Esc. Las Palmas","registered_2026":485,"tables_2026":2,"coordinate_source":"OEP_GeoElectoral_2da_vuelta_2025","coordinate_year":2025,"match_method":"exact_municipality_locality_precinct","match_score":1,"coordinate_status":"official_2025_carried_forward","georeference_confidence":"high","metropolitan":false,"estimated_coordinate":false},"geometry":{"type":"Point","coordinates":[-63.276891,-17.078594]}},{"type":"Feature","properties":{"province":"Obispo Santistéban","municipality":"Mineros","locality":"San Juan del Carmen","precinct_code":1,"precinct":"U.E. Francisco Pedraza","registered_2026":128,"tables_2026":1,"coordinate_source":"OEP_GeoElectoral_2da_vuelta_2025","coordinate_year":2025,"match_method":"exact_municipality_locality_precinct","match_score":1,"coordinate_status":"official_2025_carried_forward","georeference_confidence":"high","metropolitan":false,"estimated_coordinate":false},"geometry":{"type":"Point","coordinates":[-63.187292,-17.098428]}},{"type":"Feature","properties":{"province":"Obispo Santistéban","municipality":"Montero","locality":"Montero","precinct_code":1000,"precinct":"U.E. Plena René Moreno Montero","registered_2026":2813,"tables_2026":12,"coordinate_source":"OEP_2026_archivo_21_municipios","coordinate_year":2026,"match_method":"exact_municipality_locality_precinct","match_score":1,"coordinate_status":"official_2026_source_file","georeference_confidence":"high","metropolitan":false,"estimated_coordinate":false},"geometry":{"type":"Point","coordinates":[-63.25811,-17.33856]}},{"type":"Feature","properties":{"province":"Obispo Santistéban","municipality":"Montero","locality":"Montero","precinct_code":1002,"precinct":"Col. Guillermo Kruegler","registered_2026":3228,"tables_2026":14,"coordinate_source":"OEP_2026_archivo_21_municipios","coordinate_year":2026,"match_method":"exact_municipality_locality_precinct","match_score":1,"coordinate_status":"official_2026_source_file","georeference_confidence":"high","metropolitan":false,"estimated_coordinate":false},"geometry":{"type":"Point","coordinates":[-63.262484,-17.34654]}},{"type":"Feature","properties":{"province":"Obispo Santistéban","municipality":"Montero","locality":"Montero","precinct_code":1003,"precinct":"Col. Daniel Rivero","registered_2026":6779,"tables_2026":29,"coordinate_source":"OEP_2026_archivo_21_municipios","coordinate_year":2026,"match_method":"exact_municipality_locality_precinct","match_score":1,"coordinate_status":"official_2026_source_file","georeference_confidence":"high","metropolitan":false,"estimated_coordinate":false},"geometry":{"type":"Point","coordinates":[-63.244606,-17.341276]}},{"type":"Feature","properties":{"province":"Obispo Santistéban","municipality":"Montero","locality":"Montero","precinct_code":1004,"precinct":"U.E. Virgen de Cotoca Fe y Alegria","registered_2026":3287,"tables_2026":14,"coordinate_source":"OEP_2026_archivo_21_municipios","coordinate_year":2026,"match_method":"exact_municipality_locality_precinct","match_score":1,"coordinate_status":"official_2026_source_file","georeference_confidence":"high","metropolitan":false,"estimated_coordinate":false},"geometry":{"type":"Point","coordinates":[-63.258978,-17.342489]}},{"type":"Feature","properties":{"province":"Obispo Santistéban","municipality":"Montero","locality":"Montero","precinct_code":1009,"precinct":"Col. Marcos Chavez","registered_2026":2787,"tables_2026":12,"coordinate_source":"OEP_2026_archivo_21_municipios","coordinate_year":2026,"match_method":"exact_municipality_locality_precinct","match_score":1,"coordinate_status":"official_2026_source_file","georeference_confidence":"high","metropolitan":false,"estimated_coordinate":false},"geometry":{"type":"Point","coordinates":[-63.24632,-17.35353]}},{"type":"Feature","properties":{"province":"Obispo Santistéban","municipality":"Montero","locality":"Montero","precinct_code":1011,"precinct":"Col. Eduardo Abaroa","registered_2026":2288,"tables_2026":10,"coordinate_source":"OEP_2026_archivo_21_municipios","coordinate_year":2026,"match_method":"exact_municipality_locality_precinct","match_score":1,"coordinate_status":"official_2026_source_file","georeference_confidence":"high","metropolitan":false,"estimated_coordinate":false},"geometry":{"type":"Point","coordinates":[-63.247679,-17.349105]}},{"type":"Feature","properties":{"province":"Obispo Santistéban","municipality":"Montero","locality":"Montero","precinct_code":21005,"precinct":"U.E. Marceliano Montero","registered_2026":4151,"tables_2026":18,"coordinate_source":"OEP_2026_archivo_21_municipios","coordinate_year":2026,"match_method":"exact_municipality_locality_precinct","match_score":1,"coordinate_status":"official_2026_source_file","georeference_confidence":"high","metropolitan":false,"estimated_coordinate":false},"geometry":{"type":"Point","coordinates":[-63.254125,-17.347147]}},{"type":"Feature","properties":{"province":"Obispo Santistéban","municipality":"Montero","locality":"Montero","precinct_code":21006,"precinct":"Col. Victor Salvatierra","registered_2026":2294,"tables_2026":10,"coordinate_source":"OEP_2026_archivo_21_municipios","coordinate_year":2026,"match_method":"exact_municipality_locality_precinct","match_score":1,"coordinate_status":"official_2026_source_file","georeference_confidence":"high","metropolitan":false,"estimated_coordinate":false},"geometry":{"type":"Point","coordinates":[-63.253661,-17.341555]}},{"type":"Feature","properties":{"province":"Obispo Santistéban","municipality":"Montero","locality":"Montero","precinct_code":21008,"precinct":"Col. Simon Bolivar","registered_2026":1758,"tables_2026":8,"coordinate_source":"OEP_2026_archivo_21_municipios","coordinate_year":2026,"match_method":"exact_municipality_locality_precinct","match_score":1,"coordinate_status":"official_2026_source_file","georeference_confidence":"high","metropolitan":false,"estimated_coordinate":false},"geometry":{"type":"Point","coordinates":[-63.258205,-17.349807]}},{"type":"Feature","properties":{"province":"Obispo Santistéban","municipality":"Montero","locality":"Montero","precinct_code":21010,"precinct":"Col. Jose Cronembol","registered_2026":3673,"tables_2026":16,"coordinate_source":"OEP_2026_archivo_21_municipios","coordinate_year":2026,"match_method":"exact_municipality_locality_precinct","match_score":1,"coordinate_status":"official_2026_source_file","georeference_confidence":"high","metropolitan":false,"estimated_coordinate":false},"geometry":{"type":"Point","coordinates":[-63.25688,-17.35259]}},{"type":"Feature","properties":{"province":"Obispo Santistéban","municipality":"Montero","locality":"Montero","precinct_code":21012,"precinct":"Col. Rafael Terrazas","registered_2026":1901,"tables_2026":8,"coordinate_source":"OEP_2026_archivo_21_municipios","coordinate_year":2026,"match_method":"exact_municipality_locality_precinct","match_score":1,"coordinate_status":"official_2026_source_file","georeference_confidence":"high","metropolitan":false,"estimated_coordinate":false},"geometry":{"type":"Point","coordinates":[-63.259418,-17.338858]}},{"type":"Feature","properties":{"province":"Obispo Santistéban","municipality":"Montero","locality":"Montero","precinct_code":21013,"precinct":"U.E. Maximiliano Kolbe","registered_2026":5276,"tables_2026":22,"coordinate_source":"OEP_2026_archivo_21_municipios","coordinate_year":2026,"match_method":"exact_municipality_locality_precinct","match_score":1,"coordinate_status":"official_2026_source_file","georeference_confidence":"high","metropolitan":false,"estimated_coordinate":false},"geometry":{"type":"Point","coordinates":[-63.26949,-17.335032]}},{"type":"Feature","properties":{"province":"Obispo Santistéban","municipality":"Montero","locality":"Montero","precinct_code":21044,"precinct":"Col. Unidad Educativa La Esperanza","registered_2026":3337,"tables_2026":14,"coordinate_source":"OEP_2026_archivo_21_municipios","coordinate_year":2026,"match_method":"exact_municipality_locality_precinct","match_score":1,"coordinate_status":"official_2026_source_file","georeference_confidence":"high","metropolitan":false,"estimated_coordinate":false},"geometry":{"type":"Point","coordinates":[-63.239728,-17.352619]}},{"type":"Feature","properties":{"province":"Obispo Santistéban","municipality":"Montero","locality":"Montero","precinct_code":21045,"precinct":"Col. Unidad Educativa Villa Virginia","registered_2026":2802,"tables_2026":12,"coordinate_source":"OEP_2026_archivo_21_municipios","coordinate_year":2026,"match_method":"exact_municipality_locality_precinct","match_score":1,"coordinate_status":"official_2026_source_file","georeference_confidence":"high","metropolitan":false,"estimated_coordinate":false},"geometry":{"type":"Point","coordinates":[-63.237336,-17.338106]}},{"type":"Feature","properties":{"province":"Obispo Santistéban","municipality":"Montero","locality":"Montero","precinct_code":21046,"precinct":"Col. Franz Tamayo","registered_2026":3786,"tables_2026":16,"coordinate_source":"OEP_2026_archivo_21_municipios","coordinate_year":2026,"match_method":"exact_municipality_locality_precinct","match_score":1,"coordinate_status":"official_2026_source_file","georeference_confidence":"high","metropolitan":false,"estimated_coordinate":false},"geometry":{"type":"Point","coordinates":[-63.225747,-17.343984]}},{"type":"Feature","properties":{"province":"Obispo Santistéban","municipality":"Montero","locality":"Montero","precinct_code":21047,"precinct":"Col. Angel Limpias","registered_2026":3818,"tables_2026":16,"coordinate_source":"OEP_2026_archivo_21_municipios","coordinate_year":2026,"match_method":"exact_municipality_locality_precinct","match_score":1,"coordinate_status":"official_2026_source_file","georeference_confidence":"high","metropolitan":false,"estimated_coordinate":false},"geometry":{"type":"Point","coordinates":[-63.234855,-17.344556]}},{"type":"Feature","properties":{"province":"Obispo Santistéban","municipality":"Montero","locality":"Montero","precinct_code":21049,"precinct":"Col. U.E. Montecristo","registered_2026":2553,"tables_2026":11,"coordinate_source":"OEP_2026_archivo_21_municipios","coordinate_year":2026,"match_method":"exact_municipality_locality_precinct","match_score":1,"coordinate_status":"official_2026_source_file","georeference_confidence":"high","metropolitan":false,"estimated_coordinate":false},"geometry":{"type":"Point","coordinates":[-63.268056,-17.34976]}},{"type":"Feature","properties":{"province":"Obispo Santistéban","municipality":"Montero","locality":"Montero","precinct_code":21050,"precinct":"Col. U.E. Elvira Frias","registered_2026":6075,"tables_2026":26,"coordinate_source":"OEP_2026_archivo_21_municipios","coordinate_year":2026,"match_method":"exact_municipality_locality_precinct","match_score":1,"coordinate_status":"official_2026_source_file","georeference_confidence":"high","metropolitan":false,"estimated_coordinate":false},"geometry":{"type":"Point","coordinates":[-63.250157,-17.330133]}},{"type":"Feature","properties":{"province":"Obispo Santistéban","municipality":"Montero","locality":"Montero","precinct_code":21051,"precinct":"Col. San Jose Obrero","registered_2026":4936,"tables_2026":21,"coordinate_source":"OEP_2026_archivo_21_municipios","coordinate_year":2026,"match_method":"exact_municipality_locality_precinct","match_score":1,"coordinate_status":"official_2026_source_file","georeference_confidence":"high","metropolitan":false,"estimated_coordinate":false},"geometry":{"type":"Point","coordinates":[-63.240223,-17.345985]}},{"type":"Feature","properties":{"province":"Obispo Santistéban","municipality":"Montero","locality":"Montero","precinct_code":21052,"precinct":"(Cárcel) Cárcel Pública de Montero","registered_2026":570,"tables_2026":3,"coordinate_source":"OEP_2026_archivo_21_municipios","coordinate_year":2026,"match_method":"exact_municipality_locality_precinct","match_score":1,"coordinate_status":"official_2026_source_file","georeference_confidence":"high","metropolitan":false,"estimated_coordinate":false},"geometry":{"type":"Point","coordinates":[-63.208493,-17.311191]}},{"type":"Feature","properties":{"province":"Obispo Santistéban","municipality":"Montero","locality":"Montero","precinct_code":21053,"precinct":"U.E. Nuevo Milenio","registered_2026":1430,"tables_2026":6,"coordinate_source":"OEP_2026_archivo_21_municipios","coordinate_year":2026,"match_method":"exact_municipality_locality_precinct","match_score":1,"coordinate_status":"official_2026_source_file","georeference_confidence":"high","metropolitan":false,"estimated_coordinate":false},"geometry":{"type":"Point","coordinates":[-63.246956,-17.320771]}},{"type":"Feature","properties":{"province":"Obispo Santistéban","municipality":"Montero","locality":"Montero","precinct_code":21054,"precinct":"U.E. 12 de Abril","registered_2026":1207,"tables_2026":5,"coordinate_source":"OEP_2026_archivo_21_municipios","coordinate_year":2026,"match_method":"exact_municipality_locality_precinct","match_score":1,"coordinate_status":"official_2026_source_file","georeference_confidence":"high","metropolitan":false,"estimated_coordinate":false},"geometry":{"type":"Point","coordinates":[-63.278733,-17.336092]}},{"type":"Feature","properties":{"province":"Obispo Santistéban","municipality":"Montero","locality":"Montero","precinct_code":21055,"precinct":"U.E. San Silvestre","registered_2026":2392,"tables_2026":10,"coordinate_source":"OEP_2026_archivo_21_municipios","coordinate_year":2026,"match_method":"exact_municipality_locality_precinct","match_score":1,"coordinate_status":"official_2026_source_file","georeference_confidence":"high","metropolitan":false,"estimated_coordinate":false},"geometry":{"type":"Point","coordinates":[-63.241684,-17.33179]}},{"type":"Feature","properties":{"province":"Obispo Santistéban","municipality":"Montero","locality":"Montero","precinct_code":25459,"precinct":"U.E. Juancito Pinto","registered_2026":2693,"tables_2026":12,"coordinate_source":"OEP_2026_archivo_21_municipios","coordinate_year":2026,"match_method":"exact_municipality_locality_precinct","match_score":1,"coordinate_status":"official_2026_source_file","georeference_confidence":"high","metropolitan":false,"estimated_coordinate":false},"geometry":{"type":"Point","coordinates":[-63.2791,-17.352029]}},{"type":"Feature","properties":{"province":"Obispo Santistéban","municipality":"Montero","locality":"Montero","precinct_code":25460,"precinct":"U.E. Santa Rosita","registered_2026":401,"tables_2026":2,"coordinate_source":"OEP_2026_archivo_21_municipios","coordinate_year":2026,"match_method":"exact_municipality_locality_precinct","match_score":1,"coordinate_status":"official_2026_source_file","georeference_confidence":"high","metropolitan":false,"estimated_coordinate":false},"geometry":{"type":"Point","coordinates":[-63.274899,-17.308308]}},{"type":"Feature","properties":{"province":"Obispo Santistéban","municipality":"Montero","locality":"Montero","precinct_code":25461,"precinct":"U.E. San Ramon de La Vibora","registered_2026":936,"tables_2026":4,"coordinate_source":"OEP_2026_archivo_21_municipios","coordinate_year":2026,"match_method":"exact_municipality_locality_precinct","match_score":1,"coordinate_status":"official_2026_source_file","georeference_confidence":"high","metropolitan":false,"estimated_coordinate":false},"geometry":{"type":"Point","coordinates":[-63.266569,-17.332635]}},{"type":"Feature","properties":{"province":"Obispo Santistéban","municipality":"Montero","locality":"Montero","precinct_code":32271,"precinct":"U.E. Villa Copacabana","registered_2026":325,"tables_2026":2,"coordinate_source":"OEP_2026_archivo_21_municipios","coordinate_year":2026,"match_method":"exact_municipality_locality_precinct","match_score":1,"coordinate_status":"official_2026_source_file","georeference_confidence":"high","metropolitan":false,"estimated_coordinate":false},"geometry":{"type":"Point","coordinates":[-63.250398,-17.386782]}},{"type":"Feature","properties":{"province":"Obispo Santistéban","municipality":"Montero","locality":"Montero","precinct_code":32350,"precinct":"U.E. Boliviano Alemán","registered_2026":244,"tables_2026":1,"coordinate_source":"OEP_2026_archivo_21_municipios","coordinate_year":2026,"match_method":"exact_municipality_locality_precinct","match_score":1,"coordinate_status":"official_2026_source_file","georeference_confidence":"high","metropolitan":false,"estimated_coordinate":false},"geometry":{"type":"Point","coordinates":[-63.227102,-17.351503]}},{"type":"Feature","properties":{"province":"Obispo Santistéban","municipality":"Montero","locality":"Naicó","precinct_code":21015,"precinct":"U.E. Naico","registered_2026":307,"tables_2026":2,"coordinate_source":"OEP_2026_archivo_21_municipios","coordinate_year":2026,"match_method":"exact_municipality_locality_precinct","match_score":1,"coordinate_status":"official_2026_source_file","georeference_confidence":"high","metropolitan":false,"estimated_coordinate":false},"geometry":{"type":"Point","coordinates":[-63.29303,-17.234616]}},{"type":"Feature","properties":{"province":"Obispo Santistéban","municipality":"Montero","locality":"Villa Fátima (Guabirá)","precinct_code":1016,"precinct":"Col. Juan Zabala","registered_2026":3509,"tables_2026":15,"coordinate_source":"OEP_2026_archivo_21_municipios","coordinate_year":2026,"match_method":"exact_municipality_locality_precinct","match_score":1,"coordinate_status":"official_2026_source_file","georeference_confidence":"high","metropolitan":false,"estimated_coordinate":false},"geometry":{"type":"Point","coordinates":[-63.27181,-17.313657]}},{"type":"Feature","properties":{"province":"Obispo Santistéban","municipality":"Montero","locality":"Villa Fátima (Guabirá)","precinct_code":21015,"precinct":"Col. Nacional Guabira","registered_2026":4328,"tables_2026":18,"coordinate_source":"OEP_2026_archivo_21_municipios","coordinate_year":2026,"match_method":"exact_municipality_locality_precinct","match_score":1,"coordinate_status":"official_2026_source_file","georeference_confidence":"high","metropolitan":false,"estimated_coordinate":false},"geometry":{"type":"Point","coordinates":[-63.266133,-17.307656]}},{"type":"Feature","properties":{"province":"Obispo Santistéban","municipality":"Montero","locality":"Villa Fátima (Guabirá)","precinct_code":26427,"precinct":"U.E. Gladys Moreno","registered_2026":2722,"tables_2026":12,"coordinate_source":"OEP_2026_archivo_21_municipios","coordinate_year":2026,"match_method":"exact_municipality_locality_precinct","match_score":1,"coordinate_status":"official_2026_source_file","georeference_confidence":"high","metropolitan":false,"estimated_coordinate":false},"geometry":{"type":"Point","coordinates":[-63.278515,-17.30987]}},{"type":"Feature","properties":{"province":"Obispo Santistéban","municipality":"San Pedro","locality":"Canandoa","precinct_code":21040,"precinct":"U.E. Profesor Jose Cabrera R.","registered_2026":513,"tables_2026":3,"coordinate_source":"OEP_GeoElectoral_2da_vuelta_2025","coordinate_year":2025,"match_method":"exact_municipality_locality_precinct","match_score":1,"coordinate_status":"official_2025_carried_forward","georeference_confidence":"high","metropolitan":false,"estimated_coordinate":false},"geometry":{"type":"Point","coordinates":[-63.864121,-16.405239]}},{"type":"Feature","properties":{"province":"Obispo Santistéban","municipality":"San Pedro","locality":"Colonia Calama","precinct_code":21026,"precinct":"Esc. Seccional Litoral","registered_2026":363,"tables_2026":2,"coordinate_source":"OEP_GeoElectoral_2da_vuelta_2025","coordinate_year":2025,"match_method":"exact_municipality_locality_precinct","match_score":1,"coordinate_status":"official_2025_carried_forward","georeference_confidence":"high","metropolitan":false,"estimated_coordinate":false},"geometry":{"type":"Point","coordinates":[-63.57311,-16.72976]}},{"type":"Feature","properties":{"province":"Obispo Santistéban","municipality":"San Pedro","locality":"Colonia Piraí","precinct_code":6028,"precinct":"Esc. 9 de Abril","registered_2026":939,"tables_2026":4,"coordinate_source":"OEP_GeoElectoral_2da_vuelta_2025","coordinate_year":2025,"match_method":"exact_municipality_locality_precinct","match_score":1,"coordinate_status":"official_2025_carried_forward","georeference_confidence":"high","metropolitan":false,"estimated_coordinate":false},"geometry":{"type":"Point","coordinates":[-63.712718,-16.522822]}},{"type":"Feature","properties":{"province":"Obispo Santistéban","municipality":"San Pedro","locality":"Hardeman","precinct_code":1028,"precinct":"Esc. Padre Remo Prandini Viotti","registered_2026":1379,"tables_2026":6,"coordinate_source":"OEP_GeoElectoral_2da_vuelta_2025","coordinate_year":2025,"match_method":"exact_municipality_locality_precinct","match_score":1,"coordinate_status":"official_2025_carried_forward","georeference_confidence":"high","metropolitan":false,"estimated_coordinate":false},"geometry":{"type":"Point","coordinates":[-63.61466,-16.673664]}},{"type":"Feature","properties":{"province":"Obispo Santistéban","municipality":"San Pedro","locality":"Murillo","precinct_code":1030,"precinct":"U.E. Pedro Domingo Murillo","registered_2026":262,"tables_2026":2,"coordinate_source":"OEP_GeoElectoral_2da_vuelta_2025","coordinate_year":2025,"match_method":"exact_municipality_locality_precinct","match_score":1,"coordinate_status":"official_2025_carried_forward","georeference_confidence":"high","metropolitan":false,"estimated_coordinate":false},"geometry":{"type":"Point","coordinates":[-63.550268,-16.755574]}},{"type":"Feature","properties":{"province":"Obispo Santistéban","municipality":"San Pedro","locality":"Peta Grande","precinct_code":1,"precinct":"U.E. 8 de Octubre","registered_2026":193,"tables_2026":1,"coordinate_source":"OEP_GeoElectoral_2da_vuelta_2025","coordinate_year":2025,"match_method":"exact_municipality_locality_precinct","match_score":1,"coordinate_status":"official_2025_carried_forward","georeference_confidence":"high","metropolitan":false,"estimated_coordinate":false},"geometry":{"type":"Point","coordinates":[-64.042632,-16.181205]}},{"type":"Feature","properties":{"province":"Obispo Santistéban","municipality":"San Pedro","locality":"Sagrado Corazón","precinct_code":21032,"precinct":"Esc. Fe y Alegria Tito Boltan","registered_2026":1150,"tables_2026":5,"coordinate_source":"OEP_GeoElectoral_2da_vuelta_2025","coordinate_year":2025,"match_method":"exact_municipality_locality_precinct","match_score":1,"coordinate_status":"official_2025_carried_forward","georeference_confidence":"high","metropolitan":false,"estimated_coordinate":false},"geometry":{"type":"Point","coordinates":[-63.431731,-16.849471]}},{"type":"Feature","properties":{"province":"Obispo Santistéban","municipality":"San Pedro","locality":"San José del Norte","precinct_code":21033,"precinct":"Esc. Obispo Santisteban","registered_2026":717,"tables_2026":3,"coordinate_source":"OEP_GeoElectoral_2da_vuelta_2025","coordinate_year":2025,"match_method":"exact_municipality_locality_precinct","match_score":1,"coordinate_status":"official_2025_carried_forward","georeference_confidence":"high","metropolitan":false,"estimated_coordinate":false},"geometry":{"type":"Point","coordinates":[-63.382851,-16.84942]}},{"type":"Feature","properties":{"province":"Obispo Santistéban","municipality":"San Pedro","locality":"San Pedro (Santistevan)","precinct_code":21034,"precinct":"Esc. Fe y Alegria","registered_2026":2431,"tables_2026":11,"coordinate_source":"OEP_GeoElectoral_2da_vuelta_2025","coordinate_year":2025,"match_method":"exact_municipality_locality_precinct","match_score":1,"coordinate_status":"official_2025_carried_forward","georeference_confidence":"high","metropolitan":false,"estimated_coordinate":false},"geometry":{"type":"Point","coordinates":[-63.48004,-16.825412]}},{"type":"Feature","properties":{"province":"Obispo Santistéban","municipality":"San Pedro","locality":"San Silvestre","precinct_code":21035,"precinct":"Esc. San Silvestre","registered_2026":176,"tables_2026":1,"coordinate_source":"OEP_GeoElectoral_2da_vuelta_2025","coordinate_year":2025,"match_method":"exact_municipality_locality_precinct","match_score":1,"coordinate_status":"official_2025_carried_forward","georeference_confidence":"high","metropolitan":false,"estimated_coordinate":false},"geometry":{"type":"Point","coordinates":[-63.336297,-16.87776]}},{"type":"Feature","properties":{"province":"Obispo Santistéban","municipality":"San Pedro","locality":"Villa Rosario","precinct_code":21037,"precinct":"Esc. Villa Rosario","registered_2026":356,"tables_2026":2,"coordinate_source":"OEP_GeoElectoral_2da_vuelta_2025","coordinate_year":2025,"match_method":"exact_municipality_locality_precinct","match_score":1,"coordinate_status":"official_2025_carried_forward","georeference_confidence":"high","metropolitan":false,"estimated_coordinate":false},"geometry":{"type":"Point","coordinates":[-63.426294,-16.93978]}},{"type":"Feature","properties":{"province":"Sara","municipality":"Colpa Bélgica","locality":"Colpa","precinct_code":22004,"precinct":"Esc. Republica Del Brasil","registered_2026":1398,"tables_2026":6,"coordinate_source":"OEP_GeoElectoral_2da_vuelta_2025","coordinate_year":2025,"match_method":"exact_municipality_locality_precinct","match_score":1,"coordinate_status":"official_2025_carried_forward","georeference_confidence":"high","metropolitan":false,"estimated_coordinate":false},"geometry":{"type":"Point","coordinates":[-63.230186,-17.56974]}},{"type":"Feature","properties":{"province":"Sara","municipality":"Colpa Bélgica","locality":"Comunidad Campesina Nueva Cuba","precinct_code":32427,"precinct":"U.E. Roberto Barbery Paz","registered_2026":52,"tables_2026":1,"coordinate_source":"OpenStreetMap (localidad Nueva Cuba)","coordinate_year":null,"match_method":"locality_centroid_estimate","match_score":null,"coordinate_status":"estimated_not_official_precinct_point","georeference_confidence":"medium","official_2026_address":"Comunidad Nueva Cuba, calle innominada","coordinate_source_url":"https://www.openstreetmap.org/node/5362758267","coordinate_source_feature":"place=village; OSM node 5362758267","metropolitan":false,"estimated_coordinate":true},"geometry":{"type":"Point","coordinates":[-63.240911,-17.500798]}},{"type":"Feature","properties":{"province":"Sara","municipality":"Colpa Bélgica","locality":"Comunidad Campesina Tarope","precinct_code":32426,"precinct":"U.E. Víctor Herrera Gonzales","registered_2026":94,"tables_2026":1,"coordinate_source":"OpenStreetMap (localidad Tarope)","coordinate_year":null,"match_method":"locality_centroid_estimate","match_score":null,"coordinate_status":"estimated_not_official_precinct_point","georeference_confidence":"medium","official_2026_address":"Tarope, calle Claudio Algarañaz Herrera","coordinate_source_url":"https://www.openstreetmap.org/way/413233973","coordinate_source_feature":"place=village; OSM way 413233973","metropolitan":false,"estimated_coordinate":true},"geometry":{"type":"Point","coordinates":[-63.3453932,-17.5983011]}},{"type":"Feature","properties":{"province":"Sara","municipality":"Colpa Bélgica","locality":"El Cedro","precinct_code":25848,"precinct":"U.E. Orlando Rivero Vargas","registered_2026":258,"tables_2026":1,"coordinate_source":"OEP_GeoElectoral_2da_vuelta_2025","coordinate_year":2025,"match_method":"exact_municipality_locality_precinct","match_score":1,"coordinate_status":"official_2025_carried_forward","georeference_confidence":"high","metropolitan":false,"estimated_coordinate":false},"geometry":{"type":"Point","coordinates":[-63.33,-17.559]}},{"type":"Feature","properties":{"province":"Sara","municipality":"Colpa Bélgica","locality":"La Bélgica","precinct_code":25678,"precinct":"U.E. Hans Bottler Bowles","registered_2026":2398,"tables_2026":10,"coordinate_source":"OEP_GeoElectoral_2da_vuelta_2025","coordinate_year":2025,"match_method":"exact_municipality_locality_precinct","match_score":1,"coordinate_status":"official_2025_carried_forward","georeference_confidence":"high","metropolitan":false,"estimated_coordinate":false},"geometry":{"type":"Point","coordinates":[-63.230971,-17.568897]}},{"type":"Feature","properties":{"province":"Sara","municipality":"Colpa Bélgica","locality":"La Bélgica","precinct_code":32103,"precinct":"U. E. Sergio Vaca Velasco","registered_2026":280,"tables_2026":2,"coordinate_source":"OEP_GeoElectoral_2da_vuelta_2025","coordinate_year":2025,"match_method":"exact_municipality_locality_precinct","match_score":1,"coordinate_status":"official_2025_carried_forward","georeference_confidence":"high","metropolitan":false,"estimated_coordinate":false},"geometry":{"type":"Point","coordinates":[-63.223555,-17.560742]}},{"type":"Feature","properties":{"province":"Sara","municipality":"Portachuelo","locality":"Pereotó","precinct_code":22007,"precinct":"Esc. Peroto","registered_2026":87,"tables_2026":1,"coordinate_source":"OEP_GeoElectoral_2da_vuelta_2025","coordinate_year":2025,"match_method":"exact_municipality_locality_precinct","match_score":1,"coordinate_status":"official_2025_carried_forward","georeference_confidence":"high","metropolitan":false,"estimated_coordinate":false},"geometry":{"type":"Point","coordinates":[-63.418005,-17.476332]}},{"type":"Feature","properties":{"province":"Sara","municipality":"Portachuelo","locality":"Portachuelo","precinct_code":2001,"precinct":"Esc. Angel Maria Limpias","registered_2026":2668,"tables_2026":12,"coordinate_source":"OEP_GeoElectoral_2da_vuelta_2025","coordinate_year":2025,"match_method":"exact_municipality_locality_precinct","match_score":1,"coordinate_status":"official_2025_carried_forward","georeference_confidence":"high","metropolitan":false,"estimated_coordinate":false},"geometry":{"type":"Point","coordinates":[-63.39923,-17.35743]}},{"type":"Feature","properties":{"province":"Sara","municipality":"Portachuelo","locality":"Portachuelo","precinct_code":2015,"precinct":"U.E. Adelaida Landívar Moreno","registered_2026":3982,"tables_2026":17,"coordinate_source":"OEP_GeoElectoral_2da_vuelta_2025","coordinate_year":2025,"match_method":"exact_municipality_locality_precinct","match_score":1,"coordinate_status":"official_2025_carried_forward","georeference_confidence":"high","metropolitan":false,"estimated_coordinate":false},"geometry":{"type":"Point","coordinates":[-63.401314,-17.355821]}},{"type":"Feature","properties":{"province":"Sara","municipality":"Portachuelo","locality":"Portachuelo","precinct_code":22000,"precinct":"Esc. Julio Landivar","registered_2026":1791,"tables_2026":8,"coordinate_source":"OEP_GeoElectoral_2da_vuelta_2025","coordinate_year":2025,"match_method":"exact_municipality_locality_precinct","match_score":1,"coordinate_status":"official_2025_carried_forward","georeference_confidence":"high","metropolitan":false,"estimated_coordinate":false},"geometry":{"type":"Point","coordinates":[-63.39304,-17.35695]}},{"type":"Feature","properties":{"province":"Sara","municipality":"Portachuelo","locality":"Portachuelo","precinct_code":22018,"precinct":"Esc. Martina Dorado","registered_2026":3250,"tables_2026":14,"coordinate_source":"OEP_GeoElectoral_2da_vuelta_2025","coordinate_year":2025,"match_method":"exact_municipality_locality_precinct","match_score":1,"coordinate_status":"official_2025_carried_forward","georeference_confidence":"high","metropolitan":false,"estimated_coordinate":false},"geometry":{"type":"Point","coordinates":[-63.39271,-17.35174]}},{"type":"Feature","properties":{"province":"Sara","municipality":"Portachuelo","locality":"Portachuelo","precinct_code":32102,"precinct":"U. E. Nicolás Ortíz Antelo","registered_2026":415,"tables_2026":2,"coordinate_source":"OEP_GeoElectoral_2da_vuelta_2025","coordinate_year":2025,"match_method":"exact_municipality_locality_precinct","match_score":1,"coordinate_status":"official_2025_carried_forward","georeference_confidence":"high","metropolitan":false,"estimated_coordinate":false},"geometry":{"type":"Point","coordinates":[-63.38893,-17.349751]}},{"type":"Feature","properties":{"province":"Sara","municipality":"Portachuelo","locality":"San Ignacio (Sara)","precinct_code":22008,"precinct":"U.E. Milena Paz Antelo II","registered_2026":560,"tables_2026":3,"coordinate_source":"OEP_GeoElectoral_2da_vuelta_2025","coordinate_year":2025,"match_method":"exact_municipality_locality_precinct","match_score":1,"coordinate_status":"official_2025_carried_forward","georeference_confidence":"high","metropolitan":false,"estimated_coordinate":false},"geometry":{"type":"Point","coordinates":[-63.562054,-17.286576]}},{"type":"Feature","properties":{"province":"Sara","municipality":"Portachuelo","locality":"San Juan de Palometillas","precinct_code":22009,"precinct":"U.E. Marciano Melgar Sosa","registered_2026":980,"tables_2026":5,"coordinate_source":"OEP_GeoElectoral_2da_vuelta_2025","coordinate_year":2025,"match_method":"exact_municipality_locality_precinct","match_score":1,"coordinate_status":"official_2025_carried_forward","georeference_confidence":"high","metropolitan":false,"estimated_coordinate":false},"geometry":{"type":"Point","coordinates":[-63.515669,-17.384204]}},{"type":"Feature","properties":{"province":"Sara","municipality":"Santa Rosa","locality":"Asubí","precinct_code":22002,"precinct":"Esc. Pasto Mercado Quiroga","registered_2026":473,"tables_2026":2,"coordinate_source":"OEP_2026_archivo_21_municipios","coordinate_year":2026,"match_method":"exact_municipality_locality_precinct","match_score":1,"coordinate_status":"official_2026_source_file","georeference_confidence":"high","metropolitan":false,"estimated_coordinate":false},"geometry":{"type":"Point","coordinates":[-63.43382,-17.12932]}},{"type":"Feature","properties":{"province":"Sara","municipality":"Santa Rosa","locality":"Colonia 4 de Marzo","precinct_code":2011,"precinct":"Esc. 4 de Marzo","registered_2026":358,"tables_2026":2,"coordinate_source":"OEP_2026_archivo_21_municipios","coordinate_year":2026,"match_method":"exact_municipality_locality_precinct","match_score":1,"coordinate_status":"official_2026_source_file","georeference_confidence":"high","metropolitan":false,"estimated_coordinate":false},"geometry":{"type":"Point","coordinates":[-63.897191,-16.936985]}},{"type":"Feature","properties":{"province":"Sara","municipality":"Santa Rosa","locality":"El Colorado","precinct_code":6105,"precinct":"Esc. El Colorado","registered_2026":148,"tables_2026":1,"coordinate_source":"OEP_2026_archivo_21_municipios","coordinate_year":2026,"match_method":"exact_municipality_locality_precinct","match_score":1,"coordinate_status":"official_2026_source_file","georeference_confidence":"high","metropolitan":false,"estimated_coordinate":false},"geometry":{"type":"Point","coordinates":[-63.42475,-17.17983]}},{"type":"Feature","properties":{"province":"Sara","municipality":"Santa Rosa","locality":"Galilea","precinct_code":6116,"precinct":"Esc. Galilea","registered_2026":359,"tables_2026":2,"coordinate_source":"OEP_2026_archivo_21_municipios","coordinate_year":2026,"match_method":"exact_municipality_locality_precinct","match_score":1,"coordinate_status":"official_2026_source_file","georeference_confidence":"high","metropolitan":false,"estimated_coordinate":false},"geometry":{"type":"Point","coordinates":[-63.67821,-16.953517]}},{"type":"Feature","properties":{"province":"Sara","municipality":"Santa Rosa","locality":"La Conquista","precinct_code":1,"precinct":"Esc. La Conquista","registered_2026":292,"tables_2026":2,"coordinate_source":"OEP_2026_archivo_21_municipios","coordinate_year":2026,"match_method":"exact_municipality_locality_precinct","match_score":1,"coordinate_status":"official_2026_source_file","georeference_confidence":"high","metropolitan":false,"estimated_coordinate":false},"geometry":{"type":"Point","coordinates":[-63.95355,-16.733663]}},{"type":"Feature","properties":{"province":"Sara","municipality":"Santa Rosa","locality":"Las Pavas","precinct_code":22017,"precinct":"Esc.  Alfredo Vaca Flor","registered_2026":441,"tables_2026":2,"coordinate_source":"OEP_2026_archivo_21_municipios","coordinate_year":2026,"match_method":"exact_municipality_locality_precinct","match_score":1,"coordinate_status":"official_2026_source_file","georeference_confidence":"high","metropolitan":false,"estimated_coordinate":false},"geometry":{"type":"Point","coordinates":[-63.864672,-16.670979]}},{"type":"Feature","properties":{"province":"Sara","municipality":"Santa Rosa","locality":"Loma Alta","precinct_code":22006,"precinct":"Esc. Alfredo Vasquez","registered_2026":745,"tables_2026":4,"coordinate_source":"OEP_2026_archivo_21_municipios","coordinate_year":2026,"match_method":"exact_municipality_locality_precinct","match_score":1,"coordinate_status":"official_2026_source_file","georeference_confidence":"high","metropolitan":false,"estimated_coordinate":false},"geometry":{"type":"Point","coordinates":[-63.484074,-17.07037]}},{"type":"Feature","properties":{"province":"Sara","municipality":"Santa Rosa","locality":"Los Andes","precinct_code":22016,"precinct":"Esc.  Mixto Los Andes","registered_2026":1214,"tables_2026":5,"coordinate_source":"OEP_2026_archivo_21_municipios","coordinate_year":2026,"match_method":"exact_municipality_locality_precinct","match_score":1,"coordinate_status":"official_2026_source_file","georeference_confidence":"high","metropolitan":false,"estimated_coordinate":false},"geometry":{"type":"Point","coordinates":[-63.832018,-16.885189]}},{"type":"Feature","properties":{"province":"Sara","municipality":"Santa Rosa","locality":"Palometas","precinct_code":6117,"precinct":"Esc. Palometas","registered_2026":142,"tables_2026":1,"coordinate_source":"OEP_2026_archivo_21_municipios","coordinate_year":2026,"match_method":"exact_municipality_locality_precinct","match_score":1,"coordinate_status":"official_2026_source_file","georeference_confidence":"high","metropolitan":false,"estimated_coordinate":false},"geometry":{"type":"Point","coordinates":[-63.52637,-17.03255]}},{"type":"Feature","properties":{"province":"Sara","municipality":"Santa Rosa","locality":"Rincón de Palometas","precinct_code":22014,"precinct":"U.E. Carmelo  Saucedo Rivero","registered_2026":573,"tables_2026":3,"coordinate_source":"OEP_2026_archivo_21_municipios","coordinate_year":2026,"match_method":"exact_municipality_locality_precinct","match_score":1,"coordinate_status":"official_2026_source_file","georeference_confidence":"high","metropolitan":false,"estimated_coordinate":false},"geometry":{"type":"Point","coordinates":[-63.552088,-17.013996]}},{"type":"Feature","properties":{"province":"Sara","municipality":"Santa Rosa","locality":"Río Nuevo","precinct_code":25846,"precinct":"U.E. Río Nuevo","registered_2026":247,"tables_2026":1,"coordinate_source":"OEP_2026_archivo_21_municipios","coordinate_year":2026,"match_method":"exact_municipality_locality_precinct","match_score":1,"coordinate_status":"official_2026_source_file","georeference_confidence":"high","metropolitan":false,"estimated_coordinate":false},"geometry":{"type":"Point","coordinates":[-63.699,-16.841]}},{"type":"Feature","properties":{"province":"Sara","municipality":"Santa Rosa","locality":"San Juan del Pari","precinct_code":25847,"precinct":"U.E. 24 de Junio","registered_2026":503,"tables_2026":3,"coordinate_source":"OEP_2026_archivo_21_municipios","coordinate_year":2026,"match_method":"exact_municipality_locality_precinct","match_score":1,"coordinate_status":"official_2026_source_file","georeference_confidence":"high","metropolitan":false,"estimated_coordinate":false},"geometry":{"type":"Point","coordinates":[-63.97,-16.487]}},{"type":"Feature","properties":{"province":"Sara","municipality":"Santa Rosa","locality":"San Luis","precinct_code":1,"precinct":"Esc. San Luis","registered_2026":300,"tables_2026":2,"coordinate_source":"OEP_2026_archivo_21_municipios","coordinate_year":2026,"match_method":"exact_municipality_locality_precinct","match_score":1,"coordinate_status":"official_2026_source_file","georeference_confidence":"high","metropolitan":false,"estimated_coordinate":false},"geometry":{"type":"Point","coordinates":[-63.78288,-16.94883]}},{"type":"Feature","properties":{"province":"Sara","municipality":"Santa Rosa","locality":"Santa Rosa","precinct_code":2010,"precinct":"U.E. Rodolfo Rivero Vaca","registered_2026":3702,"tables_2026":16,"coordinate_source":"OEP_2026_archivo_21_municipios","coordinate_year":2026,"match_method":"exact_municipality_locality_precinct","match_score":1,"coordinate_status":"official_2026_source_file","georeference_confidence":"high","metropolitan":false,"estimated_coordinate":false},"geometry":{"type":"Point","coordinates":[-63.599818,-17.107658]}},{"type":"Feature","properties":{"province":"Vallegrande","municipality":"Moromoro","locality":"Abra del Astillero","precinct_code":23024,"precinct":"Esc. Astillero","registered_2026":126,"tables_2026":1,"coordinate_source":"OEP_GeoElectoral_2da_vuelta_2025","coordinate_year":2025,"match_method":"exact_municipality_locality_precinct","match_score":1,"coordinate_status":"official_2025_carried_forward","georeference_confidence":"high","metropolitan":false,"estimated_coordinate":false},"geometry":{"type":"Point","coordinates":[-64.3554,-18.40132]}},{"type":"Feature","properties":{"province":"Vallegrande","municipality":"Moromoro","locality":"Añapance","precinct_code":23025,"precinct":"Esc. Nucleo Añapaco","registered_2026":17,"tables_2026":1,"coordinate_source":"OEP_GeoElectoral_2da_vuelta_2025","coordinate_year":2025,"match_method":"exact_municipality_locality_precinct","match_score":1,"coordinate_status":"official_2025_carried_forward","georeference_confidence":"high","metropolitan":false,"estimated_coordinate":false},"geometry":{"type":"Point","coordinates":[-64.283173,-18.432917]}},{"type":"Feature","properties":{"province":"Vallegrande","municipality":"Moromoro","locality":"Ariruma","precinct_code":3021,"precinct":"Esc. Nucleo Ariruma","registered_2026":162,"tables_2026":1,"coordinate_source":"OEP_GeoElectoral_2da_vuelta_2025","coordinate_year":2025,"match_method":"exact_municipality_locality_precinct","match_score":1,"coordinate_status":"official_2025_carried_forward","georeference_confidence":"high","metropolitan":false,"estimated_coordinate":false},"geometry":{"type":"Point","coordinates":[-64.263305,-18.301195]}},{"type":"Feature","properties":{"province":"Vallegrande","municipality":"Moromoro","locality":"El Veladero","precinct_code":1,"precinct":"Esc. U.E. El Veladero","registered_2026":320,"tables_2026":2,"coordinate_source":"OEP_GeoElectoral_2da_vuelta_2025","coordinate_year":2025,"match_method":"exact_municipality_locality_precinct","match_score":1,"coordinate_status":"official_2025_carried_forward","georeference_confidence":"high","metropolitan":false,"estimated_coordinate":false},"geometry":{"type":"Point","coordinates":[-64.26523,-18.35126]}},{"type":"Feature","properties":{"province":"Vallegrande","municipality":"Moromoro","locality":"La Laja","precinct_code":23022,"precinct":"Esc. La Laja","registered_2026":199,"tables_2026":1,"coordinate_source":"OEP_GeoElectoral_2da_vuelta_2025","coordinate_year":2025,"match_method":"exact_municipality_locality_precinct","match_score":1,"coordinate_status":"official_2025_carried_forward","georeference_confidence":"high","metropolitan":false,"estimated_coordinate":false},"geometry":{"type":"Point","coordinates":[-64.295832,-18.254157]}},{"type":"Feature","properties":{"province":"Vallegrande","municipality":"Moromoro","locality":"Moromoro","precinct_code":6223,"precinct":"U.E. Eloy Peña","registered_2026":724,"tables_2026":3,"coordinate_source":"OEP_GeoElectoral_2da_vuelta_2025","coordinate_year":2025,"match_method":"exact_municipality_locality_precinct","match_score":1,"coordinate_status":"official_2025_carried_forward","georeference_confidence":"high","metropolitan":false,"estimated_coordinate":false},"geometry":{"type":"Point","coordinates":[-64.322595,-18.366637]}},{"type":"Feature","properties":{"province":"Vallegrande","municipality":"Moromoro","locality":"Pampa Negra","precinct_code":3031,"precinct":"Esc. Nucleo Central","registered_2026":63,"tables_2026":1,"coordinate_source":"OEP_GeoElectoral_2da_vuelta_2025","coordinate_year":2025,"match_method":"exact_municipality_locality_precinct","match_score":1,"coordinate_status":"official_2025_carried_forward","georeference_confidence":"high","metropolitan":false,"estimated_coordinate":false},"geometry":{"type":"Point","coordinates":[-64.29378,-18.52514]}},{"type":"Feature","properties":{"province":"Vallegrande","municipality":"Postrervalle","locality":"Los Churcos","precinct_code":25550,"precinct":"U.E. Los Churcos","registered_2026":71,"tables_2026":1,"coordinate_source":"OEP GeoElectoral 2025 (proxy del mismo asiento Los Churcos)","coordinate_year":2025,"match_method":"same_locality_2025_precinct_proxy","match_score":null,"coordinate_status":"estimated_not_official_precinct_point","georeference_confidence":"medium","official_2026_address":null,"coordinate_source_url":"https://geoelectoral.oep.org.bo/oep/rest/services/EleccionesGenerales2020/2daVueltaEleccionesGenerales2025/MapServer/0","coordinate_source_feature":"Asiento Los Churcos; recinto 2025 U.E. Cecilia Vargas Osinaga","metropolitan":false,"estimated_coordinate":true},"geometry":{"type":"Point","coordinates":[-63.755018,-18.650106]}},{"type":"Feature","properties":{"province":"Vallegrande","municipality":"Postrervalle","locality":"Mosquera","precinct_code":1,"precinct":"U.E. Juan Sandoval","registered_2026":116,"tables_2026":1,"coordinate_source":"OEP_GeoElectoral_2da_vuelta_2025","coordinate_year":2025,"match_method":"exact_municipality_locality_precinct","match_score":1,"coordinate_status":"official_2025_carried_forward","georeference_confidence":"high","metropolitan":false,"estimated_coordinate":false},"geometry":{"type":"Point","coordinates":[-63.675299,-18.723559]}},{"type":"Feature","properties":{"province":"Vallegrande","municipality":"Postrervalle","locality":"Postrervalle","precinct_code":23026,"precinct":"U.E. Placido Lino","registered_2026":768,"tables_2026":4,"coordinate_source":"OEP_GeoElectoral_2da_vuelta_2025","coordinate_year":2025,"match_method":"exact_municipality_locality_precinct","match_score":1,"coordinate_status":"official_2025_carried_forward","georeference_confidence":"high","metropolitan":false,"estimated_coordinate":false},"geometry":{"type":"Point","coordinates":[-63.836033,-18.492921]}},{"type":"Feature","properties":{"province":"Vallegrande","municipality":"Postrervalle","locality":"San Juan de la Ladera","precinct_code":3027,"precinct":"Esc. San Pablo De La Ladera","registered_2026":46,"tables_2026":1,"coordinate_source":"OEP_GeoElectoral_2da_vuelta_2025","coordinate_year":2025,"match_method":"exact_municipality_locality_precinct","match_score":1,"coordinate_status":"official_2025_carried_forward","georeference_confidence":"high","metropolitan":false,"estimated_coordinate":false},"geometry":{"type":"Point","coordinates":[-63.924623,-18.43097]}},{"type":"Feature","properties":{"province":"Vallegrande","municipality":"Postrervalle","locality":"Tierras Nuevas","precinct_code":23028,"precinct":"Esc. Tierras Nuevas","registered_2026":134,"tables_2026":1,"coordinate_source":"OEP_GeoElectoral_2da_vuelta_2025","coordinate_year":2025,"match_method":"exact_municipality_locality_precinct","match_score":1,"coordinate_status":"official_2025_carried_forward","georeference_confidence":"high","metropolitan":false,"estimated_coordinate":false},"geometry":{"type":"Point","coordinates":[-63.903618,-18.484212]}},{"type":"Feature","properties":{"province":"Vallegrande","municipality":"Postrervalle","locality":"Vilcas","precinct_code":25549,"precinct":"U.E. Juan Manuel Lino","registered_2026":25,"tables_2026":1,"coordinate_source":"OEP_GeoElectoral_2da_vuelta_2025","coordinate_year":2025,"match_method":"exact_municipality_locality_precinct","match_score":1,"coordinate_status":"official_2025_carried_forward","georeference_confidence":"high","metropolitan":false,"estimated_coordinate":false},"geometry":{"type":"Point","coordinates":[-63.822289,-18.556324]}},{"type":"Feature","properties":{"province":"Vallegrande","municipality":"Pucará","locality":"La Higuera","precinct_code":23030,"precinct":"Esc. La Higuera","registered_2026":355,"tables_2026":2,"coordinate_source":"OEP_GeoElectoral_2da_vuelta_2025","coordinate_year":2025,"match_method":"exact_municipality_locality_precinct","match_score":1,"coordinate_status":"official_2025_carried_forward","georeference_confidence":"high","metropolitan":false,"estimated_coordinate":false},"geometry":{"type":"Point","coordinates":[-64.201112,-18.794723]}},{"type":"Feature","properties":{"province":"Vallegrande","municipality":"Pucará","locality":"Pucará","precinct_code":23029,"precinct":"Esc. Edey Corban Sehaller","registered_2026":656,"tables_2026":3,"coordinate_source":"OEP_GeoElectoral_2da_vuelta_2025","coordinate_year":2025,"match_method":"exact_municipality_locality_precinct","match_score":1,"coordinate_status":"official_2025_carried_forward","georeference_confidence":"high","metropolitan":false,"estimated_coordinate":false},"geometry":{"type":"Point","coordinates":[-64.18601,-18.717645]}},{"type":"Feature","properties":{"province":"Vallegrande","municipality":"Trigal","locality":"La Aguada","precinct_code":23019,"precinct":"Esc. La Aguada","registered_2026":54,"tables_2026":1,"coordinate_source":"OEP_GeoElectoral_2da_vuelta_2025","coordinate_year":2025,"match_method":"exact_municipality_locality_precinct","match_score":1,"coordinate_status":"official_2025_carried_forward","georeference_confidence":"high","metropolitan":false,"estimated_coordinate":false},"geometry":{"type":"Point","coordinates":[-64.142375,-18.336421]}},{"type":"Feature","properties":{"province":"Vallegrande","municipality":"Trigal","locality":"Lagunillas (Vallegrande)","precinct_code":23020,"precinct":"Esc. Lagunillas","registered_2026":335,"tables_2026":2,"coordinate_source":"OEP_GeoElectoral_2da_vuelta_2025","coordinate_year":2025,"match_method":"exact_municipality_locality_precinct","match_score":1,"coordinate_status":"official_2025_carried_forward","georeference_confidence":"high","metropolitan":false,"estimated_coordinate":false},"geometry":{"type":"Point","coordinates":[-64.15909,-18.26369]}},{"type":"Feature","properties":{"province":"Vallegrande","municipality":"Trigal","locality":"Muyurina","precinct_code":6218,"precinct":"Esc. Tte.Roman Alderette","registered_2026":173,"tables_2026":1,"coordinate_source":"OEP_GeoElectoral_2da_vuelta_2025","coordinate_year":2025,"match_method":"exact_municipality_locality_precinct","match_score":1,"coordinate_status":"official_2025_carried_forward","georeference_confidence":"high","metropolitan":false,"estimated_coordinate":false},"geometry":{"type":"Point","coordinates":[-64.15926,-18.35822]}},{"type":"Feature","properties":{"province":"Vallegrande","municipality":"Trigal","locality":"Trigal","precinct_code":23017,"precinct":"U.E. San pedro","registered_2026":641,"tables_2026":3,"coordinate_source":"OEP_GeoElectoral_2da_vuelta_2025","coordinate_year":2025,"match_method":"exact_municipality_locality_precinct","match_score":1,"coordinate_status":"official_2025_carried_forward","georeference_confidence":"high","metropolitan":false,"estimated_coordinate":false},"geometry":{"type":"Point","coordinates":[-64.150634,-18.308381]}},{"type":"Feature","properties":{"province":"Vallegrande","municipality":"Vallegrande","locality":"Alto Seco","precinct_code":23002,"precinct":"Esc. Alto Seco","registered_2026":271,"tables_2026":2,"coordinate_source":"OEP_2026_archivo_21_municipios","coordinate_year":2026,"match_method":"exact_municipality_locality_precinct","match_score":1,"coordinate_status":"official_2026_source_file","georeference_confidence":"high","metropolitan":false,"estimated_coordinate":false},"geometry":{"type":"Point","coordinates":[-64.073897,-18.870714]}},{"type":"Feature","properties":{"province":"Vallegrande","municipality":"Vallegrande","locality":"Arenales","precinct_code":20035,"precinct":"Esc. Unidad Educativa Arenales","registered_2026":148,"tables_2026":1,"coordinate_source":"OEP_2026_archivo_21_municipios","coordinate_year":2026,"match_method":"exact_municipality_locality_precinct","match_score":1,"coordinate_status":"official_2026_source_file","georeference_confidence":"high","metropolitan":false,"estimated_coordinate":false},"geometry":{"type":"Point","coordinates":[-63.720461,-18.957729]}},{"type":"Feature","properties":{"province":"Vallegrande","municipality":"Vallegrande","locality":"Casamonte","precinct_code":23011,"precinct":"Esc. Casamontes","registered_2026":105,"tables_2026":1,"coordinate_source":"OEP_2026_archivo_21_municipios","coordinate_year":2026,"match_method":"exact_municipality_locality_precinct","match_score":1,"coordinate_status":"official_2026_source_file","georeference_confidence":"high","metropolitan":false,"estimated_coordinate":false},"geometry":{"type":"Point","coordinates":[-64.029522,-18.704296]}},{"type":"Feature","properties":{"province":"Vallegrande","municipality":"Vallegrande","locality":"Chacopata","precinct_code":20036,"precinct":"Esc. de Chacopata","registered_2026":166,"tables_2026":1,"coordinate_source":"OEP_2026_archivo_21_municipios","coordinate_year":2026,"match_method":"exact_municipality_locality_precinct","match_score":1,"coordinate_status":"official_2026_source_file","georeference_confidence":"high","metropolitan":false,"estimated_coordinate":false},"geometry":{"type":"Point","coordinates":[-64.228447,-18.357379]}},{"type":"Feature","properties":{"province":"Vallegrande","municipality":"Vallegrande","locality":"Chujllas","precinct_code":25553,"precinct":"U.E. Chujllas","registered_2026":114,"tables_2026":1,"coordinate_source":"OEP_2026_archivo_21_municipios","coordinate_year":2026,"match_method":"exact_municipality_locality_precinct","match_score":1,"coordinate_status":"official_2026_source_file","georeference_confidence":"high","metropolitan":false,"estimated_coordinate":false},"geometry":{"type":"Point","coordinates":[-64.019509,-18.827235]}},{"type":"Feature","properties":{"province":"Vallegrande","municipality":"Vallegrande","locality":"El Bello","precinct_code":6212,"precinct":"Esc. Nucleo El Bello","registered_2026":89,"tables_2026":1,"coordinate_source":"OEP_2026_archivo_21_municipios","coordinate_year":2026,"match_method":"exact_municipality_locality_precinct","match_score":1,"coordinate_status":"official_2026_source_file","georeference_confidence":"high","metropolitan":false,"estimated_coordinate":false},"geometry":{"type":"Point","coordinates":[-64.1921,-18.4416]}},{"type":"Feature","properties":{"province":"Vallegrande","municipality":"Vallegrande","locality":"Guadalupe","precinct_code":23003,"precinct":"Esc. Central Guadalupe","registered_2026":490,"tables_2026":2,"coordinate_source":"OEP_2026_archivo_21_municipios","coordinate_year":2026,"match_method":"exact_municipality_locality_precinct","match_score":1,"coordinate_status":"official_2026_source_file","georeference_confidence":"high","metropolitan":false,"estimated_coordinate":false},"geometry":{"type":"Point","coordinates":[-64.08943,-18.55554]}},{"type":"Feature","properties":{"province":"Vallegrande","municipality":"Vallegrande","locality":"Loma Larga","precinct_code":23007,"precinct":"Esc. Loma Larga","registered_2026":93,"tables_2026":1,"coordinate_source":"OEP_2026_archivo_21_municipios","coordinate_year":2026,"match_method":"exact_municipality_locality_precinct","match_score":1,"coordinate_status":"official_2026_source_file","georeference_confidence":"high","metropolitan":false,"estimated_coordinate":false},"geometry":{"type":"Point","coordinates":[-63.901474,-18.763414]}},{"type":"Feature","properties":{"province":"Vallegrande","municipality":"Vallegrande","locality":"Manchones","precinct_code":25552,"precinct":"U.E. Manchones","registered_2026":95,"tables_2026":1,"coordinate_source":"OEP_2026_archivo_21_municipios","coordinate_year":2026,"match_method":"exact_municipality_locality_precinct","match_score":1,"coordinate_status":"official_2026_source_file","georeference_confidence":"high","metropolitan":false,"estimated_coordinate":false},"geometry":{"type":"Point","coordinates":[-63.985462,-18.764404]}},{"type":"Feature","properties":{"province":"Vallegrande","municipality":"Vallegrande","locality":"Mankaillpa","precinct_code":3014,"precinct":"Esc. De Mankaillpa","registered_2026":67,"tables_2026":1,"coordinate_source":"OEP_2026_archivo_21_municipios","coordinate_year":2026,"match_method":"exact_municipality_locality_precinct","match_score":1,"coordinate_status":"official_2026_source_file","georeference_confidence":"high","metropolitan":false,"estimated_coordinate":false},"geometry":{"type":"Point","coordinates":[-64.215993,-18.39356]}},{"type":"Feature","properties":{"province":"Vallegrande","municipality":"Vallegrande","locality":"Masicurí","precinct_code":23006,"precinct":"Esc. Masicuri","registered_2026":191,"tables_2026":1,"coordinate_source":"OEP_2026_archivo_21_municipios","coordinate_year":2026,"match_method":"exact_municipality_locality_precinct","match_score":1,"coordinate_status":"official_2026_source_file","georeference_confidence":"high","metropolitan":false,"estimated_coordinate":false},"geometry":{"type":"Point","coordinates":[-63.7827,-18.83035]}},{"type":"Feature","properties":{"province":"Vallegrande","municipality":"Vallegrande","locality":"Mataralcito","precinct_code":25551,"precinct":"U.E. Mataralcito","registered_2026":53,"tables_2026":1,"coordinate_source":"OEP_2026_archivo_21_municipios","coordinate_year":2026,"match_method":"exact_municipality_locality_precinct","match_score":1,"coordinate_status":"official_2026_source_file","georeference_confidence":"high","metropolitan":false,"estimated_coordinate":false},"geometry":{"type":"Point","coordinates":[-63.968516,-18.541605]}},{"type":"Feature","properties":{"province":"Vallegrande","municipality":"Vallegrande","locality":"Naranjo","precinct_code":23013,"precinct":"Esc. Naranjo","registered_2026":74,"tables_2026":1,"coordinate_source":"OEP_2026_archivo_21_municipios","coordinate_year":2026,"match_method":"exact_municipality_locality_precinct","match_score":1,"coordinate_status":"official_2026_source_file","georeference_confidence":"high","metropolitan":false,"estimated_coordinate":false},"geometry":{"type":"Point","coordinates":[-64.25041,-18.426721]}},{"type":"Feature","properties":{"province":"Vallegrande","municipality":"Vallegrande","locality":"Piraimirí","precinct_code":23008,"precinct":"Esc. Piraimiri","registered_2026":80,"tables_2026":1,"coordinate_source":"OEP_2026_archivo_21_municipios","coordinate_year":2026,"match_method":"exact_municipality_locality_precinct","match_score":1,"coordinate_status":"official_2026_source_file","georeference_confidence":"high","metropolitan":false,"estimated_coordinate":false},"geometry":{"type":"Point","coordinates":[-63.966419,-18.637267]}},{"type":"Feature","properties":{"province":"Vallegrande","municipality":"Vallegrande","locality":"San Juan del Chaco","precinct_code":23015,"precinct":"Esc. Nucleo San Juan","registered_2026":141,"tables_2026":1,"coordinate_source":"OEP_2026_archivo_21_municipios","coordinate_year":2026,"match_method":"exact_municipality_locality_precinct","match_score":1,"coordinate_status":"official_2026_source_file","georeference_confidence":"high","metropolitan":false,"estimated_coordinate":false},"geometry":{"type":"Point","coordinates":[-64.203352,-18.337358]}},{"type":"Feature","properties":{"province":"Vallegrande","municipality":"Vallegrande","locality":"Santa Ana (Vallegrande)","precinct_code":23009,"precinct":"Esc. Santa Ana","registered_2026":86,"tables_2026":1,"coordinate_source":"OEP_2026_archivo_21_municipios","coordinate_year":2026,"match_method":"exact_municipality_locality_precinct","match_score":1,"coordinate_status":"official_2026_source_file","georeference_confidence":"high","metropolitan":false,"estimated_coordinate":false},"geometry":{"type":"Point","coordinates":[-64.14568,-18.59265]}},{"type":"Feature","properties":{"province":"Vallegrande","municipality":"Vallegrande","locality":"Santa Rosita","precinct_code":23004,"precinct":"Esc. Santa Rosita","registered_2026":228,"tables_2026":1,"coordinate_source":"OEP_2026_archivo_21_municipios","coordinate_year":2026,"match_method":"exact_municipality_locality_precinct","match_score":1,"coordinate_status":"official_2026_source_file","georeference_confidence":"high","metropolitan":false,"estimated_coordinate":false},"geometry":{"type":"Point","coordinates":[-64.08921,-18.52326]}},{"type":"Feature","properties":{"province":"Vallegrande","municipality":"Vallegrande","locality":"Sitanos","precinct_code":23010,"precinct":"Esc. Los Sitanos","registered_2026":73,"tables_2026":1,"coordinate_source":"OEP_2026_archivo_21_municipios","coordinate_year":2026,"match_method":"exact_municipality_locality_precinct","match_score":1,"coordinate_status":"official_2026_source_file","georeference_confidence":"high","metropolitan":false,"estimated_coordinate":false},"geometry":{"type":"Point","coordinates":[-63.959121,-18.86124]}},{"type":"Feature","properties":{"province":"Vallegrande","municipality":"Vallegrande","locality":"Temporal","precinct_code":23005,"precinct":"Esc. Temporal","registered_2026":29,"tables_2026":1,"coordinate_source":"OEP_2026_archivo_21_municipios","coordinate_year":2026,"match_method":"exact_municipality_locality_precinct","match_score":1,"coordinate_status":"official_2026_source_file","georeference_confidence":"high","metropolitan":false,"estimated_coordinate":false},"geometry":{"type":"Point","coordinates":[-64.076375,-18.635985]}},{"type":"Feature","properties":{"province":"Vallegrande","municipality":"Vallegrande","locality":"Tucumancillo","precinct_code":23016,"precinct":"Esc. Nucleo Tucumancillo","registered_2026":46,"tables_2026":1,"coordinate_source":"OEP_2026_archivo_21_municipios","coordinate_year":2026,"match_method":"exact_municipality_locality_precinct","match_score":1,"coordinate_status":"official_2026_source_file","georeference_confidence":"high","metropolitan":false,"estimated_coordinate":false},"geometry":{"type":"Point","coordinates":[-64.160824,-18.377571]}},{"type":"Feature","properties":{"province":"Vallegrande","municipality":"Vallegrande","locality":"Vallegrande","precinct_code":23000,"precinct":"U.E. Juana Carmen Román","registered_2026":1739,"tables_2026":8,"coordinate_source":"OEP_2026_archivo_21_municipios","coordinate_year":2026,"match_method":"exact_municipality_locality_precinct","match_score":1,"coordinate_status":"official_2026_source_file","georeference_confidence":"high","metropolitan":false,"estimated_coordinate":false},"geometry":{"type":"Point","coordinates":[-64.10675,-18.48876]}},{"type":"Feature","properties":{"province":"Vallegrande","municipality":"Vallegrande","locality":"Vallegrande","precinct_code":23032,"precinct":"Kinder Santa Maria","registered_2026":1920,"tables_2026":8,"coordinate_source":"OEP_2026_archivo_21_municipios","coordinate_year":2026,"match_method":"exact_municipality_locality_precinct","match_score":1,"coordinate_status":"official_2026_source_file","georeference_confidence":"high","metropolitan":false,"estimated_coordinate":false},"geometry":{"type":"Point","coordinates":[-64.101602,-18.486182]}},{"type":"Feature","properties":{"province":"Vallegrande","municipality":"Vallegrande","locality":"Vallegrande","precinct_code":23037,"precinct":"Esc. Obispo Manuel Jose Peña","registered_2026":2299,"tables_2026":10,"coordinate_source":"OEP_2026_archivo_21_municipios","coordinate_year":2026,"match_method":"exact_municipality_locality_precinct","match_score":1,"coordinate_status":"official_2026_source_file","georeference_confidence":"high","metropolitan":false,"estimated_coordinate":false},"geometry":{"type":"Point","coordinates":[-64.107881,-18.488439]}},{"type":"Feature","properties":{"province":"Vallegrande","municipality":"Vallegrande","locality":"Vallegrande","precinct_code":25557,"precinct":"U.E. Fagima Eid de Villagómez","registered_2026":2186,"tables_2026":10,"coordinate_source":"OEP_2026_archivo_21_municipios","coordinate_year":2026,"match_method":"exact_municipality_locality_precinct","match_score":1,"coordinate_status":"official_2026_source_file","georeference_confidence":"high","metropolitan":false,"estimated_coordinate":false},"geometry":{"type":"Point","coordinates":[-64.105501,-18.486451]}},{"type":"Feature","properties":{"province":"Vallegrande","municipality":"Vallegrande","locality":"Vallegrande","precinct_code":26388,"precinct":"U.E. Juan Manuel Santillan","registered_2026":267,"tables_2026":2,"coordinate_source":"OEP_2026_archivo_21_municipios","coordinate_year":2026,"match_method":"exact_municipality_locality_precinct","match_score":1,"coordinate_status":"official_2026_source_file","georeference_confidence":"high","metropolitan":false,"estimated_coordinate":false},"geometry":{"type":"Point","coordinates":[-64.105937,-18.489422]}},{"type":"Feature","properties":{"province":"Vallegrande","municipality":"Vallegrande","locality":"Vallegrande","precinct_code":26389,"precinct":"U.E Isabel Villegas Mariscal","registered_2026":767,"tables_2026":4,"coordinate_source":"OEP_2026_archivo_21_municipios","coordinate_year":2026,"match_method":"exact_municipality_locality_precinct","match_score":1,"coordinate_status":"official_2026_source_file","georeference_confidence":"high","metropolitan":false,"estimated_coordinate":false},"geometry":{"type":"Point","coordinates":[-64.10365,-18.48571]}},{"type":"Feature","properties":{"province":"Vallegrande","municipality":"Vallegrande","locality":"Vallegrande","precinct_code":26390,"precinct":"CEA Centro de educacion alternativa Raquel Rojas Cabrera","registered_2026":63,"tables_2026":1,"coordinate_source":"OEP_2026_archivo_21_municipios","coordinate_year":2026,"match_method":"exact_municipality_locality_precinct","match_score":1,"coordinate_status":"official_2026_source_file","georeference_confidence":"high","metropolitan":false,"estimated_coordinate":false},"geometry":{"type":"Point","coordinates":[-64.10823,-18.488044]}},{"type":"Feature","properties":{"province":"Velasco","municipality":"San Ignacio","locality":"15 de Agosto","precinct_code":1,"precinct":"U.E. 15 de Agosto","registered_2026":180,"tables_2026":1,"coordinate_source":"OEP_2026_archivo_21_municipios","coordinate_year":2026,"match_method":"exact_municipality_locality_precinct","match_score":1,"coordinate_status":"official_2026_source_file","georeference_confidence":"high","metropolitan":false,"estimated_coordinate":false},"geometry":{"type":"Point","coordinates":[-61.221,-16.0462]}},{"type":"Feature","properties":{"province":"Velasco","municipality":"San Ignacio","locality":"16 de Agosto","precinct_code":1,"precinct":"U.E. Agustin Olivares","registered_2026":175,"tables_2026":1,"coordinate_source":"OEP_2026_archivo_21_municipios","coordinate_year":2026,"match_method":"exact_municipality_locality_precinct","match_score":1,"coordinate_status":"official_2026_source_file","georeference_confidence":"high","metropolitan":false,"estimated_coordinate":false},"geometry":{"type":"Point","coordinates":[-61.133088,-16.254243]}},{"type":"Feature","properties":{"province":"Velasco","municipality":"San Ignacio","locality":"Buena Hora","precinct_code":24022,"precinct":"U.E. Prof. Rubén Coímbra Callau","registered_2026":47,"tables_2026":1,"coordinate_source":"OEP_2026_archivo_21_municipios","coordinate_year":2026,"match_method":"exact_municipality_locality_precinct","match_score":1,"coordinate_status":"official_2026_source_file","georeference_confidence":"high","metropolitan":false,"estimated_coordinate":false},"geometry":{"type":"Point","coordinates":[-60.371423,-15.596648]}},{"type":"Feature","properties":{"province":"Velasco","municipality":"San Ignacio","locality":"Carmencita","precinct_code":1,"precinct":"U.E. 19 de Marzo","registered_2026":131,"tables_2026":1,"coordinate_source":"OEP_2026_archivo_21_municipios","coordinate_year":2026,"match_method":"exact_municipality_locality_precinct","match_score":1,"coordinate_status":"official_2026_source_file","georeference_confidence":"high","metropolitan":false,"estimated_coordinate":false},"geometry":{"type":"Point","coordinates":[-61.031596,-16.298085]}},{"type":"Feature","properties":{"province":"Velasco","municipality":"San Ignacio","locality":"Chirimoya Tierra Hermosa","precinct_code":1,"precinct":"15 de Agosto","registered_2026":252,"tables_2026":1,"coordinate_source":"OEP_2026_archivo_21_municipios","coordinate_year":2026,"match_method":"exact_municipality_locality_precinct","match_score":1,"coordinate_status":"official_2026_source_file","georeference_confidence":"high","metropolitan":false,"estimated_coordinate":false},"geometry":{"type":"Point","coordinates":[-61.215629,-15.23837]}},{"type":"Feature","properties":{"province":"Velasco","municipality":"San Ignacio","locality":"Comunidad Campesina Agroecológica Tierra Hermosa","precinct_code":26068,"precinct":"U.E.Tierra Hermosa","registered_2026":320,"tables_2026":2,"coordinate_source":"OEP_2026_archivo_21_municipios","coordinate_year":2026,"match_method":"exact_municipality_locality_precinct","match_score":1,"coordinate_status":"official_2026_source_file","georeference_confidence":"high","metropolitan":false,"estimated_coordinate":false},"geometry":{"type":"Point","coordinates":[-61.285959,-15.259428]}},{"type":"Feature","properties":{"province":"Velasco","municipality":"San Ignacio","locality":"Comunidad Campesina Agropecuaria Ganadera San Vicente A","precinct_code":32361,"precinct":"U.E. Marcelo Quiroga Santa Cruz","registered_2026":148,"tables_2026":1,"coordinate_source":"OEP_2026_archivo_21_municipios","coordinate_year":2026,"match_method":"exact_municipality_locality_precinct","match_score":1,"coordinate_status":"official_2026_source_file","georeference_confidence":"high","metropolitan":false,"estimated_coordinate":false},"geometry":{"type":"Point","coordinates":[-61.175176,-15.725019]}},{"type":"Feature","properties":{"province":"Velasco","municipality":"San Ignacio","locality":"Comunidad Indígena Marco Porvenir","precinct_code":32340,"precinct":"U.E. Rafael Espinoza Bacusia","registered_2026":67,"tables_2026":1,"coordinate_source":"OEP_2026_archivo_21_municipios","coordinate_year":2026,"match_method":"exact_municipality_locality_precinct","match_score":1,"coordinate_status":"official_2026_source_file","georeference_confidence":"high","metropolitan":false,"estimated_coordinate":false},"geometry":{"type":"Point","coordinates":[-59.497788,-16.284185]}},{"type":"Feature","properties":{"province":"Velasco","municipality":"San Ignacio","locality":"Cruz de Soliz","precinct_code":1,"precinct":"U.E. Tarcila Justiniano","registered_2026":342,"tables_2026":2,"coordinate_source":"OEP_2026_archivo_21_municipios","coordinate_year":2026,"match_method":"exact_municipality_locality_precinct","match_score":1,"coordinate_status":"official_2026_source_file","georeference_confidence":"high","metropolitan":false,"estimated_coordinate":false},"geometry":{"type":"Point","coordinates":[-61.327204,-15.92669]}},{"type":"Feature","properties":{"province":"Velasco","municipality":"San Ignacio","locality":"El Carmen de Ruíz","precinct_code":24005,"precinct":"U.E. 13 de Mayo","registered_2026":640,"tables_2026":3,"coordinate_source":"OEP_2026_archivo_21_municipios","coordinate_year":2026,"match_method":"exact_municipality_locality_precinct","match_score":1,"coordinate_status":"official_2026_source_file","georeference_confidence":"high","metropolitan":false,"estimated_coordinate":false},"geometry":{"type":"Point","coordinates":[-61.099076,-16.047072]}},{"type":"Feature","properties":{"province":"Velasco","municipality":"San Ignacio","locality":"Espíritu","precinct_code":4003,"precinct":"U.E. Lorenzo Moreno Antelo","registered_2026":483,"tables_2026":2,"coordinate_source":"OEP_2026_archivo_21_municipios","coordinate_year":2026,"match_method":"exact_municipality_locality_precinct","match_score":1,"coordinate_status":"official_2026_source_file","georeference_confidence":"high","metropolitan":false,"estimated_coordinate":false},"geometry":{"type":"Point","coordinates":[-60.528502,-16.186865]}},{"type":"Feature","properties":{"province":"Velasco","municipality":"San Ignacio","locality":"Florida","precinct_code":4006,"precinct":"Esc. Alberto Natusch Busch","registered_2026":97,"tables_2026":1,"coordinate_source":"OEP_2026_archivo_21_municipios","coordinate_year":2026,"match_method":"exact_municipality_locality_precinct","match_score":1,"coordinate_status":"official_2026_source_file","georeference_confidence":"high","metropolitan":false,"estimated_coordinate":false},"geometry":{"type":"Point","coordinates":[-61.193592,-14.610746]}},{"type":"Feature","properties":{"province":"Velasco","municipality":"San Ignacio","locality":"La Estrella","precinct_code":1,"precinct":"U.E. Santa Clara","registered_2026":873,"tables_2026":4,"coordinate_source":"OEP_2026_archivo_21_municipios","coordinate_year":2026,"match_method":"exact_municipality_locality_precinct","match_score":1,"coordinate_status":"official_2026_source_file","georeference_confidence":"high","metropolitan":false,"estimated_coordinate":false},"geometry":{"type":"Point","coordinates":[-61.512533,-15.574899]}},{"type":"Feature","properties":{"province":"Velasco","municipality":"San Ignacio","locality":"Los Angeles","precinct_code":1,"precinct":"U.E. Bernardo Monteagudo","registered_2026":176,"tables_2026":1,"coordinate_source":"OEP_2026_archivo_21_municipios","coordinate_year":2026,"match_method":"exact_municipality_locality_precinct","match_score":1,"coordinate_status":"official_2026_source_file","georeference_confidence":"high","metropolitan":false,"estimated_coordinate":false},"geometry":{"type":"Point","coordinates":[-61.435861,-15.229505]}},{"type":"Feature","properties":{"province":"Velasco","municipality":"San Ignacio","locality":"Mercedes de las Minas","precinct_code":1,"precinct":"U.E. Mercedes De Las Minas","registered_2026":99,"tables_2026":1,"coordinate_source":"OEP_2026_archivo_21_municipios","coordinate_year":2026,"match_method":"exact_municipality_locality_precinct","match_score":1,"coordinate_status":"official_2026_source_file","georeference_confidence":"high","metropolitan":false,"estimated_coordinate":false},"geometry":{"type":"Point","coordinates":[-60.87927,-16.38784]}},{"type":"Feature","properties":{"province":"Velasco","municipality":"San Ignacio","locality":"Miraflores","precinct_code":4004,"precinct":"U.E. Marcos Mejía","registered_2026":45,"tables_2026":1,"coordinate_source":"OEP_2026_archivo_21_municipios","coordinate_year":2026,"match_method":"exact_municipality_locality_precinct","match_score":1,"coordinate_status":"official_2026_source_file","georeference_confidence":"high","metropolitan":false,"estimated_coordinate":false},"geometry":{"type":"Point","coordinates":[-60.398978,-15.709298]}},{"type":"Feature","properties":{"province":"Velasco","municipality":"San Ignacio","locality":"Pailita","precinct_code":1,"precinct":"U.E. Ignacio Dorado","registered_2026":153,"tables_2026":1,"coordinate_source":"OEP_2026_archivo_21_municipios","coordinate_year":2026,"match_method":"exact_municipality_locality_precinct","match_score":1,"coordinate_status":"official_2026_source_file","georeference_confidence":"high","metropolitan":false,"estimated_coordinate":false},"geometry":{"type":"Point","coordinates":[-60.976615,-15.529819]}},{"type":"Feature","properties":{"province":"Velasco","municipality":"San Ignacio","locality":"Palmarito Alto Paragua","precinct_code":1,"precinct":"U.E. Jose Ferreira","registered_2026":120,"tables_2026":1,"coordinate_source":"OEP_2026_archivo_21_municipios","coordinate_year":2026,"match_method":"exact_municipality_locality_precinct","match_score":1,"coordinate_status":"official_2026_source_file","georeference_confidence":"high","metropolitan":false,"estimated_coordinate":false},"geometry":{"type":"Point","coordinates":[-60.966249,-15.389161]}},{"type":"Feature","properties":{"province":"Velasco","municipality":"San Ignacio","locality":"Picaflor","precinct_code":32133,"precinct":"U. E. Petrona Frey Algarañaz","registered_2026":50,"tables_2026":1,"coordinate_source":"OEP_2026_archivo_21_municipios","coordinate_year":2026,"match_method":"exact_municipality_locality_precinct","match_score":1,"coordinate_status":"official_2026_source_file","georeference_confidence":"high","metropolitan":false,"estimated_coordinate":false},"geometry":{"type":"Point","coordinates":[-61.618547,-14.250167]}},{"type":"Feature","properties":{"province":"Velasco","municipality":"San Ignacio","locality":"Piso Firme","precinct_code":4007,"precinct":"U.E. Modesto Gómez Pedraza","registered_2026":273,"tables_2026":2,"coordinate_source":"OEP_2026_archivo_21_municipios","coordinate_year":2026,"match_method":"exact_municipality_locality_precinct","match_score":1,"coordinate_status":"official_2026_source_file","georeference_confidence":"high","metropolitan":false,"estimated_coordinate":false},"geometry":{"type":"Point","coordinates":[-61.737427,-13.630756]}},{"type":"Feature","properties":{"province":"Velasco","municipality":"San Ignacio","locality":"Porvenir","precinct_code":4010,"precinct":"U.E. Porvenir","registered_2026":231,"tables_2026":1,"coordinate_source":"OEP_2026_archivo_21_municipios","coordinate_year":2026,"match_method":"exact_municipality_locality_precinct","match_score":1,"coordinate_status":"official_2026_source_file","georeference_confidence":"high","metropolitan":false,"estimated_coordinate":false},"geometry":{"type":"Point","coordinates":[-61.546949,-13.986032]}},{"type":"Feature","properties":{"province":"Velasco","municipality":"San Ignacio","locality":"Recreo","precinct_code":1,"precinct":"U.E. Virgen de los Pobres","registered_2026":268,"tables_2026":2,"coordinate_source":"OEP_2026_archivo_21_municipios","coordinate_year":2026,"match_method":"exact_municipality_locality_precinct","match_score":1,"coordinate_status":"official_2026_source_file","georeference_confidence":"high","metropolitan":false,"estimated_coordinate":false},"geometry":{"type":"Point","coordinates":[-61.055807,-16.42644]}},{"type":"Feature","properties":{"province":"Velasco","municipality":"San Ignacio","locality":"San Antonio de Santa Rosa","precinct_code":1,"precinct":"U.E. Celedonio Cortezon","registered_2026":350,"tables_2026":2,"coordinate_source":"OEP_2026_archivo_21_municipios","coordinate_year":2026,"match_method":"exact_municipality_locality_precinct","match_score":1,"coordinate_status":"official_2026_source_file","georeference_confidence":"high","metropolitan":false,"estimated_coordinate":false},"geometry":{"type":"Point","coordinates":[-61.15897,-16.03947]}},{"type":"Feature","properties":{"province":"Velasco","municipality":"San Ignacio","locality":"San Bartolo de la Frontera","precinct_code":1,"precinct":"U.E. San Bartolo de La Frontera","registered_2026":216,"tables_2026":1,"coordinate_source":"OEP_2026_archivo_21_municipios","coordinate_year":2026,"match_method":"exact_municipality_locality_precinct","match_score":1,"coordinate_status":"official_2026_source_file","georeference_confidence":"high","metropolitan":false,"estimated_coordinate":false},"geometry":{"type":"Point","coordinates":[-59.896353,-16.299554]}},{"type":"Feature","properties":{"province":"Velasco","municipality":"San Ignacio","locality":"San Ignacio","precinct_code":4000,"precinct":"Esc. Mariscal Sucre","registered_2026":6103,"tables_2026":26,"coordinate_source":"OEP_2026_archivo_21_municipios","coordinate_year":2026,"match_method":"exact_municipality_locality_precinct","match_score":1,"coordinate_status":"official_2026_source_file","georeference_confidence":"high","metropolitan":false,"estimated_coordinate":false},"geometry":{"type":"Point","coordinates":[-60.963627,-16.373737]}},{"type":"Feature","properties":{"province":"Velasco","municipality":"San Ignacio","locality":"San Ignacio","precinct_code":4001,"precinct":"U.E. Carlos Mayser Sauer","registered_2026":3488,"tables_2026":15,"coordinate_source":"OEP_2026_archivo_21_municipios","coordinate_year":2026,"match_method":"exact_municipality_locality_precinct","match_score":1,"coordinate_status":"official_2026_source_file","georeference_confidence":"high","metropolitan":false,"estimated_coordinate":false},"geometry":{"type":"Point","coordinates":[-60.967293,-16.374868]}},{"type":"Feature","properties":{"province":"Velasco","municipality":"San Ignacio","locality":"San Ignacio","precinct_code":24002,"precinct":"Esc. Lic. Senoritas Monsenor Daniel Rive","registered_2026":6950,"tables_2026":29,"coordinate_source":"OEP_2026_archivo_21_municipios","coordinate_year":2026,"match_method":"exact_municipality_locality_precinct","match_score":1,"coordinate_status":"official_2026_source_file","georeference_confidence":"high","metropolitan":false,"estimated_coordinate":false},"geometry":{"type":"Point","coordinates":[-60.95947,-16.381938]}},{"type":"Feature","properties":{"province":"Velasco","municipality":"San Ignacio","locality":"San Ignacio","precinct_code":24020,"precinct":"U.E. Don Bosco Miguel Areje","registered_2026":4784,"tables_2026":20,"coordinate_source":"OEP_2026_archivo_21_municipios","coordinate_year":2026,"match_method":"exact_municipality_locality_precinct","match_score":1,"coordinate_status":"official_2026_source_file","georeference_confidence":"high","metropolitan":false,"estimated_coordinate":false},"geometry":{"type":"Point","coordinates":[-60.9684,-16.38181]}},{"type":"Feature","properties":{"province":"Velasco","municipality":"San Ignacio","locality":"San Ignacio","precinct_code":32052,"precinct":"Coliseo Arturo Añez","registered_2026":1671,"tables_2026":7,"coordinate_source":"OEP_2026_archivo_21_municipios","coordinate_year":2026,"match_method":"exact_municipality_locality_precinct","match_score":1,"coordinate_status":"official_2026_source_file","georeference_confidence":"high","metropolitan":false,"estimated_coordinate":false},"geometry":{"type":"Point","coordinates":[-60.968354,-16.379026]}},{"type":"Feature","properties":{"province":"Velasco","municipality":"San Ignacio","locality":"San Javierito","precinct_code":1,"precinct":"U.E. San Javierito","registered_2026":574,"tables_2026":3,"coordinate_source":"OEP_2026_archivo_21_municipios","coordinate_year":2026,"match_method":"exact_municipality_locality_precinct","match_score":1,"coordinate_status":"official_2026_source_file","georeference_confidence":"high","metropolitan":false,"estimated_coordinate":false},"geometry":{"type":"Point","coordinates":[-61.001639,-16.164732]}},{"type":"Feature","properties":{"province":"Velasco","municipality":"San Ignacio","locality":"San Joaquin de la Frontera","precinct_code":1,"precinct":"U.E. Juana Azurduy De Padilla","registered_2026":91,"tables_2026":1,"coordinate_source":"OEP_2026_archivo_21_municipios","coordinate_year":2026,"match_method":"exact_municipality_locality_precinct","match_score":1,"coordinate_status":"official_2026_source_file","georeference_confidence":"high","metropolitan":false,"estimated_coordinate":false},"geometry":{"type":"Point","coordinates":[-60.216908,-15.905293]}},{"type":"Feature","properties":{"province":"Velasco","municipality":"San Ignacio","locality":"San José de Campamento","precinct_code":6308,"precinct":"Esc. Campamento","registered_2026":680,"tables_2026":3,"coordinate_source":"OEP_2026_archivo_21_municipios","coordinate_year":2026,"match_method":"exact_municipality_locality_precinct","match_score":1,"coordinate_status":"official_2026_source_file","georeference_confidence":"high","metropolitan":false,"estimated_coordinate":false},"geometry":{"type":"Point","coordinates":[-61.017949,-15.178595]}},{"type":"Feature","properties":{"province":"Velasco","municipality":"San Ignacio","locality":"San Josema","precinct_code":1,"precinct":"U.E. Juan de Dios Zabala Silva","registered_2026":163,"tables_2026":1,"coordinate_source":"OEP_2026_archivo_21_municipios","coordinate_year":2026,"match_method":"exact_municipality_locality_precinct","match_score":1,"coordinate_status":"official_2026_source_file","georeference_confidence":"high","metropolitan":false,"estimated_coordinate":false},"geometry":{"type":"Point","coordinates":[-61.037846,-16.263857]}},{"type":"Feature","properties":{"province":"Velasco","municipality":"San Ignacio","locality":"San Juan de Macoño","precinct_code":1,"precinct":"U.E. Joaquín Macoño Roca","registered_2026":112,"tables_2026":1,"coordinate_source":"OEP_2026_archivo_21_municipios","coordinate_year":2026,"match_method":"exact_municipality_locality_precinct","match_score":1,"coordinate_status":"official_2026_source_file","georeference_confidence":"high","metropolitan":false,"estimated_coordinate":false},"geometry":{"type":"Point","coordinates":[-60.297518,-16.046689]}},{"type":"Feature","properties":{"province":"Velasco","municipality":"San Ignacio","locality":"San Lorecinto de la Frontera","precinct_code":1,"precinct":"U.E. San Lorencito de La Frontera","registered_2026":250,"tables_2026":1,"coordinate_source":"OEP_2026_archivo_21_municipios","coordinate_year":2026,"match_method":"exact_municipality_locality_precinct","match_score":1,"coordinate_status":"official_2026_source_file","georeference_confidence":"high","metropolitan":false,"estimated_coordinate":false},"geometry":{"type":"Point","coordinates":[-60.320012,-15.628549]}},{"type":"Feature","properties":{"province":"Velasco","municipality":"San Ignacio","locality":"San Martín de la Colonia","precinct_code":4013,"precinct":"Esc. San Martin","registered_2026":1352,"tables_2026":6,"coordinate_source":"OEP_2026_archivo_21_municipios","coordinate_year":2026,"match_method":"exact_municipality_locality_precinct","match_score":1,"coordinate_status":"official_2026_source_file","georeference_confidence":"high","metropolitan":false,"estimated_coordinate":false},"geometry":{"type":"Point","coordinates":[-61.48943,-15.39137]}},{"type":"Feature","properties":{"province":"Velasco","municipality":"San Ignacio","locality":"San Miguelito de Santa Rosa","precinct_code":1,"precinct":"U.E. Jose Chavez","registered_2026":268,"tables_2026":2,"coordinate_source":"OEP_2026_archivo_21_municipios","coordinate_year":2026,"match_method":"exact_municipality_locality_precinct","match_score":1,"coordinate_status":"official_2026_source_file","georeference_confidence":"high","metropolitan":false,"estimated_coordinate":false},"geometry":{"type":"Point","coordinates":[-61.422436,-15.99493]}},{"type":"Feature","properties":{"province":"Velasco","municipality":"San Ignacio","locality":"San Nicolas del Cerrito","precinct_code":1,"precinct":"U.E. Simon Bolivar","registered_2026":244,"tables_2026":1,"coordinate_source":"OEP_2026_archivo_21_municipios","coordinate_year":2026,"match_method":"exact_municipality_locality_precinct","match_score":1,"coordinate_status":"official_2026_source_file","georeference_confidence":"high","metropolitan":false,"estimated_coordinate":false},"geometry":{"type":"Point","coordinates":[-60.347404,-15.386721]}},{"type":"Feature","properties":{"province":"Velasco","municipality":"San Ignacio","locality":"San Rafaelito de Suponema","precinct_code":1,"precinct":"U.E. Profesor Hernan Capobiano","registered_2026":221,"tables_2026":1,"coordinate_source":"OEP_2026_archivo_21_municipios","coordinate_year":2026,"match_method":"exact_municipality_locality_precinct","match_score":1,"coordinate_status":"official_2026_source_file","georeference_confidence":"high","metropolitan":false,"estimated_coordinate":false},"geometry":{"type":"Point","coordinates":[-60.73782,-16.51591]}},{"type":"Feature","properties":{"province":"Velasco","municipality":"San Ignacio","locality":"San Simon","precinct_code":1,"precinct":"U.E. Jose Pessoa","registered_2026":127,"tables_2026":1,"coordinate_source":"OEP_2026_archivo_21_municipios","coordinate_year":2026,"match_method":"exact_municipality_locality_precinct","match_score":1,"coordinate_status":"official_2026_source_file","georeference_confidence":"high","metropolitan":false,"estimated_coordinate":false},"geometry":{"type":"Point","coordinates":[-60.893579,-15.466968]}},{"type":"Feature","properties":{"province":"Velasco","municipality":"San Ignacio","locality":"San Vicente","precinct_code":4009,"precinct":"U.E. Totaisal","registered_2026":395,"tables_2026":2,"coordinate_source":"OEP_2026_archivo_21_municipios","coordinate_year":2026,"match_method":"exact_municipality_locality_precinct","match_score":1,"coordinate_status":"official_2026_source_file","georeference_confidence":"high","metropolitan":false,"estimated_coordinate":false},"geometry":{"type":"Point","coordinates":[-60.078628,-16.271767]}},{"type":"Feature","properties":{"province":"Velasco","municipality":"San Ignacio","locality":"Santa Ana (Velasco)","precinct_code":4011,"precinct":"U.E. 25 de Mayo de Santa Ana","registered_2026":566,"tables_2026":3,"coordinate_source":"OEP_2026_archivo_21_municipios","coordinate_year":2026,"match_method":"exact_municipality_locality_precinct","match_score":1,"coordinate_status":"official_2026_source_file","georeference_confidence":"high","metropolitan":false,"estimated_coordinate":false},"geometry":{"type":"Point","coordinates":[-60.687086,-16.584973]}},{"type":"Feature","properties":{"province":"Velasco","municipality":"San Ignacio","locality":"Santa Anita de la Frontera","precinct_code":1,"precinct":"U.E. Santa Anita de La Frontera","registered_2026":159,"tables_2026":1,"coordinate_source":"OEP_2026_archivo_21_municipios","coordinate_year":2026,"match_method":"exact_municipality_locality_precinct","match_score":1,"coordinate_status":"official_2026_source_file","georeference_confidence":"high","metropolitan":false,"estimated_coordinate":false},"geometry":{"type":"Point","coordinates":[-60.462362,-16.153595]}},{"type":"Feature","properties":{"province":"Velasco","municipality":"San Ignacio","locality":"Santa Rosa de Roca","precinct_code":4012,"precinct":"Esc. Santa Rosa Roca","registered_2026":3124,"tables_2026":13,"coordinate_source":"OEP_2026_archivo_21_municipios","coordinate_year":2026,"match_method":"exact_municipality_locality_precinct","match_score":1,"coordinate_status":"official_2026_source_file","georeference_confidence":"high","metropolitan":false,"estimated_coordinate":false},"geometry":{"type":"Point","coordinates":[-61.43752,-15.9136]}},{"type":"Feature","properties":{"province":"Velasco","municipality":"San Ignacio","locality":"Tierra Firme","precinct_code":1,"precinct":"U.E. Tierra Firme","registered_2026":392,"tables_2026":2,"coordinate_source":"OEP_2026_archivo_21_municipios","coordinate_year":2026,"match_method":"exact_municipality_locality_precinct","match_score":1,"coordinate_status":"official_2026_source_file","georeference_confidence":"high","metropolitan":false,"estimated_coordinate":false},"geometry":{"type":"Point","coordinates":[-61.244988,-15.511368]}},{"type":"Feature","properties":{"province":"Velasco","municipality":"San Ignacio","locality":"Valle Hermoso","precinct_code":25850,"precinct":"U. E. Tupac Katari","registered_2026":538,"tables_2026":3,"coordinate_source":"OEP_2026_archivo_21_municipios","coordinate_year":2026,"match_method":"exact_municipality_locality_precinct","match_score":1,"coordinate_status":"official_2026_source_file","georeference_confidence":"high","metropolitan":false,"estimated_coordinate":false},"geometry":{"type":"Point","coordinates":[-61.489,-15.151]}},{"type":"Feature","properties":{"province":"Velasco","municipality":"San Miguel","locality":"Altamira","precinct_code":1,"precinct":"U.E. Altamira","registered_2026":138,"tables_2026":1,"coordinate_source":"OEP_GeoElectoral_2da_vuelta_2025","coordinate_year":2025,"match_method":"exact_municipality_locality_precinct","match_score":1,"coordinate_status":"official_2025_carried_forward","georeference_confidence":"high","metropolitan":false,"estimated_coordinate":false},"geometry":{"type":"Point","coordinates":[-61.0463,-16.715139]}},{"type":"Feature","properties":{"province":"Velasco","municipality":"San Miguel","locality":"Corralito Cuarrio","precinct_code":1,"precinct":"U.E. Cuarrio","registered_2026":25,"tables_2026":1,"coordinate_source":"OEP_GeoElectoral_2da_vuelta_2025","coordinate_year":2025,"match_method":"exact_municipality_locality_precinct","match_score":1,"coordinate_status":"official_2025_carried_forward","georeference_confidence":"high","metropolitan":false,"estimated_coordinate":false},"geometry":{"type":"Point","coordinates":[-60.91503,-16.6861]}},{"type":"Feature","properties":{"province":"Velasco","municipality":"San Miguel","locality":"Cruz del Tocoigo","precinct_code":1,"precinct":"U.E. El Tacoigo","registered_2026":238,"tables_2026":1,"coordinate_source":"OEP_GeoElectoral_2da_vuelta_2025","coordinate_year":2025,"match_method":"exact_municipality_locality_precinct","match_score":1,"coordinate_status":"official_2025_carried_forward","georeference_confidence":"high","metropolitan":false,"estimated_coordinate":false},"geometry":{"type":"Point","coordinates":[-61.152215,-16.62107]}},{"type":"Feature","properties":{"province":"Velasco","municipality":"San Miguel","locality":"Pasiviqui","precinct_code":1,"precinct":"U.E. Pasiviqui","registered_2026":27,"tables_2026":1,"coordinate_source":"OEP_GeoElectoral_2da_vuelta_2025","coordinate_year":2025,"match_method":"exact_municipality_locality_precinct","match_score":1,"coordinate_status":"official_2025_carried_forward","georeference_confidence":"high","metropolitan":false,"estimated_coordinate":false},"geometry":{"type":"Point","coordinates":[-60.979079,-16.489567]}},{"type":"Feature","properties":{"province":"Velasco","municipality":"San Miguel","locality":"San Juan del Lomerío","precinct_code":24016,"precinct":"U.E. San Juan de Lomerio","registered_2026":650,"tables_2026":3,"coordinate_source":"OEP_GeoElectoral_2da_vuelta_2025","coordinate_year":2025,"match_method":"exact_municipality_locality_precinct","match_score":1,"coordinate_status":"official_2025_carried_forward","georeference_confidence":"high","metropolitan":false,"estimated_coordinate":false},"geometry":{"type":"Point","coordinates":[-61.492061,-17.076644]}},{"type":"Feature","properties":{"province":"Velasco","municipality":"San Miguel","locality":"San Luisito de Lima","precinct_code":1,"precinct":"U.E. San Luisito","registered_2026":46,"tables_2026":1,"coordinate_source":"OEP_GeoElectoral_2da_vuelta_2025","coordinate_year":2025,"match_method":"exact_municipality_locality_precinct","match_score":1,"coordinate_status":"official_2025_carried_forward","georeference_confidence":"high","metropolitan":false,"estimated_coordinate":false},"geometry":{"type":"Point","coordinates":[-61.226189,-16.791549]}},{"type":"Feature","properties":{"province":"Velasco","municipality":"San Miguel","locality":"San Miguel","precinct_code":4014,"precinct":"U.E. Monseñor Belisario Santisteban","registered_2026":2300,"tables_2026":10,"coordinate_source":"OEP_GeoElectoral_2da_vuelta_2025","coordinate_year":2025,"match_method":"exact_municipality_locality_precinct","match_score":1,"coordinate_status":"official_2025_carried_forward","georeference_confidence":"high","metropolitan":false,"estimated_coordinate":false},"geometry":{"type":"Point","coordinates":[-60.96719,-16.70072]}},{"type":"Feature","properties":{"province":"Velasco","municipality":"San Miguel","locality":"San Miguel","precinct_code":4015,"precinct":"Esc. Jose J.Dorado","registered_2026":1581,"tables_2026":7,"coordinate_source":"OEP_GeoElectoral_2da_vuelta_2025","coordinate_year":2025,"match_method":"exact_municipality_locality_precinct","match_score":1,"coordinate_status":"official_2025_carried_forward","georeference_confidence":"high","metropolitan":false,"estimated_coordinate":false},"geometry":{"type":"Point","coordinates":[-60.96856,-16.69866]}},{"type":"Feature","properties":{"province":"Velasco","municipality":"San Miguel","locality":"San Miguel","precinct_code":32048,"precinct":"Coliseo Municipal de San Miguel","registered_2026":1813,"tables_2026":8,"coordinate_source":"OEP_GeoElectoral_2da_vuelta_2025","coordinate_year":2025,"match_method":"exact_municipality_locality_precinct","match_score":1,"coordinate_status":"official_2025_carried_forward","georeference_confidence":"high","metropolitan":false,"estimated_coordinate":false},"geometry":{"type":"Point","coordinates":[-60.968204,-16.701055]}},{"type":"Feature","properties":{"province":"Velasco","municipality":"San Miguel","locality":"San Miguel","precinct_code":32097,"precinct":"U. E. René Barrientos Ortuño","registered_2026":223,"tables_2026":1,"coordinate_source":"OEP_GeoElectoral_2da_vuelta_2025","coordinate_year":2025,"match_method":"exact_municipality_locality_precinct","match_score":1,"coordinate_status":"official_2025_carried_forward","georeference_confidence":"high","metropolitan":false,"estimated_coordinate":false},"geometry":{"type":"Point","coordinates":[-60.970206,-16.693993]}},{"type":"Feature","properties":{"province":"Velasco","municipality":"San Miguel","locality":"San Pedro de Sapoco","precinct_code":1,"precinct":"U.E. Sapoco","registered_2026":477,"tables_2026":2,"coordinate_source":"OEP_GeoElectoral_2da_vuelta_2025","coordinate_year":2025,"match_method":"exact_municipality_locality_precinct","match_score":1,"coordinate_status":"official_2025_carried_forward","georeference_confidence":"high","metropolitan":false,"estimated_coordinate":false},"geometry":{"type":"Point","coordinates":[-60.99136,-16.611936]}},{"type":"Feature","properties":{"province":"Velasco","municipality":"San Miguel","locality":"San Pedro del Cerrito","precinct_code":1,"precinct":"U.E. El Cerrito","registered_2026":94,"tables_2026":1,"coordinate_source":"OEP_GeoElectoral_2da_vuelta_2025","coordinate_year":2025,"match_method":"exact_municipality_locality_precinct","match_score":1,"coordinate_status":"official_2025_carried_forward","georeference_confidence":"high","metropolitan":false,"estimated_coordinate":false},"geometry":{"type":"Point","coordinates":[-61.1039,-16.61456]}},{"type":"Feature","properties":{"province":"Velasco","municipality":"San Rafael","locality":"El Tuná","precinct_code":6320,"precinct":"U.E. El Tuna","registered_2026":280,"tables_2026":2,"coordinate_source":"OEP_GeoElectoral_2da_vuelta_2025","coordinate_year":2025,"match_method":"exact_municipality_locality_precinct","match_score":1,"coordinate_status":"official_2025_carried_forward","georeference_confidence":"high","metropolitan":false,"estimated_coordinate":false},"geometry":{"type":"Point","coordinates":[-59.698296,-16.631739]}},{"type":"Feature","properties":{"province":"Velasco","municipality":"San Rafael","locality":"Miraflores II","precinct_code":1,"precinct":"U.E. Miraflores","registered_2026":710,"tables_2026":3,"coordinate_source":"OEP_GeoElectoral_2da_vuelta_2025","coordinate_year":2025,"match_method":"exact_municipality_locality_precinct","match_score":1,"coordinate_status":"official_2025_carried_forward","georeference_confidence":"high","metropolitan":false,"estimated_coordinate":false},"geometry":{"type":"Point","coordinates":[-60.580512,-17.121726]}},{"type":"Feature","properties":{"province":"Velasco","municipality":"San Rafael","locality":"San Rafael","precinct_code":24017,"precinct":"U.E. Nacional Godofredo Trenker","registered_2026":2936,"tables_2026":13,"coordinate_source":"OEP_GeoElectoral_2da_vuelta_2025","coordinate_year":2025,"match_method":"exact_municipality_locality_precinct","match_score":1,"coordinate_status":"official_2025_carried_forward","georeference_confidence":"high","metropolitan":false,"estimated_coordinate":false},"geometry":{"type":"Point","coordinates":[-60.67352,-16.78576]}},{"type":"Feature","properties":{"province":"Velasco","municipality":"San Rafael","locality":"Villa Fátima","precinct_code":6319,"precinct":"U.E. Villa Fatima","registered_2026":100,"tables_2026":1,"coordinate_source":"OEP_GeoElectoral_2da_vuelta_2025","coordinate_year":2025,"match_method":"exact_municipality_locality_precinct","match_score":1,"coordinate_status":"official_2025_carried_forward","georeference_confidence":"high","metropolitan":false,"estimated_coordinate":false},"geometry":{"type":"Point","coordinates":[-60.604289,-16.96471]}},{"type":"Feature","properties":{"province":"Warnes","municipality":"Okinawa Uno","locality":"Nueva Aurora","precinct_code":1,"precinct":"Esc. Nueva Aurora","registered_2026":96,"tables_2026":1,"coordinate_source":"OEP_GeoElectoral_2da_vuelta_2025","coordinate_year":2025,"match_method":"exact_municipality_locality_precinct","match_score":1,"coordinate_status":"official_2025_carried_forward","georeference_confidence":"high","metropolitan":false,"estimated_coordinate":false},"geometry":{"type":"Point","coordinates":[-62.80148,-17.49827]}},{"type":"Feature","properties":{"province":"Warnes","municipality":"Okinawa Uno","locality":"Nueva Esperanza","precinct_code":6416,"precinct":"Esc. Unidad Educativa Nueva Esperanza","registered_2026":250,"tables_2026":1,"coordinate_source":"OEP_GeoElectoral_2da_vuelta_2025","coordinate_year":2025,"match_method":"exact_municipality_locality_precinct","match_score":1,"coordinate_status":"official_2025_carried_forward","georeference_confidence":"high","metropolitan":false,"estimated_coordinate":false},"geometry":{"type":"Point","coordinates":[-62.786095,-17.248256]}},{"type":"Feature","properties":{"province":"Warnes","municipality":"Okinawa Uno","locality":"Nuevo Horizonte","precinct_code":25019,"precinct":"Escuela Unid. Edu.Nuevo Horizonte","registered_2026":1127,"tables_2026":5,"coordinate_source":"OEP_GeoElectoral_2da_vuelta_2025","coordinate_year":2025,"match_method":"exact_municipality_locality_precinct","match_score":1,"coordinate_status":"official_2025_carried_forward","georeference_confidence":"high","metropolitan":false,"estimated_coordinate":false},"geometry":{"type":"Point","coordinates":[-62.80159,-17.32424]}},{"type":"Feature","properties":{"province":"Warnes","municipality":"Okinawa Uno","locality":"Okinawa 1","precinct_code":25020,"precinct":"Escuela Colegio Evangelico Metodista","registered_2026":2351,"tables_2026":10,"coordinate_source":"OEP_GeoElectoral_2da_vuelta_2025","coordinate_year":2025,"match_method":"exact_municipality_locality_precinct","match_score":1,"coordinate_status":"official_2025_carried_forward","georeference_confidence":"high","metropolitan":false,"estimated_coordinate":false},"geometry":{"type":"Point","coordinates":[-62.889175,-17.219152]}},{"type":"Feature","properties":{"province":"Warnes","municipality":"Okinawa Uno","locality":"Okinawa 1","precinct_code":32042,"precinct":"U.E. Nueva Andalucía","registered_2026":1869,"tables_2026":8,"coordinate_source":"OEP_GeoElectoral_2da_vuelta_2025","coordinate_year":2025,"match_method":"exact_municipality_locality_precinct","match_score":1,"coordinate_status":"official_2025_carried_forward","georeference_confidence":"high","metropolitan":false,"estimated_coordinate":false},"geometry":{"type":"Point","coordinates":[-62.889111,-17.21246]}},{"type":"Feature","properties":{"province":"Warnes","municipality":"Okinawa Uno","locality":"Okinawa 1","precinct_code":32096,"precinct":"U. E. Modelo Okinawa","registered_2026":239,"tables_2026":1,"coordinate_source":"OEP_GeoElectoral_2da_vuelta_2025","coordinate_year":2025,"match_method":"exact_municipality_locality_precinct","match_score":1,"coordinate_status":"official_2025_carried_forward","georeference_confidence":"high","metropolitan":false,"estimated_coordinate":false},"geometry":{"type":"Point","coordinates":[-62.895345,-17.224058]}},{"type":"Feature","properties":{"province":"Warnes","municipality":"Okinawa Uno","locality":"Puerto Nuevo","precinct_code":5018,"precinct":"Esc. Unid. Edu. Seccional Puerto Nuevo","registered_2026":400,"tables_2026":2,"coordinate_source":"OEP_GeoElectoral_2da_vuelta_2025","coordinate_year":2025,"match_method":"exact_municipality_locality_precinct","match_score":1,"coordinate_status":"official_2025_carried_forward","georeference_confidence":"high","metropolitan":false,"estimated_coordinate":false},"geometry":{"type":"Point","coordinates":[-62.790182,-17.179086]}},{"type":"Feature","properties":{"province":"Warnes","municipality":"Okinawa Uno","locality":"San Miguel","precinct_code":25050,"precinct":"Esc. Unid. Edu. San Miguel","registered_2026":633,"tables_2026":3,"coordinate_source":"OEP_GeoElectoral_2da_vuelta_2025","coordinate_year":2025,"match_method":"exact_municipality_locality_precinct","match_score":1,"coordinate_status":"official_2025_carried_forward","georeference_confidence":"high","metropolitan":false,"estimated_coordinate":false},"geometry":{"type":"Point","coordinates":[-62.904087,-17.439978]}},{"type":"Feature","properties":{"province":"Warnes","municipality":"Okinawa Uno","locality":"Villa Reyes","precinct_code":5023,"precinct":"U.E. 24 De Marzo","registered_2026":104,"tables_2026":1,"coordinate_source":"OEP_GeoElectoral_2da_vuelta_2025","coordinate_year":2025,"match_method":"exact_municipality_locality_precinct","match_score":1,"coordinate_status":"official_2025_carried_forward","georeference_confidence":"high","metropolitan":false,"estimated_coordinate":false},"geometry":{"type":"Point","coordinates":[-62.818468,-17.394188]}},{"type":"Feature","properties":{"province":"Warnes","municipality":"Warnes","locality":"Alba Tapera","precinct_code":1,"precinct":"Esc. Unid. Edu. 21 De Octubre","registered_2026":454,"tables_2026":2,"coordinate_source":"OEP_2026_archivo_21_municipios","coordinate_year":2026,"match_method":"exact_municipality_locality_precinct","match_score":1,"coordinate_status":"official_2026_source_file","georeference_confidence":"high","metropolitan":true,"estimated_coordinate":false},"geometry":{"type":"Point","coordinates":[-62.991847,-17.409913]}},{"type":"Feature","properties":{"province":"Warnes","municipality":"Warnes","locality":"Asusaquí","precinct_code":25008,"precinct":"Esc. Seccional Azuzaqui","registered_2026":495,"tables_2026":2,"coordinate_source":"OEP_2026_archivo_21_municipios","coordinate_year":2026,"match_method":"exact_municipality_locality_precinct","match_score":1,"coordinate_status":"official_2026_source_file","georeference_confidence":"high","metropolitan":true,"estimated_coordinate":false},"geometry":{"type":"Point","coordinates":[-63.159461,-17.432345]}},{"type":"Feature","properties":{"province":"Warnes","municipality":"Warnes","locality":"Buena Fe","precinct_code":1,"precinct":"U.E. Buena Fe","registered_2026":3258,"tables_2026":14,"coordinate_source":"OEP_2026_archivo_21_municipios","coordinate_year":2026,"match_method":"exact_municipality_locality_precinct","match_score":1,"coordinate_status":"official_2026_source_file","georeference_confidence":"high","metropolitan":true,"estimated_coordinate":false},"geometry":{"type":"Point","coordinates":[-63.139309,-17.618901]}},{"type":"Feature","properties":{"province":"Warnes","municipality":"Warnes","locality":"Clara Chuchío","precinct_code":5010,"precinct":"Esc. Nucleo Central Clara Chuchio","registered_2026":1172,"tables_2026":5,"coordinate_source":"OEP_2026_archivo_21_municipios","coordinate_year":2026,"match_method":"exact_municipality_locality_precinct","match_score":1,"coordinate_status":"official_2026_source_file","georeference_confidence":"high","metropolitan":true,"estimated_coordinate":false},"geometry":{"type":"Point","coordinates":[-63.104742,-17.616399]}},{"type":"Feature","properties":{"province":"Warnes","municipality":"Warnes","locality":"El Tajibo","precinct_code":5014,"precinct":"Esc. Unid. Edu. El Tajibo","registered_2026":1028,"tables_2026":5,"coordinate_source":"OEP_2026_archivo_21_municipios","coordinate_year":2026,"match_method":"exact_municipality_locality_precinct","match_score":1,"coordinate_status":"official_2026_source_file","georeference_confidence":"high","metropolitan":true,"estimated_coordinate":false},"geometry":{"type":"Point","coordinates":[-62.996463,-17.246978]}},{"type":"Feature","properties":{"province":"Warnes","municipality":"Warnes","locality":"Futuro","precinct_code":1,"precinct":"Esc. Unid. Edu. Seccional El Futuro","registered_2026":110,"tables_2026":1,"coordinate_source":"OEP_2026_archivo_21_municipios","coordinate_year":2026,"match_method":"exact_municipality_locality_precinct","match_score":1,"coordinate_status":"official_2026_source_file","georeference_confidence":"high","metropolitan":true,"estimated_coordinate":false},"geometry":{"type":"Point","coordinates":[-63.0559,-17.36139]}},{"type":"Feature","properties":{"province":"Warnes","municipality":"Warnes","locality":"Juan Latino","precinct_code":5021,"precinct":"Esc. Unid. Edu.  Juan Latino","registered_2026":696,"tables_2026":3,"coordinate_source":"OEP_2026_archivo_21_municipios","coordinate_year":2026,"match_method":"exact_municipality_locality_precinct","match_score":1,"coordinate_status":"official_2026_source_file","georeference_confidence":"high","metropolitan":true,"estimated_coordinate":false},"geometry":{"type":"Point","coordinates":[-63.221114,-17.444301]}},{"type":"Feature","properties":{"province":"Warnes","municipality":"Warnes","locality":"La Esperanza","precinct_code":5015,"precinct":"Esc.  Unid. Edu. Felix Paz Vieira","registered_2026":407,"tables_2026":2,"coordinate_source":"OEP_2026_archivo_21_municipios","coordinate_year":2026,"match_method":"exact_municipality_locality_precinct","match_score":1,"coordinate_status":"official_2026_source_file","georeference_confidence":"high","metropolitan":true,"estimated_coordinate":false},"geometry":{"type":"Point","coordinates":[-63.043467,-17.293579]}},{"type":"Feature","properties":{"province":"Warnes","municipality":"Warnes","locality":"La Finca","precinct_code":25006,"precinct":"Esc. Angelmira Monte  de Dalence","registered_2026":669,"tables_2026":3,"coordinate_source":"OEP_2026_archivo_21_municipios","coordinate_year":2026,"match_method":"exact_municipality_locality_precinct","match_score":1,"coordinate_status":"official_2026_source_file","georeference_confidence":"high","metropolitan":true,"estimated_coordinate":false},"geometry":{"type":"Point","coordinates":[-62.96617,-17.45183]}},{"type":"Feature","properties":{"province":"Warnes","municipality":"Warnes","locality":"La Marina","precinct_code":5007,"precinct":"Esc. Seccional La Marina","registered_2026":587,"tables_2026":3,"coordinate_source":"OEP_2026_archivo_21_municipios","coordinate_year":2026,"match_method":"exact_municipality_locality_precinct","match_score":1,"coordinate_status":"official_2026_source_file","georeference_confidence":"high","metropolitan":true,"estimated_coordinate":false},"geometry":{"type":"Point","coordinates":[-63.00195,-17.4187]}},{"type":"Feature","properties":{"province":"Warnes","municipality":"Warnes","locality":"La Reforma","precinct_code":5017,"precinct":"Esc. Unid. Edu.  La Reforma","registered_2026":917,"tables_2026":4,"coordinate_source":"OEP_2026_archivo_21_municipios","coordinate_year":2026,"match_method":"exact_municipality_locality_precinct","match_score":1,"coordinate_status":"official_2026_source_file","georeference_confidence":"high","metropolitan":true,"estimated_coordinate":false},"geometry":{"type":"Point","coordinates":[-63.070011,-17.26757]}},{"type":"Feature","properties":{"province":"Warnes","municipality":"Warnes","locality":"Las Barreras","precinct_code":5022,"precinct":"Esc. Las Barreras","registered_2026":2445,"tables_2026":11,"coordinate_source":"OEP_2026_archivo_21_municipios","coordinate_year":2026,"match_method":"exact_municipality_locality_precinct","match_score":1,"coordinate_status":"official_2026_source_file","georeference_confidence":"high","metropolitan":true,"estimated_coordinate":false},"geometry":{"type":"Point","coordinates":[-63.180011,-17.448452]}},{"type":"Feature","properties":{"province":"Warnes","municipality":"Warnes","locality":"Las Gamas (Warnes)","precinct_code":5011,"precinct":"Esc. Adrian Justiniano Roca","registered_2026":765,"tables_2026":4,"coordinate_source":"OEP_2026_archivo_21_municipios","coordinate_year":2026,"match_method":"exact_municipality_locality_precinct","match_score":1,"coordinate_status":"official_2026_source_file","georeference_confidence":"high","metropolitan":true,"estimated_coordinate":false},"geometry":{"type":"Point","coordinates":[-63.01891,-17.59505]}},{"type":"Feature","properties":{"province":"Warnes","municipality":"Warnes","locality":"Los Chacos","precinct_code":5013,"precinct":"U.E. John Fitzgerold Kennedy","registered_2026":438,"tables_2026":2,"coordinate_source":"OEP_2026_archivo_21_municipios","coordinate_year":2026,"match_method":"exact_municipality_locality_precinct","match_score":1,"coordinate_status":"official_2026_source_file","georeference_confidence":"high","metropolitan":true,"estimated_coordinate":false},"geometry":{"type":"Point","coordinates":[-63.017379,-17.288402]}},{"type":"Feature","properties":{"province":"Warnes","municipality":"Warnes","locality":"Motacú","precinct_code":25012,"precinct":"Esc. Unid. Edu.   Motacu","registered_2026":401,"tables_2026":2,"coordinate_source":"OEP_2026_archivo_21_municipios","coordinate_year":2026,"match_method":"exact_municipality_locality_precinct","match_score":1,"coordinate_status":"official_2026_source_file","georeference_confidence":"high","metropolitan":true,"estimated_coordinate":false},"geometry":{"type":"Point","coordinates":[-63.118129,-17.555541]}},{"type":"Feature","properties":{"province":"Warnes","municipality":"Warnes","locality":"Naranjal","precinct_code":5004,"precinct":"U.E. Naranjal Don Bosco","registered_2026":1211,"tables_2026":5,"coordinate_source":"OEP_2026_archivo_21_municipios","coordinate_year":2026,"match_method":"exact_municipality_locality_precinct","match_score":1,"coordinate_status":"official_2026_source_file","georeference_confidence":"high","metropolitan":true,"estimated_coordinate":false},"geometry":{"type":"Point","coordinates":[-63.207451,-17.40387]}},{"type":"Feature","properties":{"province":"Warnes","municipality":"Warnes","locality":"Satélite Norte","precinct_code":1,"precinct":"Esc. Ciudad Satelite Norte","registered_2026":7470,"tables_2026":32,"coordinate_source":"OEP_2026_archivo_21_municipios","coordinate_year":2026,"match_method":"exact_municipality_locality_precinct","match_score":1,"coordinate_status":"official_2026_source_file","georeference_confidence":"high","metropolitan":true,"estimated_coordinate":false},"geometry":{"type":"Point","coordinates":[-63.14571,-17.60657]}},{"type":"Feature","properties":{"province":"Warnes","municipality":"Warnes","locality":"Satélite Norte","precinct_code":2,"precinct":"U.E. Potrero Largo","registered_2026":3314,"tables_2026":14,"coordinate_source":"OEP_2026_archivo_21_municipios","coordinate_year":2026,"match_method":"exact_municipality_locality_precinct","match_score":1,"coordinate_status":"official_2026_source_file","georeference_confidence":"high","metropolitan":true,"estimated_coordinate":false},"geometry":{"type":"Point","coordinates":[-63.12051,-17.58664]}},{"type":"Feature","properties":{"province":"Warnes","municipality":"Warnes","locality":"Satélite Norte","precinct_code":3,"precinct":"Esc. Juana Azurduy De Padilla","registered_2026":3435,"tables_2026":15,"coordinate_source":"OEP_2026_archivo_21_municipios","coordinate_year":2026,"match_method":"exact_municipality_locality_precinct","match_score":1,"coordinate_status":"official_2026_source_file","georeference_confidence":"high","metropolitan":true,"estimated_coordinate":false},"geometry":{"type":"Point","coordinates":[-63.136981,-17.605405]}},{"type":"Feature","properties":{"province":"Warnes","municipality":"Warnes","locality":"Satélite Norte","precinct_code":4,"precinct":"U.E. San Juan","registered_2026":2576,"tables_2026":11,"coordinate_source":"OEP_2026_archivo_21_municipios","coordinate_year":2026,"match_method":"exact_municipality_locality_precinct","match_score":1,"coordinate_status":"official_2026_source_file","georeference_confidence":"high","metropolitan":true,"estimated_coordinate":false},"geometry":{"type":"Point","coordinates":[-63.153814,-17.607187]}},{"type":"Feature","properties":{"province":"Warnes","municipality":"Warnes","locality":"Satélite Norte","precinct_code":5,"precinct":"U.E. Monte Carmelo","registered_2026":2575,"tables_2026":11,"coordinate_source":"OEP_2026_archivo_21_municipios","coordinate_year":2026,"match_method":"exact_municipality_locality_precinct","match_score":1,"coordinate_status":"official_2026_source_file","georeference_confidence":"high","metropolitan":true,"estimated_coordinate":false},"geometry":{"type":"Point","coordinates":[-63.116425,-17.598479]}},{"type":"Feature","properties":{"province":"Warnes","municipality":"Warnes","locality":"Satélite Norte","precinct_code":6,"precinct":"U.E. El Manantial","registered_2026":2496,"tables_2026":11,"coordinate_source":"OEP_2026_archivo_21_municipios","coordinate_year":2026,"match_method":"exact_municipality_locality_precinct","match_score":1,"coordinate_status":"official_2026_source_file","georeference_confidence":"high","metropolitan":true,"estimated_coordinate":false},"geometry":{"type":"Point","coordinates":[-63.12106,-17.60827]}},{"type":"Feature","properties":{"province":"Warnes","municipality":"Warnes","locality":"Satélite Norte","precinct_code":7,"precinct":"U.E. Campo Rosso 4 de Abril","registered_2026":2827,"tables_2026":12,"coordinate_source":"OEP_2026_archivo_21_municipios","coordinate_year":2026,"match_method":"exact_municipality_locality_precinct","match_score":1,"coordinate_status":"official_2026_source_file","georeference_confidence":"high","metropolitan":true,"estimated_coordinate":false},"geometry":{"type":"Point","coordinates":[-63.13654,-17.59862]}},{"type":"Feature","properties":{"province":"Warnes","municipality":"Warnes","locality":"Satélite Norte","precinct_code":8,"precinct":"26 de Marzo","registered_2026":1117,"tables_2026":5,"coordinate_source":"OEP_2026_archivo_21_municipios","coordinate_year":2026,"match_method":"exact_municipality_locality_precinct","match_score":1,"coordinate_status":"official_2026_source_file","georeference_confidence":"high","metropolitan":true,"estimated_coordinate":false},"geometry":{"type":"Point","coordinates":[-63.13284,-17.58807]}},{"type":"Feature","properties":{"province":"Warnes","municipality":"Warnes","locality":"Satélite Norte","precinct_code":9,"precinct":"U.E. Maximo Novillo","registered_2026":5578,"tables_2026":24,"coordinate_source":"OEP_2026_archivo_21_municipios","coordinate_year":2026,"match_method":"exact_municipality_locality_precinct","match_score":1,"coordinate_status":"official_2026_source_file","georeference_confidence":"high","metropolitan":true,"estimated_coordinate":false},"geometry":{"type":"Point","coordinates":[-63.176918,-17.597506]}},{"type":"Feature","properties":{"province":"Warnes","municipality":"Warnes","locality":"Satélite Norte","precinct_code":25462,"precinct":"U.E. Juancito Pinto","registered_2026":2503,"tables_2026":11,"coordinate_source":"OEP_2026_archivo_21_municipios","coordinate_year":2026,"match_method":"exact_municipality_locality_precinct","match_score":1,"coordinate_status":"official_2026_source_file","georeference_confidence":"high","metropolitan":true,"estimated_coordinate":false},"geometry":{"type":"Point","coordinates":[-63.141667,-17.581367]}},{"type":"Feature","properties":{"province":"Warnes","municipality":"Warnes","locality":"Satélite Norte","precinct_code":25463,"precinct":"U.E. Satelite Norte","registered_2026":3582,"tables_2026":15,"coordinate_source":"OEP_2026_archivo_21_municipios","coordinate_year":2026,"match_method":"exact_municipality_locality_precinct","match_score":1,"coordinate_status":"official_2026_source_file","georeference_confidence":"high","metropolitan":true,"estimated_coordinate":false},"geometry":{"type":"Point","coordinates":[-63.145107,-17.608407]}},{"type":"Feature","properties":{"province":"Warnes","municipality":"Warnes","locality":"Satélite Norte","precinct_code":25464,"precinct":"U.E. Nueva Jerusalen Pentaguazu","registered_2026":2435,"tables_2026":11,"coordinate_source":"OEP_2026_archivo_21_municipios","coordinate_year":2026,"match_method":"exact_municipality_locality_precinct","match_score":1,"coordinate_status":"official_2026_source_file","georeference_confidence":"high","metropolitan":true,"estimated_coordinate":false},"geometry":{"type":"Point","coordinates":[-63.128957,-17.602407]}},{"type":"Feature","properties":{"province":"Warnes","municipality":"Warnes","locality":"Satélite Norte","precinct_code":25465,"precinct":"Politecnico Pentaguazu","registered_2026":465,"tables_2026":2,"coordinate_source":"OEP_2026_archivo_21_municipios","coordinate_year":2026,"match_method":"exact_municipality_locality_precinct","match_score":1,"coordinate_status":"official_2026_source_file","georeference_confidence":"high","metropolitan":true,"estimated_coordinate":false},"geometry":{"type":"Point","coordinates":[-63.130771,-17.595029]}},{"type":"Feature","properties":{"province":"Warnes","municipality":"Warnes","locality":"Satélite Norte","precinct_code":26342,"precinct":"U. E. San Francisco de Borja","registered_2026":1351,"tables_2026":6,"coordinate_source":"OEP_2026_archivo_21_municipios","coordinate_year":2026,"match_method":"exact_municipality_locality_precinct","match_score":1,"coordinate_status":"official_2026_source_file","georeference_confidence":"high","metropolitan":true,"estimated_coordinate":false},"geometry":{"type":"Point","coordinates":[-63.095936,-17.582763]}},{"type":"Feature","properties":{"province":"Warnes","municipality":"Warnes","locality":"Satélite Norte","precinct_code":26352,"precinct":"U. E. Prof. Carmelo Duran Mejia","registered_2026":2013,"tables_2026":9,"coordinate_source":"OEP_2026_archivo_21_municipios","coordinate_year":2026,"match_method":"exact_municipality_locality_precinct","match_score":1,"coordinate_status":"official_2026_source_file","georeference_confidence":"high","metropolitan":true,"estimated_coordinate":false},"geometry":{"type":"Point","coordinates":[-63.166315,-17.597567]}},{"type":"Feature","properties":{"province":"Warnes","municipality":"Warnes","locality":"Satélite Norte","precinct_code":26379,"precinct":"U.E. Marcelo Quiroga Santa Cruz","registered_2026":589,"tables_2026":3,"coordinate_source":"OEP_2026_archivo_21_municipios","coordinate_year":2026,"match_method":"exact_municipality_locality_precinct","match_score":1,"coordinate_status":"official_2026_source_file","georeference_confidence":"high","metropolitan":true,"estimated_coordinate":false},"geometry":{"type":"Point","coordinates":[-63.140766,-17.601107]}},{"type":"Feature","properties":{"province":"Warnes","municipality":"Warnes","locality":"Satélite Norte","precinct_code":26381,"precinct":"U.E. Téc. Humanístico Juan Pablo II","registered_2026":1306,"tables_2026":6,"coordinate_source":"OEP_2026_archivo_21_municipios","coordinate_year":2026,"match_method":"exact_municipality_locality_precinct","match_score":1,"coordinate_status":"official_2026_source_file","georeference_confidence":"high","metropolitan":true,"estimated_coordinate":false},"geometry":{"type":"Point","coordinates":[-63.139366,-17.594771]}},{"type":"Feature","properties":{"province":"Warnes","municipality":"Warnes","locality":"Satélite Norte","precinct_code":32058,"precinct":"Coliseo Satélite Norte","registered_2026":2627,"tables_2026":11,"coordinate_source":"OEP_2026_archivo_21_municipios","coordinate_year":2026,"match_method":"exact_municipality_locality_precinct","match_score":1,"coordinate_status":"official_2026_source_file","georeference_confidence":"high","metropolitan":true,"estimated_coordinate":false},"geometry":{"type":"Point","coordinates":[-63.141335,-17.60559]}},{"type":"Feature","properties":{"province":"Warnes","municipality":"Warnes","locality":"Tocomechí El Barrial","precinct_code":5005,"precinct":"Esc. Mariano Vaca Montero","registered_2026":1376,"tables_2026":6,"coordinate_source":"OEP_2026_archivo_21_municipios","coordinate_year":2026,"match_method":"exact_municipality_locality_precinct","match_score":1,"coordinate_status":"official_2026_source_file","georeference_confidence":"high","metropolitan":true,"estimated_coordinate":false},"geometry":{"type":"Point","coordinates":[-63.046189,-17.491259]}},{"type":"Feature","properties":{"province":"Warnes","municipality":"Warnes","locality":"Turobito","precinct_code":5009,"precinct":"Esc. Turobito","registered_2026":487,"tables_2026":2,"coordinate_source":"OEP_2026_archivo_21_municipios","coordinate_year":2026,"match_method":"exact_municipality_locality_precinct","match_score":1,"coordinate_status":"official_2026_source_file","georeference_confidence":"high","metropolitan":true,"estimated_coordinate":false},"geometry":{"type":"Point","coordinates":[-63.145014,-17.364713]}},{"type":"Feature","properties":{"province":"Warnes","municipality":"Warnes","locality":"Valle Sánchez (Warnes)","precinct_code":25003,"precinct":"Esc. Valle Sanchez","registered_2026":2850,"tables_2026":12,"coordinate_source":"OEP_2026_archivo_21_municipios","coordinate_year":2026,"match_method":"exact_municipality_locality_precinct","match_score":1,"coordinate_status":"official_2026_source_file","georeference_confidence":"high","metropolitan":true,"estimated_coordinate":false},"geometry":{"type":"Point","coordinates":[-63.165638,-17.656027]}},{"type":"Feature","properties":{"province":"Warnes","municipality":"Warnes","locality":"Valle Sánchez (Warnes)","precinct_code":25004,"precinct":"Esc. Terracor","registered_2026":3946,"tables_2026":17,"coordinate_source":"OEP_2026_archivo_21_municipios","coordinate_year":2026,"match_method":"exact_municipality_locality_precinct","match_score":1,"coordinate_status":"official_2026_source_file","georeference_confidence":"high","metropolitan":true,"estimated_coordinate":false},"geometry":{"type":"Point","coordinates":[-63.186553,-17.655594]}},{"type":"Feature","properties":{"province":"Warnes","municipality":"Warnes","locality":"Valle Sánchez (Warnes)","precinct_code":25466,"precinct":"U.E. Akualand","registered_2026":1955,"tables_2026":9,"coordinate_source":"OEP_2026_archivo_21_municipios","coordinate_year":2026,"match_method":"exact_municipality_locality_precinct","match_score":1,"coordinate_status":"official_2026_source_file","georeference_confidence":"high","metropolitan":true,"estimated_coordinate":false},"geometry":{"type":"Point","coordinates":[-63.172042,-17.644026]}},{"type":"Feature","properties":{"province":"Warnes","municipality":"Warnes","locality":"Valle Sánchez (Warnes)","precinct_code":32049,"precinct":"U.E. Valle Sanchez (Módulo Educativo)","registered_2026":2164,"tables_2026":9,"coordinate_source":"OEP_2026_archivo_21_municipios","coordinate_year":2026,"match_method":"exact_municipality_locality_precinct","match_score":1,"coordinate_status":"official_2026_source_file","georeference_confidence":"high","metropolitan":true,"estimated_coordinate":false},"geometry":{"type":"Point","coordinates":[-63.167183,-17.660915]}},{"type":"Feature","properties":{"province":"Warnes","municipality":"Warnes","locality":"Warnes","precinct_code":5001,"precinct":"Esc. Colegio Julia Said","registered_2026":5522,"tables_2026":23,"coordinate_source":"OEP_2026_archivo_21_municipios","coordinate_year":2026,"match_method":"exact_municipality_locality_precinct","match_score":1,"coordinate_status":"official_2026_source_file","georeference_confidence":"high","metropolitan":true,"estimated_coordinate":false},"geometry":{"type":"Point","coordinates":[-63.164069,-17.512132]}},{"type":"Feature","properties":{"province":"Warnes","municipality":"Warnes","locality":"Warnes","precinct_code":25000,"precinct":"U.E. Ignacio Warnes","registered_2026":7942,"tables_2026":34,"coordinate_source":"OEP_2026_archivo_21_municipios","coordinate_year":2026,"match_method":"exact_municipality_locality_precinct","match_score":1,"coordinate_status":"official_2026_source_file","georeference_confidence":"high","metropolitan":true,"estimated_coordinate":false},"geometry":{"type":"Point","coordinates":[-63.172938,-17.512943]}},{"type":"Feature","properties":{"province":"Warnes","municipality":"Warnes","locality":"Warnes","precinct_code":25002,"precinct":"Esc. Col. Constantino Cuellar","registered_2026":4685,"tables_2026":20,"coordinate_source":"OEP_2026_archivo_21_municipios","coordinate_year":2026,"match_method":"exact_municipality_locality_precinct","match_score":1,"coordinate_status":"official_2026_source_file","georeference_confidence":"high","metropolitan":true,"estimated_coordinate":false},"geometry":{"type":"Point","coordinates":[-63.164066,-17.506498]}},{"type":"Feature","properties":{"province":"Warnes","municipality":"Warnes","locality":"Warnes","precinct_code":25003,"precinct":"Esc. El Jipa","registered_2026":2538,"tables_2026":11,"coordinate_source":"OEP_2026_archivo_21_municipios","coordinate_year":2026,"match_method":"exact_municipality_locality_precinct","match_score":1,"coordinate_status":"official_2026_source_file","georeference_confidence":"high","metropolitan":true,"estimated_coordinate":false},"geometry":{"type":"Point","coordinates":[-63.150359,-17.509196]}},{"type":"Feature","properties":{"province":"Warnes","municipality":"Warnes","locality":"Warnes","precinct_code":25004,"precinct":"U.E. Elvira Castedo Vda. de Jordán","registered_2026":1216,"tables_2026":5,"coordinate_source":"OEP_2026_archivo_21_municipios","coordinate_year":2026,"match_method":"exact_municipality_locality_precinct","match_score":1,"coordinate_status":"official_2026_source_file","georeference_confidence":"high","metropolitan":true,"estimated_coordinate":false},"geometry":{"type":"Point","coordinates":[-63.158486,-17.504683]}},{"type":"Feature","properties":{"province":"Warnes","municipality":"Warnes","locality":"Warnes","precinct_code":25467,"precinct":"U.E. Antonio Anzuati","registered_2026":1550,"tables_2026":7,"coordinate_source":"OEP_2026_archivo_21_municipios","coordinate_year":2026,"match_method":"exact_municipality_locality_precinct","match_score":1,"coordinate_status":"official_2026_source_file","georeference_confidence":"high","metropolitan":true,"estimated_coordinate":false},"geometry":{"type":"Point","coordinates":[-63.171488,-17.536951]}},{"type":"Feature","properties":{"province":"Warnes","municipality":"Warnes","locality":"Warnes","precinct_code":25468,"precinct":"U.E. Paititi","registered_2026":1568,"tables_2026":7,"coordinate_source":"OEP_2026_archivo_21_municipios","coordinate_year":2026,"match_method":"exact_municipality_locality_precinct","match_score":1,"coordinate_status":"official_2026_source_file","georeference_confidence":"high","metropolitan":true,"estimated_coordinate":false},"geometry":{"type":"Point","coordinates":[-63.175175,-17.559798]}},{"type":"Feature","properties":{"province":"Warnes","municipality":"Warnes","locality":"Warnes","precinct_code":25469,"precinct":"U.E. Guajojó","registered_2026":1718,"tables_2026":8,"coordinate_source":"OEP_2026_archivo_21_municipios","coordinate_year":2026,"match_method":"exact_municipality_locality_precinct","match_score":1,"coordinate_status":"official_2026_source_file","georeference_confidence":"high","metropolitan":true,"estimated_coordinate":false},"geometry":{"type":"Point","coordinates":[-63.186153,-17.541123]}},{"type":"Feature","properties":{"province":"Warnes","municipality":"Warnes","locality":"Warnes","precinct_code":25676,"precinct":"U.E. Emilio Finot","registered_2026":2374,"tables_2026":10,"coordinate_source":"OEP_2026_archivo_21_municipios","coordinate_year":2026,"match_method":"exact_municipality_locality_precinct","match_score":1,"coordinate_status":"official_2026_source_file","georeference_confidence":"high","metropolitan":true,"estimated_coordinate":false},"geometry":{"type":"Point","coordinates":[-63.166374,-17.508165]}},{"type":"Feature","properties":{"province":"Warnes","municipality":"Warnes","locality":"Warnes","precinct_code":26378,"precinct":"U.E. Melchor Pinto Parada","registered_2026":767,"tables_2026":4,"coordinate_source":"OEP_2026_archivo_21_municipios","coordinate_year":2026,"match_method":"exact_municipality_locality_precinct","match_score":1,"coordinate_status":"official_2026_source_file","georeference_confidence":"high","metropolitan":true,"estimated_coordinate":false},"geometry":{"type":"Point","coordinates":[-63.167765,-17.520305]}}]}